Country Name,Country Code,Year,gdp_per_capita,inflation_pct,unemployment_pct,gdp_category,decade
Angola,AGO,1991,881.919488130062,83.7837837837837,16.816,Lower-Middle Income,1990s
Australia,AUS,1991,18885.4274465057,3.17666872277308,9.586,High Income,1990s
Austria,AUT,1991,22323.1312492943,3.33742703474791,3.42,High Income,1990s
Burundi,BDI,1991,204.668258398817,8.9969387349433,3.147,Low Income,1990s
Belgium,BEL,1991,21041.6606519648,3.21531069260809,6.984,High Income,1990s
Burkina Faso,BFA,1991,333.70605512636,2.16260052713423,2.467,Low Income,1990s
Bangladesh,BGD,1991,272.064948495878,6.35736412278234,2.2,Low Income,1990s
Bulgaria,BGR,1991,883.736578319325,338.449111470111,11.1,Lower-Middle Income,1990s
Bahrain,BHR,1991,10434.1323962786,0.764419735927608,1.047,High Income,1990s
The Bahamas,BHS,1991,11082.3528573617,7.11468120203627,12.17,High Income,1990s
Belize,BLZ,1991,3190.13098802395,0.761951500806879,9.647,Upper-Middle Income,1990s
Bolivia,BOL,1991,733.935487602519,21.447069817114,2.935,Lower-Middle Income,1990s
Brazil,BRA,1991,2258.10454027063,432.786661926461,6.887,Upper-Middle Income,1990s
Barbados,BRB,1991,7790.26229439159,6.25752663270023,22.41,High Income,1990s
Brunei Darussalam,BRN,1991,23932.1897281583,1.6,4.7,High Income,1990s
Bhutan,BTN,1991,400.634705187075,12.2751729438892,1.381,Low Income,1990s
Botswana,BWA,1991,2938.59442659608,11.7650160839534,13.82,Upper-Middle Income,1990s
Central African Republic,CAF,1991,464.828283626364,-2.76236280675762,5.697,Low Income,1990s
Canada,CAN,1991,21846.7930471354,5.62586408593005,10.316,High Income,1990s
Switzerland,CHE,1991,39544.4946826768,5.85959663468677,1.818,High Income,1990s
Chile,CHL,1991,2798.34262413795,21.7844124277757,5.23,Upper-Middle Income,1990s
China,CHN,1991,334.130288119078,3.55668565220452,2.37,Low Income,1990s
Cote d'Ivoire,CIV,1991,827.241889166985,1.68334849863479,6.595,Lower-Middle Income,1990s
Cameroon,CMR,1991,1014.82897292999,0.0600513305003454,8.986,Lower-Middle Income,1990s
Democratic Republic of the Congo,COD,1991,253.79642770809,2154.4368271134,3.272,Low Income,1990s
"Congo, Rep.",COG,1991,1112.53521242945,-1.67834968956536,19.911,Lower-Middle Income,1990s
Colombia,COL,1991,1485.73971889208,30.3878204854435,10.12,Lower-Middle Income,1990s
Cabo Verde,CPV,1991,831.61388764249,9.5509074131036,13.527,Lower-Middle Income,1990s
Costa Rica,CRI,1991,2253.38191508071,28.7092913706617,5.37,Upper-Middle Income,1990s
Cyprus,CYP,1991,9696.099609375,5.03527438848104,3.0,High Income,1990s
Germany,DEU,1991,23443.3350818536,4.04703259753466,5.316,High Income,1990s
Denmark,DNK,1991,27002.8057705804,2.39515331724416,9.099,High Income,1990s
Dominican Republic,DOM,1991,1345.84673690623,47.0791574105359,6.863,Lower-Middle Income,1990s
Algeria,DZA,1991,1759.11201648229,25.8863869348513,20.6,Lower-Middle Income,1990s
Ecuador,ECU,1991,1587.36049996672,48.718080675219,4.371,Lower-Middle Income,1990s
Egypt,EGY,1991,622.829605007867,19.7485448195578,9.38,Lower-Middle Income,1990s
Spain,ESP,1991,14801.3226152172,5.93421344335924,15.929,High Income,1990s
Ethiopia,ETH,1991,277.565910365091,35.7225982298715,3.284,Low Income,1990s
Finland,FIN,1991,25488.8450525604,4.31021289843465,6.503,High Income,1990s
Fiji,FJI,1991,1774.99211138118,6.49734555984547,4.618,Lower-Middle Income,1990s
France,FRA,1991,21500.7778366233,3.21340732409677,9.134,High Income,1990s
Gabon,GAB,1991,5345.0965303052,-11.6861126920888,17.224,Upper-Middle Income,1990s
United Kingdom,GBR,1991,19900.7266505069,7.46178295746934,8.55,High Income,1990s
Ghana,GHA,1991,418.254121349986,18.0314390089849,3.489,Low Income,1990s
"Gambia, The",GMB,1991,627.578919318827,8.64234325973438,9.778,Lower-Middle Income,1990s
Guinea-Bissau,GNB,1991,672.07387884966,57.5952847505664,3.009,Lower-Middle Income,1990s
Equatorial Guinea,GNQ,1991,225.319378519763,-3.42528735632201,6.677,Low Income,1990s
Greece,GRC,1991,10046.6663875475,19.4558456445745,7.572,High Income,1990s
Guatemala,GTM,1991,1014.40279682682,33.1664219167535,2.197,Lower-Middle Income,1990s
"Hong Kong SAR, China",HKG,1991,15465.9245305858,11.1587982832617,1.8,High Income,1990s
Honduras,HND,1991,722.000657931123,33.9722602535864,4.58,Lower-Middle Income,1990s
Croatia,HRV,1991,4000.91677428625,122.222222222221,11.14,Upper-Middle Income,1990s
Haiti,HTI,1991,496.545987433864,15.4199073669492,7.329,Low Income,1990s
Hungary,HUN,1991,3361.22268037924,34.8175429072704,8.5,Upper-Middle Income,1990s
Indonesia,IDN,1991,624.387495384411,9.41906784347004,2.617,Lower-Middle Income,1990s
India,IND,1991,305.574055928592,13.8702461773683,7.641,Low Income,1990s
Ireland,IRL,1991,14087.2074393708,3.21081037142378,15.771,High Income,1990s
Iran,IRN,1991,2194.43906803657,17.1285679434012,11.1,Lower-Middle Income,1990s
Iraq,IRQ,1991,22.9521327615352,180.952380952381,8.639,Low Income,1990s
Iceland,ISL,1991,27739.8886025504,6.80877887943634,2.548,High Income,1990s
Israel,ISR,1991,14346.0810278646,19.1088798242862,13.387,High Income,1990s
Italy,ITA,1991,22007.1350964074,6.24999929790291,10.097,High Income,1990s
Jamaica,JAM,1991,1710.30058243722,51.0710977304313,6.233,Lower-Middle Income,1990s
Jordan,JOR,1991,1109.65564611997,8.15549597855212,21.439,Lower-Middle Income,1990s
Japan,JPN,1991,29428.4289039469,3.25143848753308,2.059,High Income,1990s
Kenya,KEN,1991,344.722642127742,20.0844955754632,2.78,Low Income,1990s
South Korea,KOR,1991,7872.65052449111,9.33279048161495,2.407,High Income,1990s
Kuwait,KWT,1991,8147.10807329839,9.05818836232758,0.884,High Income,1990s
Laos,LAO,1991,231.806227548139,13.4415584415586,2.497,Low Income,1990s
Libya,LBY,1991,7039.83391970596,11.8960953011251,18.601,High Income,1990s
St. Lucia,LCA,1991,4398.67906897723,6.14955053119049,16.521,Upper-Middle Income,1990s
Sri Lanka,LKA,1991,546.292515570886,12.1856307214389,14.661,Lower-Middle Income,1990s
Lesotho,LSO,1991,382.291247739142,17.6781002638523,15.495,Low Income,1990s
Luxembourg,LUX,1991,35747.3377992066,3.11835659874851,1.482,High Income,1990s
"Macao SAR, China",MAC,1991,10707.3786750774,9.5688776593484,3.01,High Income,1990s
Morocco,MAR,1991,1292.23376464844,7.98616600790512,13.502,Lower-Middle Income,1990s
Madagascar,MDG,1991,262.024402380479,8.59264760490192,6.169,Low Income,1990s
Maldives,MDV,1991,1054.33413828759,14.7136770282735,0.788,Lower-Middle Income,1990s
Mexico,MEX,1991,3708.8420548157,22.662359455061,3.145,Upper-Middle Income,1990s
Mali,MLI,1991,381.993534670324,1.80042722001858,1.399,Low Income,1990s
Malta,MLT,1991,7558.75921583164,2.54219284786975,6.335,High Income,1990s
Myanmar,MMR,1991,51.2408970610106,32.2720382866416,0.828,Low Income,1990s
Mauritania,MRT,1991,1061.67704285264,5.62866666666699,9.971,Lower-Middle Income,1990s
Mauritius,MUS,1991,2705.26648158805,7.00101377541879,9.493,Upper-Middle Income,1990s
Malawi,MWI,1991,325.75273105931,12.6153153828849,4.9,Low Income,1990s
Malaysia,MYS,1991,2679.20101106745,4.358333333333,3.7,Upper-Middle Income,1990s
Niger,NER,1991,384.44311679922,-7.79664179104467,1.588,Low Income,1990s
Nigeria,NGA,1991,596.938795710722,13.0069731037428,3.831,Lower-Middle Income,1990s
Netherlands,NLD,1991,21764.2144987258,3.15819751859096,7.285,High Income,1990s
Norway,NOR,1991,28596.9330036444,3.43819599109134,5.407,High Income,1990s
Nepal,NPL,1991,195.716621410462,15.5574529276949,10.465,Low Income,1990s
New Zealand,NZL,1991,12230.0734548834,2.60239285999773,10.614,High Income,1990s
Pakistan,PAK,1991,380.019843346229,11.7912703351416,0.596,Low Income,1990s
Panama,PAN,1991,2820.54547665418,1.25626077674688,6.443,Upper-Middle Income,1990s
Peru,PER,1991,1527.38879472866,409.530166622023,4.926,Lower-Middle Income,1990s
Philippines,PHL,1991,804.323330530547,19.2614585266282,3.727,Lower-Middle Income,1990s
Papua New Guinea,PNG,1991,941.707721616563,6.96568127760753,2.793,Lower-Middle Income,1990s
Poland,POL,1991,2235.54108862522,76.7694992087347,13.621,Upper-Middle Income,1990s
Portugal,PRT,1991,8958.9853330247,11.8494841773675,3.919,High Income,1990s
Paraguay,PRY,1991,1685.26890082621,24.2253521126763,5.1,Lower-Middle Income,1990s
Qatar,QAT,1991,15133.4969397069,4.41729323308255,0.87,High Income,1990s
Romania,ROU,1991,1254.3124421298,230.622494900178,8.23,Lower-Middle Income,1990s
Rwanda,RWA,1991,253.966902025944,19.6371658148373,12.335,Low Income,1990s
Saudi Arabia,SAU,1991,11847.1699534218,4.86111111111137,7.316,High Income,1990s
Sudan,SDN,1991,1617.55676269531,123.578126902936,15.619,Lower-Middle Income,1990s
Senegal,SEN,1991,913.399575796737,-1.75355690199309,2.861,Lower-Middle Income,1990s
Singapore,SGP,1991,14502.3799938606,3.42570173078643,2.18,High Income,1990s
Solomon Islands,SLB,1991,665.833104132659,15.050130775937,1.967,Lower-Middle Income,1990s
El Salvador,SLV,1991,955.826897421092,14.4026748806266,7.53,Lower-Middle Income,1990s
Suriname,SUR,1991,1079.72521342705,25.9674625060223,17.189,Lower-Middle Income,1990s
Slovenia,SVN,1991,7229.31149788617,114.832935589747,7.08,High Income,1990s
Sweden,SWE,1991,31776.6680192213,9.44462732944189,3.243,High Income,1990s
Eswatini,SWZ,1991,1273.01224518903,8.93430656934288,20.521,Lower-Middle Income,1990s
Syria,SYR,1991,1000.07798684947,9.00000000000003,6.75,Lower-Middle Income,1990s
Chad,TCD,1991,302.487268390603,3.19387473029496,0.668,Low Income,1990s
Togo,TGO,1991,549.808011573,0.387081797870757,4.057,Lower-Middle Income,1990s
Thailand,THA,1991,1765.62267359529,5.70985259891396,2.63,Lower-Middle Income,1990s
Tonga,TON,1991,1323.40098550339,10.5954493994793,1.348,Lower-Middle Income,1990s
Trinidad and Tobago,TTO,1991,4205.37778348016,3.78310214375795,18.52,Upper-Middle Income,1990s
Tunisia,TUN,1991,1537.87916511306,8.19371509544085,15.935,Lower-Middle Income,1990s
Turkiye,TUR,1991,2649.27259974439,65.978567991895,8.21,Upper-Middle Income,1990s
Tanzania,TZA,1991,276.452453613281,28.695652173913,3.6,Low Income,1990s
Uruguay,URY,1991,3589.01541942634,101.971683202507,8.95,Upper-Middle Income,1990s
United States,USA,1991,24342.2589048189,4.23496396453849,6.8,High Income,1990s
St. Vincent and the Grenadines,VCT,1991,2270.76357246912,5.49200387001333,19.77,Upper-Middle Income,1990s
Vanuatu,VUT,1991,1326.37321256212,6.46913580246914,7.976,Lower-Middle Income,1990s
Samoa,WSM,1991,741.563963808482,-1.81919798798399,2.1,Lower-Middle Income,1990s
Yemen,YEM,1991,1016.30223044813,36.0,8.428,Lower-Middle Income,1990s
South Africa,ZAF,1991,3243.23616023953,15.3347785733672,23.137,Upper-Middle Income,1990s
Zambia,ZMB,1991,423.071256835592,97.6423231742383,18.9,Low Income,1990s
Angola,AGO,1992,668.706017459877,299.509803921568,16.959,Lower-Middle Income,1990s
Albania,ALB,1992,200.852219772323,226.005421253525,30.007,Low Income,1990s
Australia,AUS,1992,18650.3675476612,1.01222824105977,10.733,High Income,1990s
Austria,AUT,1992,24782.7118767063,4.02084780038554,3.59,High Income,1990s
Azerbaijan,AZE,1992,60.2351205405972,-10.63009715762,1.8,Low Income,1990s
Burundi,BDI,1992,184.868970456447,1.82333333333307,3.131,Low Income,1990s
Belgium,BEL,1992,23372.619171015,2.42795567164615,6.702,High Income,1990s
Burkina Faso,BFA,1992,348.592443894547,-1.99113580736894,2.505,Low Income,1990s
Bangladesh,BGD,1992,273.465072520272,3.63407691798491,2.233,Low Income,1990s
Bulgaria,BGR,1992,1007.34454544881,91.2979327269303,15.3,Lower-Middle Income,1990s
Bahrain,BHR,1992,10460.1583222808,-0.172413793103312,0.968,High Income,1990s
The Bahamas,BHS,1992,10873.4047501635,5.73819886173447,14.81,High Income,1990s
Belize,BLZ,1992,3642.9480634402,2.39670073025188,9.654,Upper-Middle Income,1990s
Bolivia,BOL,1992,759.57113496365,12.0603236018289,3.03,Lower-Middle Income,1990s
Brazil,BRA,1992,2127.29083011489,951.962053052817,7.086,Lower-Middle Income,1990s
Barbados,BRB,1992,7519.20143544898,6.09389302994638,22.94,High Income,1990s
Brunei Darussalam,BRN,1992,23450.8964055243,1.27952755905514,4.791,High Income,1990s
Bhutan,BTN,1992,415.791522568451,15.9752173615389,1.391,Low Income,1990s
Botswana,BWA,1992,3004.61263362306,16.1676123963339,16.33,Upper-Middle Income,1990s
Central African Republic,CAF,1992,461.587303490896,-1.03360811667777,5.825,Low Income,1990s
Canada,CAN,1992,20950.3305287651,1.49013290374545,11.197,High Income,1990s
Switzerland,CHE,1992,40713.6881521435,4.03703020778739,2.344,High Income,1990s
Chile,CHL,1992,3351.84108855522,15.4258064688927,4.35,Upper-Middle Income,1990s
China,CHN,1992,367.822651903542,6.35398134024868,2.37,Low Income,1990s
Cote d'Ivoire,CIV,1992,844.902223806738,4.23138382869967,6.7,Lower-Middle Income,1990s
Cameroon,CMR,1992,1005.44897647465,-0.0160550458717418,9.055,Lower-Middle Income,1990s
Democratic Republic of the Congo,COD,1992,209.726548794417,4129.16985661558,3.372,Low Income,1990s
"Congo, Rep.",COG,1992,1164.22442980292,-3.93546810070881,19.916,Lower-Middle Income,1990s
Colombia,COL,1992,1730.39091795329,27.010626623136,9.44,Lower-Middle Income,1990s
Cabo Verde,CPV,1992,907.847909529157,3.1166643268286,13.428,Lower-Middle Income,1990s
Costa Rica,CRI,1992,2612.38756453737,21.7911687900609,3.93,Upper-Middle Income,1990s
Cyprus,CYP,1992,11310.072265625,6.51021953065818,2.09,High Income,1990s
Czechia,CZE,1992,3396.70972430469,11.086500072223,2.6,Upper-Middle Income,1990s
Germany,DEU,1992,26559.8543879632,5.0569779673173,6.323,High Income,1990s
Denmark,DNK,1992,29579.4913648682,2.09604442933213,9.027,High Income,1990s
Dominican Republic,DOM,1992,1558.29782071075,4.25902638893392,6.669,Lower-Middle Income,1990s
Algeria,DZA,1992,1802.69300801289,31.6696619117149,24.38,Lower-Middle Income,1990s
Ecuador,ECU,1992,1655.44613192632,54.6078215093596,4.333,Lower-Middle Income,1990s
Egypt,EGY,1992,680.79923864551,13.6374241717218,8.92,Lower-Middle Income,1990s
Spain,ESP,1992,16100.6799428032,5.92453126228489,17.697,High Income,1990s
Ethiopia,ETH,1992,207.406400863847,10.5274440119592,3.416,Low Income,1990s
Finland,FIN,1992,22320.1124695857,2.91932319285011,11.595,High Income,1990s
Fiji,FJI,1992,1951.25592930351,4.88302271568615,4.64,Lower-Middle Income,1990s
France,FRA,1992,23615.0168565483,2.36376046269355,10.203,High Income,1990s
Gabon,GAB,1992,5385.68811745078,-9.54291330336575,17.716,Upper-Middle Income,1990s
United Kingdom,GBR,1992,20487.1707852878,4.59154929577461,9.772,High Income,1990s
Ghana,GHA,1992,396.426407640517,10.0561167448841,4.7,Low Income,1990s
"Gambia, The",GMB,1992,623.485927783598,9.48654250617163,9.888,Lower-Middle Income,1990s
Guinea-Bissau,GNB,1992,574.32110641811,69.5836363993793,3.083,Lower-Middle Income,1990s
Equatorial Guinea,GNQ,1992,263.733547088944,-4.27874315639129,6.878,Low Income,1990s
Greece,GRC,1992,11021.012224607,15.8770737923919,8.927,High Income,1990s
Guatemala,GTM,1992,1096.45976992698,10.0459179984088,2.163,Lower-Middle Income,1990s
"Hong Kong SAR, China",HKG,1992,17976.4688629053,9.65250965250966,1.96,High Income,1990s
Honduras,HND,1992,782.111518709432,8.75988625255494,3.06,Lower-Middle Income,1990s
Croatia,HRV,1992,2321.15204123035,625.000000000001,10.974,Upper-Middle Income,1990s
Haiti,HTI,1992,316.276513134354,19.358494654122,7.387,Low Income,1990s
Hungary,HUN,1992,3747.32966394956,23.6557207806552,9.942,Upper-Middle Income,1990s
Indonesia,IDN,1992,673.67103954742,7.52351006242677,2.734,Lower-Middle Income,1990s
India,IND,1992,319.182472626315,11.7878170418134,7.649,Low Income,1990s
Ireland,IRL,1992,15714.3847487231,3.06999853835904,15.021,High Income,1990s
Iran,IRN,1992,1957.48507794252,25.8077226162332,10.653,Lower-Middle Income,1990s
Iraq,IRQ,1992,30.2539012636825,83.615819209039,8.346,Low Income,1990s
Iceland,ISL,1992,28072.4041083276,3.94771176824031,4.305,High Income,1990s
Israel,ISR,1992,15509.9913638817,12.0653319283457,14.08,High Income,1990s
Italy,ITA,1992,23297.0460325456,5.2705899859293,9.321,High Income,1990s
Jamaica,JAM,1992,1458.10146892635,77.2965929559651,6.383,Lower-Middle Income,1990s
Jordan,JOR,1992,1286.6347360596,3.9958356055719,19.947,Lower-Middle Income,1990s
Japan,JPN,1992,31992.7902119161,1.7602830605927,2.158,High Income,1990s
Kenya,KEN,1992,336.68139978696,27.3323644475784,2.894,Low Income,1990s
South Korea,KOR,1992,8387.16308258471,6.21328146355184,2.513,High Income,1990s
Kuwait,KWT,1992,12146.19505586,-0.54547121378821,0.878,High Income,1990s
Laos,LAO,1992,247.345286150532,9.86452966991032,2.71,Low Income,1990s
Libya,LBY,1992,7302.68908679226,9.35975158953135,18.828,High Income,1990s
St. Lucia,LCA,1992,4759.83867808296,5.13889779944828,16.549,Upper-Middle Income,1990s
Sri Lanka,LKA,1992,579.655117618283,11.3834370512206,14.22,Lower-Middle Income,1990s
Lesotho,LSO,1992,443.624297195576,17.2085201793721,15.448,Low Income,1990s
Luxembourg,LUX,1992,39570.8615665986,3.15417375961789,2.029,High Income,1990s
"Macao SAR, China",MAC,1992,13249.8387410349,7.71392168356611,2.196,High Income,1990s
Morocco,MAR,1992,1327.02954101563,5.7402466286874,13.781,Lower-Middle Income,1990s
Moldova,MDA,1992,778.017667420102,1026.82626424702,3.7,Lower-Middle Income,1990s
Madagascar,MDG,1992,290.2120463948,14.5123786075771,6.275,Low Income,1990s
Maldives,MDV,1992,1194.2325242813,16.8559977535548,0.789,Lower-Middle Income,1990s
Mexico,MEX,1992,4220.56643677057,15.5078962533573,3.235,Upper-Middle Income,1990s
Mali,MLI,1992,385.278654489301,-6.24250599520425,1.483,Low Income,1990s
Malta,MLT,1992,8220.33403924666,1.63321209889045,6.333,High Income,1990s
Myanmar,MMR,1992,58.8896739558883,21.9132104007913,0.796,Low Income,1990s
Mauritania,MRT,1992,1036.47437808576,10.141817562151,10.052,Lower-Middle Income,1990s
Mauritius,MUS,1992,3013.23706337167,4.64351929883709,9.428,Upper-Middle Income,1990s
Malawi,MWI,1992,258.393430877557,23.7513530230399,5.064,Low Income,1990s
Malaysia,MYS,1992,3141.43321987651,4.76722829992821,3.71,Upper-Middle Income,1990s
Niger,NER,1992,384.029657304316,-4.47561790247176,1.569,Low Income,1990s
Nigeria,NGA,1992,508.515905682785,44.588842715023,3.79,Low Income,1990s
Netherlands,NLD,1992,23939.2173482108,3.18358569499581,5.555,High Income,1990s
Norway,NOR,1992,30523.9850558974,2.32808504911848,5.91,High Income,1990s
Nepal,NPL,1992,165.02959412726,17.1495236243439,10.473,Low Income,1990s
New Zealand,NZL,1992,11793.1392416214,1.01456027171236,10.667,High Income,1990s
Pakistan,PAK,1992,395.67720859593,9.5090414619015,0.587,Low Income,1990s
Panama,PAN,1992,3139.89952899581,1.82452156989957,6.317,Upper-Middle Income,1990s
Peru,PER,1992,1567.40910765128,73.5282942442641,5.068,Lower-Middle Income,1990s
Philippines,PHL,1992,916.515694532029,8.65100357865265,3.849,Lower-Middle Income,1990s
Papua New Guinea,PNG,1992,1050.7071689258,4.30961457009748,2.608,Lower-Middle Income,1990s
Poland,POL,1992,2459.02068468253,46.0985621037431,13.645,Upper-Middle Income,1990s
Portugal,PRT,1992,10810.5665079626,9.55926033177508,3.985,High Income,1990s
Paraguay,PRY,1992,1682.67444777611,15.192743764172,4.98,Lower-Middle Income,1990s
Qatar,QAT,1992,16280.2938815273,3.06030603060311,0.87,High Income,1990s
Romania,ROU,1992,1102.10378473246,211.205587610082,8.26,Lower-Middle Income,1990s
Rwanda,RWA,1992,264.083914517464,9.56041187600816,12.114,Low Income,1990s
Saudi Arabia,SAU,1992,11730.2687665244,-0.0770060064690921,7.2,High Income,1990s
Sudan,SDN,1992,252.610092163086,117.624468896394,15.668,Low Income,1990s
Senegal,SEN,1992,951.204960087807,-0.109942967085665,2.928,Lower-Middle Income,1990s
Singapore,SGP,1992,16136.2405377661,2.26307118702851,3.09,High Income,1990s
Solomon Islands,SLB,1992,763.857968549522,10.7511603675285,1.851,Lower-Middle Income,1990s
El Salvador,SLV,1992,1040.78164082019,11.2144813801987,7.88,Lower-Middle Income,1990s
Suriname,SUR,1992,968.895253466926,43.6661783854171,17.28,Lower-Middle Income,1990s
Slovak Republic,SVK,1992,2959.33644860111,9.89350519771167,12.185,Upper-Middle Income,1990s
Slovenia,SVN,1992,7151.15243829224,209.933731186822,7.83,High Income,1990s
Sweden,SWE,1992,32753.4287003642,2.37436725111881,5.722,High Income,1990s
Eswatini,SWZ,1992,1361.8169795148,7.55829536317337,20.947,Lower-Middle Income,1990s
Syria,SYR,1992,990.138251191708,11.0091743119265,6.949,Lower-Middle Income,1990s
Chad,TCD,1992,290.648286132566,-3.11303067214949,0.658,Low Income,1990s
Togo,TGO,1992,564.71733648074,1.39378663675938,4.209,Lower-Middle Income,1990s
Thailand,THA,1992,1971.60879910694,4.13914575077056,1.35,Lower-Middle Income,1990s
Tonga,TON,1992,1370.36142598699,7.93698012192874,1.349,Lower-Middle Income,1990s
Trinidad and Tobago,TTO,1992,4277.47436935604,6.43985419198061,19.66,Upper-Middle Income,1990s
Tunisia,TUN,1992,1784.81850188268,5.82434514637906,15.598,Lower-Middle Income,1990s
Turkiye,TUR,1992,2743.65320297936,70.0761038690374,8.509,Upper-Middle Income,1990s
Tanzania,TZA,1992,250.329925537109,21.8468468468473,3.683,Low Income,1990s
Uruguay,URY,1992,4101.71054155291,68.4591938395374,8.96,Upper-Middle Income,1990s
United States,USA,1992,25418.9907763319,3.02881967814969,7.5,High Income,1990s
St. Vincent and the Grenadines,VCT,1992,2470.51840791008,3.46353042727654,19.558,Upper-Middle Income,1990s
Vanuatu,VUT,1992,1343.68942861831,4.0584415584416,7.945,Lower-Middle Income,1990s
Samoa,WSM,1992,776.740824409711,9.03113792907172,2.439,Lower-Middle Income,1990s
Yemen,YEM,1992,1198.13031674085,29.4117647058824,8.351,Lower-Middle Income,1990s
South Africa,ZAF,1992,3462.39400202835,13.874703748615,23.463,Upper-Middle Income,1990s
Zambia,ZMB,1992,389.254665832226,165.70652700999,19.568,Low Income,1990s
Angola,AGO,1993,449.727894936295,1378.52760736196,17.44,Low Income,1990s
Albania,ALB,1993,367.279225077581,85.0047512387156,25.251,Low Income,1990s
Australia,AUS,1993,17724.5399501656,1.75365751770527,10.879,High Income,1990s
Austria,AUT,1993,23987.2037240657,3.6317852494318,4.25,High Income,1990s
Azerbaijan,AZE,1993,209.530954548425,1128.00002429404,4.5,Low Income,1990s
Burundi,BDI,1993,165.344120319403,9.67934658067928,3.094,Low Income,1990s
Belgium,BEL,1993,22283.9360213551,2.75442643473462,8.078,High Income,1990s
Benin,BEN,1993,387.310054813122,0.440599214931793,1.494,Low Income,1990s
Burkina Faso,BFA,1993,324.111576707435,0.553455723541917,2.426,Low Income,1990s
Bangladesh,BGD,1993,280.757274450366,3.01481859989798,2.31,Low Income,1990s
Bulgaria,BGR,1993,1278.52511370319,72.8787913866333,16.4,Lower-Middle Income,1990s
Bahrain,BHR,1993,11151.871495742,2.53886010362695,0.882,High Income,1990s
The Bahamas,BHS,1993,10613.0658785813,2.7228976697059,12.72,High Income,1990s
Belarus,BLR,1993,1589.51011343649,1190.22923349187,8.5,Lower-Middle Income,1990s
Belize,BLZ,1993,3859.6584437307,1.47259694693679,9.78,Upper-Middle Income,1990s
Bolivia,BOL,1993,756.637016048451,8.52787695688002,3.05,Lower-Middle Income,1990s
Brazil,BRA,1993,2348.90635436384,1927.38079016026,6.03,Upper-Middle Income,1990s
Barbados,BRB,1993,7904.70762426389,1.11343933604482,24.54,High Income,1990s
Brunei Darussalam,BRN,1993,22397.0737447404,4.25170068027212,4.903,High Income,1990s
Bhutan,BTN,1993,407.39984249657,11.1980165874679,1.418,Low Income,1990s
Botswana,BWA,1993,2929.43119022452,14.3308033365887,18.761,Upper-Middle Income,1990s
Central African Republic,CAF,1993,404.954546941526,-2.91535849298334,5.897,Low Income,1990s
Canada,CAN,1993,20186.7988782965,1.86507936507938,11.377,High Income,1990s
Switzerland,CHE,1993,39237.1186558781,3.29262180313606,3.551,High Income,1990s
Chile,CHL,1993,3540.91377313015,12.7277669490963,4.49,Upper-Middle Income,1990s
China,CHN,1993,378.939353053314,14.6100786356602,2.69,Low Income,1990s
Cote d'Ivoire,CIV,1993,804.149657211252,2.16471453976754,5.869,Lower-Middle Income,1990s
Cameroon,CMR,1993,1309.93629975506,-3.20655456915868,9.154,Lower-Middle Income,1990s
Democratic Republic of the Congo,COD,1993,263.335582841074,1986.90476190475,3.45,Low Income,1990s
"Congo, Rep.",COG,1993,1034.37200809816,4.92366412213743,19.99,Lower-Middle Income,1990s
Colombia,COL,1993,1929.26721811738,22.4424828533275,7.8,Lower-Middle Income,1990s
Cabo Verde,CPV,1993,1220.04997868613,5.78839590443697,13.276,Lower-Middle Income,1990s
Costa Rica,CRI,1993,2840.38706479397,9.77860078293776,3.95,Upper-Middle Income,1990s
Cyprus,CYP,1993,10526.1416015625,4.85416666666692,2.7,High Income,1990s
Czechia,CZE,1993,3984.1463439879,20.8130295438428,4.349,Upper-Middle Income,1990s
Germany,DEU,1993,25616.6508772405,4.47457650752808,7.675,High Income,1990s
Denmark,DNK,1993,27581.7241097459,1.2578566795326,10.719,High Income,1990s
Dominican Republic,DOM,1993,1722.41995993981,5.2503388069097,6.322,Lower-Middle Income,1990s
Algeria,DZA,1993,1831.04800976449,20.5403261235826,26.23,Lower-Middle Income,1990s
Ecuador,ECU,1993,1697.88884141445,44.9550537592163,4.403,Lower-Middle Income,1990s
Egypt,EGY,1993,740.334217356418,12.0897922868977,10.92,Lower-Middle Income,1990s
Spain,ESP,1993,13330.3798192211,4.56907173681813,22.156,High Income,1990s
Estonia,EST,1993,2685.90889287357,89.8119490277274,6.544,Upper-Middle Income,1990s
Ethiopia,ETH,1993,168.520401400989,3.54306596166032,3.252,Low Income,1990s
Finland,FIN,1993,17588.6781715509,2.19065319556436,16.201,High Income,1990s
Fiji,FJI,1993,2070.04734110195,5.20658925195764,4.694,Lower-Middle Income,1990s
France,FRA,1993,22238.8250618434,2.10446277124642,11.32,High Income,1990s
Gabon,GAB,1993,4105.98701339331,0.533746556474191,17.78,Upper-Middle Income,1990s
United Kingdom,GBR,1993,18389.0195675099,2.55857796929705,10.346,High Income,1990s
Ghana,GHA,1993,359.800844097528,24.9598424742497,5.231,Low Income,1990s
"Gambia, The",GMB,1993,635.3611677282,6.46380422753847,9.917,Lower-Middle Income,1990s
Guinea-Bissau,GNB,1993,581.612681813953,48.1081660687067,3.143,Lower-Middle Income,1990s
Equatorial Guinea,GNQ,1993,256.683023652574,5.4522847373328,7.024,Low Income,1990s
Greece,GRC,1993,10257.3085789073,14.4112644439349,10.177,High Income,1990s
Guatemala,GTM,1993,1165.67442716224,11.8196901746257,2.133,Lower-Middle Income,1990s
"Hong Kong SAR, China",HKG,1993,20395.5621886121,8.80281690140857,1.96,High Income,1990s
Honduras,HND,1993,772.74224772986,10.748646716372,3.098,Lower-Middle Income,1990s
Croatia,HRV,1993,2447.50319141761,1500.0,10.779,Upper-Middle Income,1990s
Haiti,HTI,1993,258.066372258817,29.7059715065172,7.534,Low Income,1990s
Hungary,HUN,1993,3886.66608419616,22.4642346133809,12.098,Upper-Middle Income,1990s
Indonesia,IDN,1993,817.395116417856,9.6719108926401,2.782,Lower-Middle Income,1990s
India,IND,1993,302.884806246174,6.32689048779867,7.662,Low Income,1990s
Ireland,IRL,1993,14657.0615549805,1.46941522411422,15.571,High Income,1990s
Iran,IRN,1993,1038.10985682067,21.2026307547761,10.573,Lower-Middle Income,1990s
Iraq,IRQ,1993,53.7437842348819,207.692307692309,8.36,Low Income,1990s
Iceland,ISL,1993,24404.0275812365,4.04285291076947,5.257,High Income,1990s
Israel,ISR,1993,15178.8399875391,10.8838740009403,12.741,High Income,1990s
Italy,ITA,1993,18781.9529427137,4.62673468331298,10.212,High Income,1990s
Jamaica,JAM,1993,2220.51518327186,22.0699494185292,6.235,Upper-Middle Income,1990s
Jordan,JOR,1993,1289.4145431007,3.31666666666706,19.7,Lower-Middle Income,1990s
Japan,JPN,1993,36345.2441262708,1.24304589707924,2.539,High Income,1990s
Kenya,KEN,1993,228.998032843434,45.9788813036218,2.979,Low Income,1990s
South Korea,KOR,1993,9179.96872485152,4.80099660215354,2.878,High Income,1990s
Kuwait,KWT,1993,14317.7209419057,0.382541365165916,0.8,High Income,1990s
Laos,LAO,1993,283.400573286349,6.26722241519029,2.732,Low Income,1990s
Libya,LBY,1993,6477.87035840641,11.0735532720389,19.006,High Income,1990s
St. Lucia,LCA,1993,4764.72464839218,0.848181596289603,16.8,Upper-Middle Income,1990s
Sri Lanka,LKA,1993,607.231847102846,11.7467370174946,13.82,Lower-Middle Income,1990s
Lesotho,LSO,1993,439.365410681482,13.1356607683724,15.568,Low Income,1990s
Luxembourg,LUX,1993,40066.7242518773,3.58809818535164,2.33,High Income,1990s
"Macao SAR, China",MAC,1993,14754.1825906333,6.70588552770043,2.057,High Income,1990s
Morocco,MAR,1993,1226.43054199219,5.18311396030801,14.026,Lower-Middle Income,1990s
Moldova,MDA,1993,796.989388848336,1613.60398876194,3.7,Lower-Middle Income,1990s
Madagascar,MDG,1993,307.887603096441,10.008361204014,6.317,Low Income,1990s
Maldives,MDV,1993,1316.614548774,20.1273593149248,0.796,Lower-Middle Income,1990s
Mexico,MEX,1993,6048.34840388099,9.75146045357553,3.365,High Income,1990s
Mali,MLI,1993,372.412257655559,-0.263767884261804,1.419,Low Income,1990s
Malta,MLT,1993,7296.35111127489,4.14481954180488,6.332,High Income,1990s
Myanmar,MMR,1993,76.212889482598,31.83160687276,0.779,Low Income,1990s
Mongolia,MNG,1993,354.898613087701,268.150488882784,5.859,Low Income,1990s
Mauritania,MRT,1993,849.620301696661,9.37034415971461,9.85,Lower-Middle Income,1990s
Mauritius,MUS,1993,3013.83313790492,10.5178384472896,9.5,Upper-Middle Income,1990s
Malawi,MWI,1993,293.016883079922,22.7727102336625,4.988,Low Income,1990s
Malaysia,MYS,1993,3461.99504214189,3.53658536585389,4.11,Upper-Middle Income,1990s
Niger,NER,1993,335.429581902384,-1.21503496503496,1.541,Low Income,1990s
Nigeria,NGA,1993,539.573202297542,57.1652528349217,4.023,Low Income,1990s
Netherlands,NLD,1993,23156.4404444568,2.58418115634715,6.287,High Income,1990s
Norway,NOR,1993,27963.6979095744,2.28826933193061,5.965,High Income,1990s
Nepal,NPL,1993,172.805202579767,7.50539419087105,10.492,Low Income,1990s
New Zealand,NZL,1993,13094.3454502639,1.28820776574386,9.804,High Income,1990s
Pakistan,PAK,1993,407.888140688466,9.97366476029209,0.596,Low Income,1990s
Panama,PAN,1993,3358.41411740053,0.453930078840388,6.374,Upper-Middle Income,1990s
Peru,PER,1993,1487.67404314175,48.5799864468885,4.795,Lower-Middle Income,1990s
Philippines,PHL,1993,918.642953796961,6.71631104109973,3.869,Lower-Middle Income,1990s
Papua New Guinea,PNG,1993,1151.28388116601,4.97411430311646,2.382,Lower-Middle Income,1990s
Poland,POL,1993,2497.13055936127,36.9641666120718,14.393,Upper-Middle Income,1990s
Portugal,PRT,1993,9534.6563637308,6.78377994665407,5.301,High Income,1990s
Paraguay,PRY,1993,1661.70955306218,18.2086614173228,5.06,Lower-Middle Income,1990s
Qatar,QAT,1993,14769.7193322522,-0.8733624454148,0.87,High Income,1990s
Romania,ROU,1993,1158.05632799712,255.166861826698,8.251,Lower-Middle Income,1990s
Russia,RUS,1993,2930.67016601563,874.245720380188,5.883,Upper-Middle Income,1990s
Rwanda,RWA,1993,247.023318476014,12.3543887630448,12.155,Low Income,1990s
Saudi Arabia,SAU,1993,10884.8607880777,1.05579531442695,7.002,High Income,1990s
Sudan,SDN,1993,312.693908691406,101.380423763812,15.51,Low Income,1990s
Senegal,SEN,1993,877.52900343803,-0.586434615120184,2.878,Lower-Middle Income,1990s
Singapore,SGP,1993,18290.130113185,2.28929964388641,3.07,High Income,1990s
Solomon Islands,SLB,1993,828.869997791691,9.16866233321985,1.829,Lower-Middle Income,1990s
El Salvador,SLV,1993,1180.26854267621,18.5066883302714,9.94,Lower-Middle Income,1990s
Suriname,SUR,1993,1022.44583519896,143.51155848349,15.64,Lower-Middle Income,1990s
Slovak Republic,SVK,1993,3143.10143068756,23.287027664545,12.2,Upper-Middle Income,1990s
Slovenia,SVN,1993,7254.58887417768,31.7621306305932,8.51,High Income,1990s
Sweden,SWE,1993,24389.8738124128,4.72817304626049,9.33,High Income,1990s
Eswatini,SWZ,1993,1397.26593317978,12.0234238724148,21.76,Lower-Middle Income,1990s
Syria,SYR,1993,992.771367475098,13.2231404958679,7.4,Lower-Middle Income,1990s
Chad,TCD,1993,220.729964903293,-8.427933486518,0.7,Low Income,1990s
Togo,TGO,1993,414.013995214907,-1.00688168855034,4.507,Low Income,1990s
Thailand,THA,1993,2245.13688708983,3.31219168428468,1.49,Upper-Middle Income,1990s
Tonga,TON,1993,1383.47386584881,0.960904460459173,1.3,Lower-Middle Income,1990s
Trinidad and Tobago,TTO,1993,3646.71231742803,10.835235920852,19.81,Upper-Middle Income,1990s
Tunisia,TUN,1993,1649.18537309075,3.9749563191613,15.948,Lower-Middle Income,1990s
Turkiye,TUR,1993,3057.93737480422,66.0938429820004,8.962,Upper-Middle Income,1990s
Tanzania,TZA,1993,224.491546630859,25.277264325323,3.892,Low Income,1990s
Ukraine,UKR,1993,1254.02868652344,4734.91434744585,2.0,Lower-Middle Income,1990s
Uruguay,URY,1993,4753.00924682647,54.1007924425194,8.35,Upper-Middle Income,1990s
United States,USA,1993,26387.2937338171,2.95165696638559,6.9,High Income,1990s
St. Vincent and the Grenadines,VCT,1993,2539.64968649849,4.29137553446651,19.681,Upper-Middle Income,1990s
Vanuatu,VUT,1993,1257.29387486656,3.56585691999116,8.262,Lower-Middle Income,1990s
Samoa,WSM,1993,774.988631552282,1.71509123658868,2.689,Lower-Middle Income,1990s
Yemen,YEM,1993,1396.61544419009,35.7522980164491,8.343,Lower-Middle Income,1990s
South Africa,ZAF,1993,3399.64009566241,9.71742729803028,23.361,Upper-Middle Income,1990s
Zambia,ZMB,1993,390.916673784646,183.312041464393,19.7,Low Income,1990s
Angola,AGO,1994,334.973590276074,949.792531120331,17.444,Low Income,1990s
Albania,ALB,1994,586.416135130865,22.5650526933695,20.835,Lower-Middle Income,1990s
Armenia,ARM,1994,390.879964297655,3373.75944336293,6.6,Low Income,1990s
Australia,AUS,1994,18155.6282000179,1.96963507094102,9.724,High Income,1990s
Austria,AUT,1994,25546.2460525087,2.9534093676108,3.535,High Income,1990s
Azerbaijan,AZE,1994,157.063549947072,1662.21594875899,6.3,Low Income,1990s
Burundi,BDI,1994,161.892584261635,14.8528149833969,3.106,Low Income,1990s
Belgium,BEL,1994,24208.5547931447,2.377540844764,9.645,High Income,1990s
Benin,BEN,1994,262.129807445074,38.5308661668537,1.453,Low Income,1990s
Burkina Faso,BFA,1994,187.21142372606,25.1778762249962,2.58,Low Income,1990s
Bangladesh,BGD,1994,280.603031791216,5.31374007936497,2.37,Low Income,1990s
Bulgaria,BGR,1994,1149.89464008734,96.0573382686505,12.8,Lower-Middle Income,1990s
Bahrain,BHR,1994,11629.3595219612,0.816910897759778,1.007,High Income,1990s
The Bahamas,BHS,1994,10991.2346674131,1.39933423745548,13.83,High Income,1990s
Belarus,BLR,1994,1460.00791360458,2221.01656992039,12.8,Lower-Middle Income,1990s
Belize,BLZ,1994,3876.69327011457,2.56934304644295,11.1,Upper-Middle Income,1990s
Bolivia,BOL,1994,774.035669644318,7.87404421467434,3.08,Lower-Middle Income,1990s
Brazil,BRA,1994,3298.71491891786,2075.88839757325,6.579,Upper-Middle Income,1990s
Barbados,BRB,1994,8223.16681181719,0.0772043884602322,22.98,High Income,1990s
Brunei Darussalam,BRN,1994,22766.587177075,2.46251844946789,5.007,High Income,1990s
Bhutan,BTN,1994,467.008312125283,7.0099535500995,1.405,Low Income,1990s
Botswana,BWA,1994,2917.25514197806,10.5429209938218,21.2,Upper-Middle Income,1990s
Central African Republic,CAF,1994,261.260397409459,24.5710137275604,5.924,Low Income,1990s
Canada,CAN,1994,19997.6237373354,0.165562913907291,10.395,High Income,1990s
Switzerland,CHE,1994,43091.7770970073,0.852116995120664,3.58,High Income,1990s
Chile,CHL,1994,4012.10159912285,11.4431196444972,5.87,Upper-Middle Income,1990s
China,CHN,1994,475.677874448369,24.2569897243361,2.9,Low Income,1990s
Cote d'Ivoire,CIV,1994,581.888468577405,26.0815719947161,5.046,Lower-Middle Income,1990s
Cameroon,CMR,1994,700.70950185009,35.0944618459464,8.878,Lower-Middle Income,1990s
Democratic Republic of the Congo,COD,1994,136.542547670676,23773.1317741015,3.403,Low Income,1990s
"Congo, Rep.",COG,1994,661.904273689712,42.4396750333452,20.269,Lower-Middle Income,1990s
Colombia,COL,1994,2325.91872973374,22.8462417553044,8.25,Upper-Middle Income,1990s
Cabo Verde,CPV,1994,991.108974352157,3.45205833010708,12.936,Lower-Middle Income,1990s
Costa Rica,CRI,1994,3039.56328550633,13.5344687273427,4.05,Upper-Middle Income,1990s
Cyprus,CYP,1994,11617.6923828125,4.6985893105498,2.7,High Income,1990s
Czechia,CZE,1994,4663.28665345469,10.039429835143,4.284,Upper-Middle Income,1990s
Germany,DEU,1994,27201.9593555204,2.69305639854954,8.727,High Income,1990s
Denmark,DNK,1994,29967.8303903163,1.99201463809517,8.036,High Income,1990s
Dominican Republic,DOM,1994,1891.67055679,8.26076798575834,6.285,Lower-Middle Income,1990s
Algeria,DZA,1994,1525.54061760288,29.0476561173071,27.74,Lower-Middle Income,1990s
Ecuador,ECU,1994,1996.85894789444,27.3108817940495,4.409,Lower-Middle Income,1990s
Egypt,EGY,1994,807.303537230487,8.15423128587096,10.93,Lower-Middle Income,1990s
Spain,ESP,1994,13405.704414883,4.71841373967329,24.209,High Income,1990s
Estonia,EST,1994,2819.12612100926,47.6546906187628,7.561,Upper-Middle Income,1990s
Ethiopia,ETH,1994,127.685923459033,7.59387600185336,3.1,Low Income,1990s
Finland,FIN,1994,20278.29109854,1.08855677589404,16.426,High Income,1990s
Fiji,FJI,1994,2297.18005884304,0.816666666667011,4.598,Upper-Middle Income,1990s
France,FRA,1994,23359.8985104774,1.65551532926999,12.593,High Income,1990s
Gabon,GAB,1994,3828.21118114454,36.1162456962985,17.804,Upper-Middle Income,1990s
United Kingdom,GBR,1994,19709.2380983653,2.21901260504205,9.648,High Income,1990s
Ghana,GHA,1994,320.50390343252,24.8702554369576,5.9,Low Income,1990s
"Gambia, The",GMB,1994,608.2774907808,1.71020632305637,10.044,Lower-Middle Income,1990s
Guinea-Bissau,GNB,1994,560.883422537973,15.1763474313441,3.173,Lower-Middle Income,1990s
Equatorial Guinea,GNQ,1994,183.239482711964,31.8410168416385,7.123,Low Income,1990s
Greece,GRC,1994,10937.0223808611,10.8740756809131,9.808,High Income,1990s
Guatemala,GTM,1994,1292.67202750483,10.8553211494391,2.12,Lower-Middle Income,1990s
"Hong Kong SAR, China",HKG,1994,22502.5302426236,8.73786407766985,1.9,High Income,1990s
Honduras,HND,1994,735.886147157389,21.729346883819,3.138,Lower-Middle Income,1990s
Croatia,HRV,1994,3237.92646315285,107.327586206896,10.364,Upper-Middle Income,1990s
Haiti,HTI,1994,292.134224374091,39.3316195372753,7.858,Low Income,1990s
Hungary,HUN,1994,4187.0311799663,18.8680749869283,10.847,Upper-Middle Income,1990s
Indonesia,IDN,1994,899.793982949817,8.53199829189143,4.366,Lower-Middle Income,1990s
India,IND,1994,347.73421473994,10.2479355556119,7.593,Low Income,1990s
Ireland,IRL,1994,15902.9296755168,2.30920192610951,14.544,High Income,1990s
Iran,IRN,1994,1167.76272513795,31.4470284237728,10.458,Lower-Middle Income,1990s
Iraq,IRQ,1994,198.182101881974,448.499999999999,8.221,Low Income,1990s
Iceland,ISL,1994,24858.2031335605,1.55265627495777,5.326,High Income,1990s
Israel,ISR,1994,16806.8353081322,12.253550985796,9.934,High Income,1990s
Italy,ITA,1994,19382.2002150155,4.05184218065716,11.086,High Income,1990s
Jamaica,JAM,1994,2202.85831038471,35.0633942484772,6.335,Upper-Middle Income,1990s
Jordan,JOR,1994,1367.18721776691,3.51669624132886,16.894,Lower-Middle Income,1990s
Japan,JPN,1994,39933.5150564874,0.695458057869004,2.89,High Income,1990s
Kazakhstan,KAZ,1994,1246.83633018218,1877.37239517572,7.54,Lower-Middle Income,1990s
Kenya,KEN,1994,276.447871981244,28.8143894306731,2.955,Low Income,1990s
South Korea,KOR,1994,10733.9888860657,6.26585950039679,2.476,High Income,1990s
Kuwait,KWT,1994,14929.7441110335,2.53443526170792,0.7,High Income,1990s
Laos,LAO,1994,320.968128951646,6.7844807862023,2.634,Low Income,1990s
Libya,LBY,1994,5933.29121354077,5.11259890444314,19.328,Upper-Middle Income,1990s
St. Lucia,LCA,1994,4892.06733637469,2.81591665153968,17.0,Upper-Middle Income,1990s
Sri Lanka,LKA,1994,678.268012020205,8.44871248698348,13.03,Lower-Middle Income,1990s
Lesotho,LSO,1994,455.593586203956,8.21473862195302,15.62,Low Income,1990s
Luxembourg,LUX,1994,43933.235442736,2.1947646868907,3.479,High Income,1990s
"Macao SAR, China",MAC,1994,15905.2615421482,6.25206890210272,2.48,High Income,1990s
Morocco,MAR,1994,1358.79443359375,5.14167152953361,13.858,Lower-Middle Income,1990s
Moldova,MDA,1994,573.798647201304,486.42562379589,5.8,Lower-Middle Income,1990s
Madagascar,MDG,1994,258.723806434505,38.9417908989239,6.106,Low Income,1990s
Maldives,MDV,1994,1419.39276513408,3.38610098291493,0.793,Lower-Middle Income,1990s
Mexico,MEX,1994,6202.36588372862,6.96581237191123,4.436,High Income,1990s
North Macedonia,MKD,1994,1786.35488334914,126.583368336245,30.0,Lower-Middle Income,1990s
Mali,MLI,1994,266.455340167693,23.1767911524285,1.512,Low Income,1990s
Malta,MLT,1994,8000.3453286604,4.12992181638259,6.331,High Income,1990s
Myanmar,MMR,1994,105.391561114159,24.0987860757019,0.739,Low Income,1990s
Mongolia,MNG,1994,422.864349383041,87.580009329808,5.709,Low Income,1990s
Mauritania,MRT,1994,864.599478365453,4.12825861295442,9.979,Lower-Middle Income,1990s
Mauritius,MUS,1994,3240.38624662702,7.32347154412294,9.513,Upper-Middle Income,1990s
Malawi,MWI,1994,169.196526919639,34.6496361508324,5.368,Low Income,1990s
Malaysia,MYS,1994,3757.65292858601,3.72497055359284,3.64,Upper-Middle Income,1990s
Niger,NER,1994,206.214617135856,36.0410583134241,1.502,Low Income,1990s
Nigeria,NGA,1994,744.884247151377,57.0317089119659,4.064,Lower-Middle Income,1990s
Netherlands,NLD,1994,24682.5866742863,2.80152693672192,7.159,High Income,1990s
Norway,NOR,1994,29315.8092337732,1.37567498071478,5.349,High Income,1990s
Nepal,NPL,1994,187.258176246151,8.34928672883384,10.458,Low Income,1990s
New Zealand,NZL,1994,15280.3127842922,1.74537790773743,8.354,High Income,1990s
Pakistan,PAK,1994,399.955927561352,12.3681943936948,0.601,Low Income,1990s
Panama,PAN,1994,3508.19570069218,1.26843190106196,6.428,Upper-Middle Income,1990s
Peru,PER,1994,1879.36657757919,23.7369050565046,4.491,Lower-Middle Income,1990s
Philippines,PHL,1994,1059.9838951587,10.3864734299517,3.767,Lower-Middle Income,1990s
Papua New Guinea,PNG,1994,1228.24343638772,2.85272217387134,2.418,Lower-Middle Income,1990s
Poland,POL,1994,2874.83163555069,32.9912766093523,14.825,Upper-Middle Income,1990s
Portugal,PRT,1994,9977.31990905771,5.42044019241626,6.709,High Income,1990s
Paraguay,PRY,1994,1760.28807083292,20.5661948376355,4.41,Lower-Middle Income,1990s
Qatar,QAT,1994,14764.8771355222,1.32158590308376,0.87,High Income,1990s
Romania,ROU,1994,1323.03237766927,136.759392815441,8.17,Lower-Middle Income,1990s
Russia,RUS,1994,2662.10400390625,307.722635553193,8.131,Upper-Middle Income,1990s
Saudi Arabia,SAU,1994,10601.9196697805,0.564325478533149,6.733,High Income,1990s
Sudan,SDN,1994,439.420806884766,115.398144292738,15.617,Low Income,1990s
Senegal,SEN,1994,583.782776032181,32.2936668569552,2.947,Lower-Middle Income,1990s
Singapore,SGP,1994,21552.4100366948,3.10013262599502,3.03,High Income,1990s
Solomon Islands,SLB,1994,1078.0410925874,13.2560325916638,1.804,Lower-Middle Income,1990s
El Salvador,SLV,1994,1343.9290572544,10.5858066526451,7.68,Lower-Middle Income,1990s
Suriname,SUR,1994,1433.54255652781,368.478068706267,12.7,Lower-Middle Income,1990s
Slovak Republic,SVK,1994,3820.96427542658,13.4155203422246,13.654,Upper-Middle Income,1990s
Slovenia,SVN,1994,8243.89895545106,20.9918180471498,8.24,High Income,1990s
Sweden,SWE,1994,26045.5196995275,2.15813800724629,9.58,High Income,1990s
Eswatini,SWZ,1994,1461.36400128736,13.7693248804359,21.726,Lower-Middle Income,1990s
Syria,SYR,1994,712.387716635783,15.3284671532846,7.5,Lower-Middle Income,1990s
Chad,TCD,1994,173.928895064035,41.7248972364414,0.709,Low Income,1990s
Togo,TGO,1994,328.600956079736,39.1627673796795,4.201,Low Income,1990s
Thailand,THA,1994,2517.70732641683,5.04774897680755,1.347,Upper-Middle Income,1990s
Tonga,TON,1994,1956.66180354821,1.01295206694856,1.688,Lower-Middle Income,1990s
Trinidad and Tobago,TTO,1994,3839.96290233114,8.81469401768106,18.44,Upper-Middle Income,1990s
Tunisia,TUN,1994,1733.46614673506,4.73323063996595,16.006,Lower-Middle Income,1990s
Turkiye,TUR,1994,2176.2801813809,105.214986469202,8.577,Lower-Middle Income,1990s
Tanzania,TZA,1994,228.890029907227,34.0833640722984,3.861,Low Income,1990s
Uganda,UGA,1994,198.441987998795,10.0367598792175,3.458,Low Income,1990s
Ukraine,UKR,1994,1009.09405517578,891.187748133705,2.0,Lower-Middle Income,1990s
Uruguay,URY,1994,5507.56481300056,44.7360421521933,9.04,Upper-Middle Income,1990s
United States,USA,1994,27694.853416234,2.60744159215453,6.119,High Income,1990s
St. Vincent and the Grenadines,VCT,1994,2563.24976564442,1.0089495525225,19.974,Upper-Middle Income,1990s
Vanuatu,VUT,1994,1430.99367776483,2.30256079190869,8.083,Lower-Middle Income,1990s
Samoa,WSM,1994,1276.85021574897,12.0803818909762,2.999,Lower-Middle Income,1990s
Yemen,YEM,1994,1735.04419543214,49.3941553813254,8.34,Lower-Middle Income,1990s
South Africa,ZAF,1994,3488.59711541763,8.938563723594,23.067,Upper-Middle Income,1990s
Zambia,ZMB,1994,426.386598390102,54.6013218413016,18.689,Low Income,1990s
Angola,AGO,1995,404.29481849612,2666.45059288537,16.978,Low Income,1990s
Albania,ALB,1995,911.320465445326,7.79321853789214,14.607,Lower-Middle Income,1990s
Armenia,ARM,1995,443.924860857976,175.951325534583,6.7,Low Income,1990s
Australia,AUS,1995,20479.1748274233,4.62776445368168,8.473,High Income,1990s
Austria,AUT,1995,30207.0674314652,2.24336631500898,4.345,High Income,1990s
Azerbaijan,AZE,1995,314.55801908334,411.759641777267,7.2,Low Income,1990s
Burundi,BDI,1995,164.915311679326,19.2632536382537,3.095,Low Income,1990s
Belgium,BEL,1995,28413.8264387368,1.46796699090271,9.337,High Income,1990s
Benin,BEN,1995,348.435238914394,14.4625482180894,1.305,Low Income,1990s
Burkina Faso,BFA,1995,229.092294496817,7.45884497828324,2.532,Low Income,1990s
Bangladesh,BGD,1995,309.458680823367,10.2978117947206,2.441,Low Income,1990s
Bulgaria,BGR,1995,2259.25922555221,62.0548336837992,11.1,Lower-Middle Income,1990s
Bahrain,BHR,1995,11900.9317778335,2.70403475064704,1.044,High Income,1990s
The Bahamas,BHS,1995,11374.6056703852,2.06699495410041,10.83,High Income,1990s
Belarus,BLR,1995,1370.69991385664,709.346032118606,17.7,Lower-Middle Income,1990s
Belize,BLZ,1995,4009.82752539849,2.88961584372151,12.48,Upper-Middle Income,1990s
Bolivia,BOL,1995,852.754034861444,10.1932067630745,2.664,Lower-Middle Income,1990s
Brazil,BRA,1995,4756.75013552302,66.0070335542481,7.092,Upper-Middle Income,1990s
Barbados,BRB,1995,8460.47380869104,1.87886279357232,19.66,High Income,1990s
Brunei Darussalam,BRN,1995,26443.2564746713,5.96664139499612,5.066,High Income,1990s
Bhutan,BTN,1995,530.103676927417,9.48754836789369,1.4,Low Income,1990s
Botswana,BWA,1995,3156.18194514079,10.512546081579,21.394,Upper-Middle Income,1990s
Central African Republic,CAF,1995,333.145863233895,19.1894039735098,5.871,Low Income,1990s
Canada,CAN,1995,20679.634792669,2.14876033057849,9.489,High Income,1990s
Switzerland,CHE,1995,50113.8321221345,1.79982776867149,3.094,High Income,1990s
Chile,CHL,1995,5081.4682771561,8.23263034116114,4.7,Upper-Middle Income,1990s
China,CHN,1995,612.680277898627,16.7912251650916,3.0,Low Income,1990s
Cote d'Ivoire,CIV,1995,740.4730999133,14.2950690851944,4.1,Lower-Middle Income,1990s
Cameroon,CMR,1995,832.006674487689,9.06969071921509,8.598,Lower-Middle Income,1990s
Democratic Republic of the Congo,COD,1995,127.008078734668,541.908883239026,3.285,Low Income,1990s
"Congo, Rep.",COG,1995,769.606794842829,9.41800743452227,20.226,Lower-Middle Income,1990s
Colombia,COL,1995,2583.66576349858,20.8917930194849,8.72,Lower-Middle Income,1990s
Cabo Verde,CPV,1995,1165.13832331934,8.35152497972927,12.883,Lower-Middle Income,1990s
Costa Rica,CRI,1995,3275.25256447416,23.1864981102567,5.18,Upper-Middle Income,1990s
Cyprus,CYP,1995,15261.4169921875,2.61581787956337,2.6,High Income,1990s
Czechia,CZE,1995,5865.29460556726,8.99052361478448,4.082,Upper-Middle Income,1990s
Germany,DEU,1995,31747.2449398447,1.70616041317076,8.158,High Income,1990s
Denmark,DNK,1995,35321.0980773087,2.08360842382854,6.992,High Income,1990s
Dominican Republic,DOM,1995,2109.16940728689,12.5359594558962,6.439,Lower-Middle Income,1990s
Algeria,DZA,1995,1466.94806760415,29.7796264864998,31.84,Lower-Middle Income,1990s
Ecuador,ECU,1995,2108.00698245316,22.9341344145802,4.408,Lower-Middle Income,1990s
Egypt,EGY,1995,916.326617700876,15.7422305021595,11.04,Lower-Middle Income,1990s
Spain,ESP,1995,15460.9110266653,4.67380337624704,22.675,High Income,1990s
Estonia,EST,1995,3134.38975345407,28.7766137208513,9.659,Upper-Middle Income,1990s
Ethiopia,ETH,1995,136.523619088963,10.0221733553238,3.005,Low Income,1990s
Finland,FIN,1995,26246.2743214462,0.791239406938497,17.005,High Income,1990s
Fiji,FJI,1995,2466.74347815903,2.16564721441536,4.651,Lower-Middle Income,1990s
France,FRA,1995,26791.8151982369,1.79648142095589,11.834,High Income,1990s
Gabon,GAB,1995,4414.8755828572,9.64653104079616,17.388,Upper-Middle Income,1990s
United Kingdom,GBR,1995,23252.6157127423,2.69749518304432,8.694,High Income,1990s
Georgia,GEO,1995,578.336923460866,162.717152150377,7.6,Low Income,1990s
Ghana,GHA,1995,371.537243033836,59.4615536991446,6.484,Low Income,1990s
"Gambia, The",GMB,1995,621.681391269646,6.98097441830556,10.153,Low Income,1990s
Guinea-Bissau,GNB,1995,589.487023081945,45.3653083621856,3.126,Low Income,1990s
Equatorial Guinea,GNQ,1995,248.314896208855,19.8724349483472,7.16,Low Income,1990s
Greece,GRC,1995,12779.081491606,8.93451415961512,10.116,High Income,1990s
Guatemala,GTM,1995,1421.06177809796,8.41141312270566,2.117,Lower-Middle Income,1990s
Guyana,GUY,1995,819.668541584905,12.2105263157895,11.566,Lower-Middle Income,1990s
"Hong Kong SAR, China",HKG,1995,23497.3920767477,9.07738095238091,3.22,High Income,1990s
Honduras,HND,1995,814.049075569071,29.4645292281585,3.24,Lower-Middle Income,1990s
Croatia,HRV,1995,4929.05772183424,3.95010395010402,10.007,Upper-Middle Income,1990s
Haiti,HTI,1995,372.006104665125,27.6081851727601,7.51,Low Income,1990s
Hungary,HUN,1995,4509.41740910077,28.3054683706654,10.168,Upper-Middle Income,1990s
Indonesia,IDN,1995,1011.22614205568,9.42030300572996,4.611,Lower-Middle Income,1990s
India,IND,1995,375.17600537305,10.2248861637544,7.57,Low Income,1990s
Ireland,IRL,1995,19158.4564773907,2.52486446780802,11.97,High Income,1990s
Iran,IRN,1995,1550.0095955025,49.6559858462746,9.904,Lower-Middle Income,1990s
Iraq,IRQ,1995,619.135530927038,387.310847766638,8.431,Low Income,1990s
Iceland,ISL,1995,27564.569102386,1.65123150116658,5.196,High Income,1990s
Israel,ISR,1995,19025.6840502517,9.93389990557126,8.782,High Income,1990s
Italy,ITA,1995,20712.1798690324,5.23542258044301,11.661,High Income,1990s
Jamaica,JAM,1995,2630.84935382822,19.9087488364168,6.325,Lower-Middle Income,1990s
Jordan,JOR,1995,1415.71151592128,2.35312451301273,14.6,Lower-Middle Income,1990s
Japan,JPN,1995,44197.6191013908,-0.127899045020446,3.15,High Income,1990s
Kazakhstan,KAZ,1995,1217.79138769863,176.15529894237,10.98,Lower-Middle Income,1990s
Kenya,KEN,1995,340.064842175429,1.55432816055009,2.848,Low Income,1990s
Cambodia,KHM,1995,343.485224671585,-0.798944337811878,0.973,Low Income,1990s
South Korea,KOR,1995,13001.7205867019,4.48074108557248,2.063,High Income,1990s
Kuwait,KWT,1995,16168.165602374,2.68672756582484,0.694,High Income,1990s
Laos,LAO,1995,357.758162193406,19.5939189878584,2.6,Low Income,1990s
Libya,LBY,1995,5205.25706378741,7.23798494499129,19.331,Upper-Middle Income,1990s
St. Lucia,LCA,1995,5147.92024022295,5.62965921512378,15.83,Upper-Middle Income,1990s
Sri Lanka,LKA,1995,741.838255293455,7.67484873449805,12.27,Lower-Middle Income,1990s
Lesotho,LSO,1995,513.413448796175,9.27083333333323,15.797,Low Income,1990s
Lithuania,LTU,1995,2182.69156931505,39.6476290328289,17.54,Lower-Middle Income,1990s
Luxembourg,LUX,1995,51032.349635318,1.86769424969105,2.918,High Income,1990s
Latvia,LVA,1995,2256.77360387054,24.9759355316749,19.0,Lower-Middle Income,1990s
"Macao SAR, China",MAC,1995,17215.1178522275,8.55866604308447,3.581,High Income,1990s
Morocco,MAR,1995,1466.78820800781,6.12358164775523,14.054,Lower-Middle Income,1990s
Moldova,MDA,1995,593.593177049161,29.8656104095718,5.3,Low Income,1990s
Madagascar,MDG,1995,273.149653945976,49.0802100590784,6.092,Low Income,1990s
Maldives,MDV,1995,1554.60942754604,5.48886133171504,0.79,Lower-Middle Income,1990s
Mexico,MEX,1995,4183.87847727479,34.9992712889592,7.095,Upper-Middle Income,1990s
North Macedonia,MKD,1995,2355.24705371138,16.3735889723569,35.6,Lower-Middle Income,1990s
Mali,MLI,1995,331.193112410921,13.4417696811974,1.464,Low Income,1990s
Malta,MLT,1995,9828.32354719517,4.42664550286654,6.33,High Income,1990s
Myanmar,MMR,1995,124.14348039051,25.1947123972847,0.754,Low Income,1990s
Mongolia,MNG,1995,652.67456284915,0.0435161009571923,5.5,Low Income,1990s
Mauritania,MRT,1995,904.719170071042,6.54379068524171,9.766,Lower-Middle Income,1990s
Mauritius,MUS,1995,3648.01649622256,6.02933188484532,9.59,Upper-Middle Income,1990s
Malawi,MWI,1995,200.362370007247,83.3257747543458,4.895,Low Income,1990s
Malaysia,MYS,1995,4363.14458333034,3.45057509584895,3.15,Upper-Middle Income,1990s
Niger,NER,1995,237.01998956862,10.5632886691814,1.494,Low Income,1990s
Nigeria,NGA,1995,1271.61617353199,72.8355022972638,4.152,Lower-Middle Income,1990s
Netherlands,NLD,1995,29301.1940492376,1.92322457166359,7.157,High Income,1990s
Norway,NOR,1995,34875.7043347536,2.46036778693729,6.307,High Income,1990s
Nepal,NPL,1995,197.843001330326,7.62296950698163,10.473,Low Income,1990s
New Zealand,NZL,1995,17400.4201848172,3.75494413677554,6.461,High Income,1990s
Pakistan,PAK,1995,450.550279346206,12.3435785170513,0.611,Low Income,1990s
Panama,PAN,1995,3513.89737854631,0.994206982933841,6.512,Upper-Middle Income,1990s
Peru,PER,1995,2189.53431515311,11.1287029707089,4.708,Lower-Middle Income,1990s
Philippines,PHL,1995,1199.84171414993,6.83199610989534,3.68,Lower-Middle Income,1990s
Papua New Guinea,PNG,1995,998.229967376131,17.280932681459,2.603,Lower-Middle Income,1990s
Poland,POL,1995,3700.95956775144,27.951388563304,13.695,Upper-Middle Income,1990s
Portugal,PRT,1995,11781.3618502221,4.22281614099486,7.064,High Income,1990s
Paraguay,PRY,1995,1978.71514099575,13.4254143646407,3.4,Lower-Middle Income,1990s
Qatar,QAT,1995,15822.5090711554,2.9565217391303,0.87,High Income,1990s
Romania,ROU,1995,1650.04922365201,32.2424847257597,8.01,Lower-Middle Income,1990s
Russia,RUS,1995,2665.77978515625,197.414268084251,9.449,Lower-Middle Income,1990s
Saudi Arabia,SAU,1995,10786.4008952769,4.86843103056033,6.365,High Income,1990s
Sudan,SDN,1995,462.585235595703,68.3751929485422,15.627,Low Income,1990s
Senegal,SEN,1995,714.994396357297,7.8640078457011,2.846,Lower-Middle Income,1990s
Singapore,SGP,1995,24914.8507020358,1.72053384788524,3.3,High Income,1990s
Solomon Islands,SLB,1995,1220.17919311126,9.62921970116226,1.841,Lower-Middle Income,1990s
El Salvador,SLV,1995,1548.3763038362,10.0296564501018,7.65,Lower-Middle Income,1990s
Serbia,SRB,1995,2349.40645150289,82.6605151864663,13.4,Lower-Middle Income,1990s
Suriname,SUR,1995,1609.82504373206,235.558815073605,8.39,Lower-Middle Income,1990s
Slovak Republic,SVK,1995,4882.51158238228,9.84109579837748,13.109,Upper-Middle Income,1990s
Slovenia,SVN,1995,10738.0887611468,13.4637296178669,7.15,High Income,1990s
Sweden,SWE,1995,30254.0273028727,2.455148578184,8.897,High Income,1990s
Eswatini,SWZ,1995,1750.75400773784,12.2885912601426,21.65,Lower-Middle Income,1990s
Syria,SYR,1995,779.699100153744,7.97995780590686,7.2,Lower-Middle Income,1990s
Chad,TCD,1995,203.964852705041,9.23032599768656,0.755,Low Income,1990s
Togo,TGO,1995,419.220334892756,16.4335034524163,3.99,Low Income,1990s
Thailand,THA,1995,2864.36515719866,5.81818181818192,1.1,Upper-Middle Income,1990s
Tonga,TON,1995,2084.02759539718,1.46000630350972,1.987,Lower-Middle Income,1990s
Trinidad and Tobago,TTO,1995,4114.68908475464,5.18220539517274,17.22,Upper-Middle Income,1990s
Tunisia,TUN,1995,1968.16600944373,6.24415028747146,16.348,Lower-Middle Income,1990s
Turkiye,TUR,1995,3845.98997887841,89.1133172248499,7.644,Upper-Middle Income,1990s
Tanzania,TZA,1995,258.418334960938,27.4277854195323,3.672,Low Income,1990s
Uganda,UGA,1995,278.520835668767,6.55014018970371,3.193,Low Income,1990s
Ukraine,UKR,1995,933.191772460938,376.746174768209,5.62,Lower-Middle Income,1990s
Uruguay,URY,1995,6050.48632253644,42.2483197983755,10.02,Upper-Middle Income,1990s
United States,USA,1995,28690.8757013347,2.80541968853662,5.65,High Income,1990s
St. Vincent and the Grenadines,VCT,1995,2795.36305613955,1.73837289880567,20.005,Upper-Middle Income,1990s
Vanuatu,VUT,1995,1491.78967004617,2.22970130416487,8.134,Lower-Middle Income,1990s
Samoa,WSM,1995,1288.10473321401,-2.90352865746142,3.244,Lower-Middle Income,1990s
Yemen,YEM,1995,764.414656090937,55.0811068702292,8.988,Lower-Middle Income,1990s
South Africa,ZAF,1995,3855.6340871567,8.68042421392631,22.705,Upper-Middle Income,1990s
Zambia,ZMB,1995,433.312782642118,34.9295874166667,16.834,Low Income,1990s
Angola,AGO,1996,531.115366543271,4145.10598220637,16.177,Low Income,1990s
Albania,ALB,1996,1020.97618050188,12.7254778087102,13.928,Lower-Middle Income,1990s
Armenia,ARM,1996,487.068624404558,18.681185640036,9.3,Low Income,1990s
Australia,AUS,1996,22055.838490507,2.61537902431631,8.509,High Income,1990s
Austria,AUT,1996,29645.9451251491,1.86097115760436,5.282,High Income,1990s
Azerbaijan,AZE,1996,409.185543774103,19.7948028061898,8.1,Low Income,1990s
Burundi,BDI,1996,143.156741187159,26.4367816091951,3.095,Low Income,1990s
Belgium,BEL,1996,27489.5551770488,2.07702107350675,9.483,High Income,1990s
Benin,BEN,1996,369.394384135736,4.91423972637201,1.246,Low Income,1990s
Burkina Faso,BFA,1996,242.733171352672,6.09780439121741,2.446,Low Income,1990s
Bangladesh,BGD,1996,371.917937677345,2.37712902953223,2.51,Low Income,1990s
Bulgaria,BGR,1996,1470.19259250682,121.60754244925,12.5,Lower-Middle Income,1990s
Bahrain,BHR,1996,12091.7802188235,-0.452227382530347,1.177,High Income,1990s
The Bahamas,BHS,1996,11783.797197226,1.37913741223666,11.46,High Income,1990s
Belarus,BLR,1996,1427.26896385327,52.7120767531954,24.4,Lower-Middle Income,1990s
Belize,BLZ,1996,4043.26517997242,5.96502097537242,13.82,Upper-Middle Income,1990s
Bolivia,BOL,1996,922.113259069714,12.4254866180049,2.375,Lower-Middle Income,1990s
Brazil,BRA,1996,5179.13052009976,15.7576656002606,8.035,Upper-Middle Income,1990s
Barbados,BRB,1996,9011.77884838722,2.38615222842324,14.71,High Income,1990s
Brunei Darussalam,BRN,1996,25692.2357348562,1.99613650998077,5.153,High Income,1990s
Bhutan,BTN,1996,552.873891403681,8.79001381935162,1.392,Low Income,1990s
Botswana,BWA,1996,3156.26865681161,10.0828580652107,21.593,Upper-Middle Income,1990s
Central African Republic,CAF,1996,293.306575328658,3.72494110325801,5.84,Low Income,1990s
Canada,CAN,1996,21296.9723536904,1.57053112507137,9.62,High Income,1990s
Switzerland,CHE,1996,48092.6433036512,0.811634064628187,3.684,High Income,1990s
Chile,CHL,1996,5333.50438729711,7.35911781788767,7.414,Upper-Middle Income,1990s
China,CHN,1996,713.337387811657,8.31316028893908,3.12,Lower-Middle Income,1990s
Cote d'Ivoire,CIV,1996,1170.23622049666,2.48080669187551,4.039,Lower-Middle Income,1990s
Cameroon,CMR,1996,826.965322327363,3.92406372749798,8.06,Lower-Middle Income,1990s
Democratic Republic of the Congo,COD,1996,127.416132828292,492.441850235414,3.156,Low Income,1990s
"Congo, Rep.",COG,1996,898.794050151577,10.0311203319502,20.049,Lower-Middle Income,1990s
Colombia,COL,1996,2664.64056059983,20.7975755127401,11.81,Lower-Middle Income,1990s
Cabo Verde,CPV,1996,1179.51522705182,5.96361961777575,12.844,Lower-Middle Income,1990s
Costa Rica,CRI,1996,3226.96395598625,17.5114524814591,6.16,Upper-Middle Income,1990s
Cyprus,CYP,1996,15139.220703125,2.97892486481265,3.1,High Income,1990s
Czechia,CZE,1996,6573.19643136362,8.75877472878111,3.852,Upper-Middle Income,1990s
Germany,DEU,1996,30599.7891048363,1.44972701963238,8.822,High Income,1990s
Denmark,DNK,1996,35621.9878051732,2.12629802275577,6.844,High Income,1990s
Dominican Republic,DOM,1996,2270.86558687203,5.39929385038922,6.485,Lower-Middle Income,1990s
Algeria,DZA,1996,1616.83198721285,18.6790758601749,28.268,Lower-Middle Income,1990s
Ecuador,ECU,1996,2135.8479374308,24.4114592150674,4.422,Lower-Middle Income,1990s
Egypt,EGY,1996,1008.97637629447,7.18710369719992,9.0,Lower-Middle Income,1990s
Spain,ESP,1996,16100.6215831114,3.55884559338557,22.142,High Income,1990s
Estonia,EST,1996,3380.92630243199,23.0503433495169,9.915,Upper-Middle Income,1990s
Ethiopia,ETH,1996,147.327458851964,-8.48424868948825,3.121,Low Income,1990s
Finland,FIN,1996,25756.6777073618,0.629194238120965,15.572,High Income,1990s
Fiji,FJI,1996,2648.32766264,3.05016181229797,4.623,Lower-Middle Income,1990s
France,FRA,1996,26757.6351494145,1.98288365089738,12.367,High Income,1990s
Gabon,GAB,1996,4942.67870027615,0.689693377281638,17.325,Upper-Middle Income,1990s
United Kingdom,GBR,1996,24503.3829602903,2.85178236397749,8.189,High Income,1990s
Georgia,GEO,1996,689.034634153312,39.3574999987146,11.5,Lower-Middle Income,1990s
Ghana,GHA,1996,389.271267898831,46.5610196762282,7.091,Low Income,1990s
"Gambia, The",GMB,1996,651.784945724837,1.09948870771018,10.192,Low Income,1990s
Guinea-Bissau,GNB,1996,614.729892454585,50.7340549612119,2.994,Low Income,1990s
Equatorial Guinea,GNQ,1996,391.686868235732,4.54072771540235,7.215,Low Income,1990s
Greece,GRC,1996,13432.5262183244,8.19455217632728,10.402,High Income,1990s
Guatemala,GTM,1996,1481.05986750672,11.0569165321987,2.156,Lower-Middle Income,1990s
Guyana,GUY,1996,927.523847211669,7.09471197276045,11.542,Lower-Middle Income,1990s
"Hong Kong SAR, China",HKG,1996,24818.3021600084,6.27557980900412,2.83,High Income,1990s
Honduras,HND,1996,812.817047602244,23.8378353073358,4.37,Lower-Middle Income,1990s
Croatia,HRV,1996,5299.6410536193,4.29999999999995,9.68,Upper-Middle Income,1990s
Haiti,HTI,1996,377.229465025972,20.5835962145112,7.304,Low Income,1990s
Hungary,HUN,1996,4542.0120380978,23.4690301919185,10.022,Upper-Middle Income,1990s
Indonesia,IDN,1996,1118.92133024129,7.97328096513346,4.861,Lower-Middle Income,1990s
India,IND,1996,401.046754673579,8.97715233826453,7.537,Low Income,1990s
Ireland,IRL,1996,20835.8977130847,1.75574469607419,11.692,High Income,1990s
Iran,IRN,1996,1914.78121294313,28.9373440168137,9.1,Lower-Middle Income,1990s
Iraq,IRQ,1996,485.258492784825,-16.1173257510572,8.516,Low Income,1990s
Iceland,ISL,1996,28583.5208959793,2.26041898267297,3.6,High Income,1990s
Israel,ISR,1996,20224.2789080629,11.4585122831129,8.455,High Income,1990s
Italy,ITA,1996,23122.9337219116,4.0069766898104,11.864,High Income,1990s
Jamaica,JAM,1996,2928.89692611996,26.4066566074043,6.611,Upper-Middle Income,1990s
Jordan,JOR,1996,1410.17424189419,6.50121802679586,13.7,Lower-Middle Income,1990s
Japan,JPN,1996,39150.0396308089,0.136600358575909,3.383,High Income,1990s
Kazakhstan,KAZ,1996,1281.39152895397,39.1825423654111,12.96,Lower-Middle Income,1990s
Kenya,KEN,1996,440.527078880876,8.86408741577522,2.773,Low Income,1990s
Kyrgyzstan,KGZ,1996,394.856879614212,31.9473377218567,1.647,Low Income,1990s
Cambodia,KHM,1996,324.655870983004,7.15086140872796,0.963,Low Income,1990s
South Korea,KOR,1996,13864.9376534518,4.92454354292754,2.048,High Income,1990s
Kuwait,KWT,1996,18201.0958607918,3.55398569684287,0.7,High Income,1990s
Laos,LAO,1996,371.341879197673,13.0244156963462,2.45,Low Income,1990s
Libya,LBY,1996,5591.02027544558,4.02807775377963,19.212,Upper-Middle Income,1990s
St. Lucia,LCA,1996,5244.01665086076,0.924842609615973,16.33,Upper-Middle Income,1990s
Sri Lanka,LKA,1996,776.192371057587,15.9358310447214,11.35,Lower-Middle Income,1990s
Lesotho,LSO,1996,479.671394625707,9.33031458531928,15.709,Low Income,1990s
Lithuania,LTU,1996,2340.67545970008,24.62519538645,16.4,Lower-Middle Income,1990s
Luxembourg,LUX,1996,50444.3591236175,1.18385968843571,3.286,High Income,1990s
Latvia,LVA,1996,2360.1714816213,17.6104698431033,20.7,Lower-Middle Income,1990s
"Macao SAR, China",MAC,1996,17289.5517956917,4.82248676783487,4.261,High Income,1990s
Morocco,MAR,1996,1596.83239746094,2.98680922773017,13.362,Lower-Middle Income,1990s
Moldova,MDA,1996,575.145455139019,23.5056772963368,7.9,Low Income,1990s
Madagascar,MDG,1996,339.877283663608,19.7563545439776,6.092,Low Income,1990s
Maldives,MDV,1996,1716.74281753716,6.24124591476026,1.019,Lower-Middle Income,1990s
Mexico,MEX,1996,4674.36792733681,34.3783832235168,5.465,Upper-Middle Income,1990s
North Macedonia,MKD,1996,2306.53366957635,2.46660008582917,38.8,Lower-Middle Income,1990s
Mali,MLI,1996,359.662096047648,6.80545996788233,1.421,Low Income,1990s
Malta,MLT,1996,10061.850192141,2.05400000000009,6.329,High Income,1990s
Myanmar,MMR,1996,141.897267580367,16.2753966377374,0.753,Low Income,1990s
Mongolia,MNG,1996,595.5810149554,46.8899521531102,5.53,Low Income,1990s
Mauritania,MRT,1996,904.120879798142,4.68130623916413,9.764,Lower-Middle Income,1990s
Mauritius,MUS,1996,3951.94494649336,6.55097336065573,9.503,Upper-Middle Income,1990s
Malawi,MWI,1996,320.662735559137,37.6020450235016,4.94,Low Income,1990s
Malaysia,MYS,1996,4837.16897250768,3.48855945858916,2.52,Upper-Middle Income,1990s
Niger,NER,1996,239.494513213973,5.28885751264882,1.498,Low Income,1990s
Nigeria,NGA,1996,1632.72469370276,29.2682926829271,4.043,Lower-Middle Income,1990s
Netherlands,NLD,1996,29063.6236532536,2.11378787066774,6.421,High Income,1990s
Norway,NOR,1996,37321.9741993473,1.26253249164501,5.036,High Income,1990s
Nepal,NPL,1996,198.821907435345,9.22046662376986,10.446,Low Income,1990s
New Zealand,NZL,1996,18794.436039393,2.28571305402195,6.29,High Income,1990s
Pakistan,PAK,1996,456.996961832943,10.3738085885002,0.6,Low Income,1990s
Panama,PAN,1996,3308.18430390528,1.25571661111548,6.728,Upper-Middle Income,1990s
Peru,PER,1996,2226.91682429265,11.5379424115177,4.929,Lower-Middle Income,1990s
Philippines,PHL,1996,1311.09249403865,7.4761037778791,3.607,Lower-Middle Income,1990s
Papua New Guinea,PNG,1996,1071.04185150251,11.6241782908448,2.728,Lower-Middle Income,1990s
Poland,POL,1996,4163.51195431959,19.7949669196707,12.684,Upper-Middle Income,1990s
Portugal,PRT,1996,12185.0914010629,3.06897732509789,7.298,High Income,1990s
Paraguay,PRY,1996,2088.17109102236,9.79968339016083,8.15,Lower-Middle Income,1990s
Qatar,QAT,1996,17124.7920861356,4.90453460620532,0.87,High Income,1990s
Romania,ROU,1996,1633.01064354117,38.8293013382852,6.74,Lower-Middle Income,1990s
Russia,RUS,1996,2643.92919921875,47.7520122009939,9.665,Lower-Middle Income,1990s
Rwanda,RWA,1996,206.04911417485,7.41137173526642,11.507,Low Income,1990s
Saudi Arabia,SAU,1996,11471.5045960191,1.22206054877756,5.804,High Income,1990s
Sudan,SDN,1996,294.826965332031,132.823777374139,15.605,Low Income,1990s
Senegal,SEN,1996,723.469950081149,2.75430663482407,2.831,Lower-Middle Income,1990s
Singapore,SGP,1996,26232.866096827,1.38318052481876,3.57,High Income,1990s
Solomon Islands,SLB,1996,1289.33036923435,11.7743563856637,1.875,Lower-Middle Income,1990s
El Salvador,SLV,1996,1651.31016800895,9.78892040179966,7.68,Lower-Middle Income,1990s
Serbia,SRB,1996,3053.90516860949,95.6009261208171,13.2,Upper-Middle Income,1990s
Suriname,SUR,1996,1962.88495820295,-0.701887251452818,10.88,Lower-Middle Income,1990s
Slovak Republic,SVK,1996,5247.70081044708,5.77582786155949,11.341,Upper-Middle Income,1990s
Slovenia,SVN,1996,10796.7399446283,9.86445061546851,6.879,High Income,1990s
Sweden,SWE,1996,33022.2444768661,0.533131978766238,9.547,High Income,1990s
Eswatini,SWZ,1996,1619.19119707662,6.42521330315218,22.074,Lower-Middle Income,1990s
Syria,SYR,1996,918.195857362788,8.2498900991551,7.221,Lower-Middle Income,1990s
Chad,TCD,1996,216.912541056484,11.3308789057282,0.7,Low Income,1990s
Togo,TGO,1996,452.068436882428,4.68749999999996,3.606,Low Income,1990s
Thailand,THA,1996,3054.65690806473,5.80510554737349,1.071,Upper-Middle Income,1990s
Tonga,TON,1996,2214.91474789811,2.99528023991143,2.404,Lower-Middle Income,1990s
Trinidad and Tobago,TTO,1996,4427.27832448289,3.40457442819624,16.25,Upper-Middle Income,1990s
Tunisia,TUN,1996,2107.40815649257,3.72514472690715,16.061,Lower-Middle Income,1990s
Turkiye,TUR,1996,4041.36210281686,80.4121511388042,6.629,Upper-Middle Income,1990s
Tanzania,TZA,1996,313.658386230469,20.9772596430629,3.475,Low Income,1990s
Uganda,UGA,1996,284.698259285733,7.19164660433344,3.169,Low Income,1990s
Ukraine,UKR,1996,869.846069335938,80.3255014551742,7.65,Lower-Middle Income,1990s
Uruguay,URY,1996,6398.43575184095,28.3420486004309,11.93,Upper-Middle Income,1990s
United States,USA,1996,29967.7127181749,2.93120419993441,5.451,High Income,1990s
St. Vincent and the Grenadines,VCT,1996,2930.44394742606,4.40790113846454,20.343,Upper-Middle Income,1990s
Viet Nam,VNM,1996,337.051231790277,5.67499999999994,1.93,Low Income,1990s
Vanuatu,VUT,1996,1529.27573115021,0.906344410876219,8.091,Lower-Middle Income,1990s
Samoa,WSM,1996,1419.35849045228,5.37461972030278,3.515,Lower-Middle Income,1990s
Yemen,YEM,1996,375.214994663363,30.7337332718043,9.585,Low Income,1990s
South Africa,ZAF,1996,3617.55336002932,7.35411972085333,22.5,Upper-Middle Income,1990s
Zambia,ZMB,1996,399.511304742449,43.0730979982882,15.3,Low Income,1990s
Angola,AGO,1997,521.70291489053,219.176721172974,16.064,Low Income,1990s
Albania,ALB,1997,728.545523729675,33.1802743753956,16.872,Lower-Middle Income,1990s
Armenia,ARM,1997,505.035887057966,13.960764121791,10.8,Low Income,1990s
Australia,AUS,1997,23683.4948964934,0.224895027032537,8.367,High Income,1990s
Austria,AUT,1997,26571.7523626508,1.30597857227691,5.15,High Income,1990s
Azerbaijan,AZE,1997,505.516204188336,3.67434809684729,9.1,Low Income,1990s
Burundi,BDI,1997,160.278342046962,31.1115898319694,3.124,Low Income,1990s
Belgium,BEL,1997,24820.9380503896,1.62816049512954,8.95,High Income,1990s
Benin,BEN,1997,344.550491498963,3.46629590564776,1.1,Low Income,1990s
Burkina Faso,BFA,1997,223.853958525611,2.31869062176683,2.412,Low Income,1990s
Bangladesh,BGD,1997,379.284917709635,5.30560105668801,2.698,Low Income,1990s
Bulgaria,BGR,1997,1361.40938439884,1058.37355921973,13.7,Lower-Middle Income,1990s
Bahrain,BHR,1997,12254.6662583128,2.43155133955926,1.125,High Income,1990s
The Bahamas,BHS,1997,20367.5732702056,0.544150383378687,9.76,High Income,1990s
Belarus,BLR,1997,1396.44201900881,63.9373663357478,17.1,Lower-Middle Income,1990s
Belize,BLZ,1997,4014.40380600241,1.14903756760539,12.68,Upper-Middle Income,1990s
Bolivia,BOL,1997,970.351843368594,4.70844436028192,2.08,Lower-Middle Income,1990s
Brazil,BRA,1997,5299.39794248133,6.92671251629154,9.003,Upper-Middle Income,1990s
Barbados,BRB,1997,9521.57127377123,7.71053878969883,14.61,High Income,1990s
Brunei Darussalam,BRN,1997,25522.3975038009,1.71156004489335,5.204,High Income,1990s
Bhutan,BTN,1997,630.447410148304,6.50548718269086,1.393,Low Income,1990s
Botswana,BWA,1997,3194.18106145858,8.71993127147746,21.031,Upper-Middle Income,1990s
Central African Republic,CAF,1997,265.5212823896,1.6113134776091,5.797,Low Income,1990s
Canada,CAN,1997,21901.5628548392,1.6212163808453,9.1,High Income,1990s
Switzerland,CHE,1997,41584.441782159,0.52022542273664,4.127,High Income,1990s
Chile,CHL,1997,5741.95842989596,6.13386464357927,7.136,Upper-Middle Income,1990s
China,CHN,1997,786.743548510999,2.78646505531881,3.23,Lower-Middle Income,1990s
Cote d'Ivoire,CIV,1997,1124.65674867927,4.02083333333305,3.964,Lower-Middle Income,1990s
Cameroon,CMR,1997,783.251601945462,4.78623881860375,7.859,Lower-Middle Income,1990s
Democratic Republic of the Congo,COD,1997,132.323520768553,198.516707416462,3.171,Low Income,1990s
Colombia,COL,1997,2873.2814350993,18.4700217119089,12.14,Upper-Middle Income,1990s
Cabo Verde,CPV,1997,1133.57422614008,8.55606258148633,13.01,Lower-Middle Income,1990s
Costa Rica,CRI,1997,3407.776128985,13.2480440791191,5.68,Upper-Middle Income,1990s
Cyprus,CYP,1997,14234.2412109375,3.60534444364628,3.4,High Income,1990s
Czechia,CZE,1997,6069.38762357837,8.59615666715564,4.674,Upper-Middle Income,1990s
Germany,DEU,1997,27046.9565464237,1.93937198922729,9.861,High Income,1990s
Denmark,DNK,1997,32779.879045297,2.1821667790712,5.4,High Income,1990s
Dominican Republic,DOM,1997,2448.89393535363,8.29656754792045,6.323,Lower-Middle Income,1990s
Algeria,DZA,1997,1628.76100561506,5.73352275357186,25.43,Lower-Middle Income,1990s
Ecuador,ECU,1997,2340.76600026857,30.6575675722172,4.424,Lower-Middle Income,1990s
Egypt,EGY,1997,1146.20172117634,4.62560578826438,8.37,Lower-Middle Income,1990s
Spain,ESP,1997,14722.3717633536,1.97107395582926,20.698,High Income,1990s
Estonia,EST,1997,3682.95230146695,10.5818789322146,10.369,Upper-Middle Income,1990s
Ethiopia,ETH,1997,143.369531498844,2.39520958083829,3.227,Low Income,1990s
Finland,FIN,1997,24682.29083271,1.19255883425839,14.967,High Income,1990s
Fiji,FJI,1997,2573.72338605678,3.36814006437943,4.725,Lower-Middle Income,1990s
France,FRA,1997,24169.4008102822,1.20394294026963,12.566,High Income,1990s
Gabon,GAB,1997,4508.75340541142,3.973450075453,17.166,Upper-Middle Income,1990s
United Kingdom,GBR,1997,26910.1381529902,2.20114313510882,7.072,High Income,1990s
Georgia,GEO,1997,807.032285752352,7.08761762948726,11.5,Lower-Middle Income,1990s
Ghana,GHA,1997,377.841935501461,27.8852086407527,7.639,Low Income,1990s
"Gambia, The",GMB,1997,600.224023405754,2.78122790023229,9.999,Low Income,1990s
Guinea-Bissau,GNB,1997,598.953470198484,49.1009235769531,2.951,Low Income,1990s
Equatorial Guinea,GNQ,1997,717.041481576821,3.01650540694366,7.263,Lower-Middle Income,1990s
Greece,GRC,1997,13015.9175046854,5.53600266773482,10.472,High Income,1990s
Guatemala,GTM,1997,1638.46281851789,9.23290294884935,2.145,Lower-Middle Income,1990s
Guyana,GUY,1997,982.804753805587,3.55567090578809,11.565,Lower-Middle Income,1990s
"Hong Kong SAR, China",HKG,1997,27330.0933613355,5.77663671373521,2.22,High Income,1990s
Honduras,HND,1997,917.272651200904,20.1998667554962,3.32,Lower-Middle Income,1990s
Croatia,HRV,1997,5331.02343858808,4.17066155321188,9.71,Upper-Middle Income,1990s
Haiti,HTI,1997,425.111085879256,20.5590073395833,7.003,Low Income,1990s
Hungary,HUN,1997,4606.0569733295,18.3050744143799,8.991,Upper-Middle Income,1990s
Indonesia,IDN,1997,1044.60674832472,6.22615154887214,4.684,Lower-Middle Income,1990s
India,IND,1997,416.228116203753,7.16425211462724,7.574,Low Income,1990s
Ireland,IRL,1997,22551.1139134126,1.5418020226137,10.191,High Income,1990s
Iran,IRN,1997,1790.06617575598,17.3492257538708,9.68,Lower-Middle Income,1990s
Iraq,IRQ,1997,936.341170908421,23.0631996788727,8.269,Lower-Middle Income,1990s
Iceland,ISL,1997,28461.7664095122,1.81543080282242,3.72,High Income,1990s
Israel,ISR,1997,20469.4699017497,8.95499383477184,9.751,High Income,1990s
Italy,ITA,1997,21883.9872666651,2.04310779750136,11.985,High Income,1990s
Jamaica,JAM,1997,3296.91634805083,9.65755261268595,6.693,Upper-Middle Income,1990s
Jordan,JOR,1997,1435.87593846863,3.0378842030025,13.74,Lower-Middle Income,1990s
Japan,JPN,1997,35638.2319556941,1.74780458692133,3.374,High Income,1990s
Kazakhstan,KAZ,1997,1381.63593295187,17.4080410607357,13.01,Lower-Middle Income,1990s
Kenya,KEN,1997,466.723814611399,11.3618450505783,2.818,Low Income,1990s
Kyrgyzstan,KGZ,1997,376.427930059811,23.4354278497005,1.739,Low Income,1990s
Cambodia,KHM,1997,297.59041960803,7.96021397777456,0.638,Low Income,1990s
South Korea,KOR,1997,12821.6893313675,4.4389318457463,2.608,High Income,1990s
Kuwait,KWT,1997,16977.3895620399,0.682191434707604,0.7,High Income,1990s
Laos,LAO,1997,339.09319241187,27.5088624491449,2.354,Low Income,1990s
Libya,LBY,1997,6061.81366033598,3.55029585798821,19.151,Upper-Middle Income,1990s
St. Lucia,LCA,1997,5282.37011402006,-0.0055202870547238,20.47,Upper-Middle Income,1990s
Sri Lanka,LKA,1997,827.035756058631,9.57369626405162,10.6,Lower-Middle Income,1990s
Lithuania,LTU,1997,2844.16286797492,8.88104848465892,14.13,Upper-Middle Income,1990s
Luxembourg,LUX,1997,46641.6408754876,1.36751261207943,2.527,High Income,1990s
Latvia,LVA,1997,2609.89308697195,8.44738342092961,14.9,Lower-Middle Income,1990s
"Macao SAR, China",MAC,1997,17415.6982810978,3.49093715138855,3.225,High Income,1990s
Morocco,MAR,1997,1426.30114746094,1.03819895051614,14.025,Lower-Middle Income,1990s
Moldova,MDA,1997,657.29213459795,11.7728324494467,7.9,Low Income,1990s
Madagascar,MDG,1997,284.371843967244,4.48638261737399,5.971,Low Income,1990s
Maldives,MDV,1997,1898.43225010526,7.57283467072592,1.25,Lower-Middle Income,1990s
Mexico,MEX,1997,5567.35599516667,20.6256287259247,4.235,Upper-Middle Income,1990s
North Macedonia,MKD,1997,1959.56073782188,1.29436487155047,36.0,Lower-Middle Income,1990s
Mali,MLI,1997,320.75152297828,-0.362999795946695,1.411,Low Income,1990s
Malta,MLT,1997,9893.18898998688,3.11207791953272,6.328,High Income,1990s
Myanmar,MMR,1997,108.039770292032,29.6972325791529,0.764,Low Income,1990s
Mongolia,MNG,1997,515.298004947316,36.5561148948773,5.608,Low Income,1990s
Mauritania,MRT,1997,859.28395817576,4.62534695318394,9.788,Lower-Middle Income,1990s
Mauritius,MUS,1997,3695.73668844327,6.83334334996102,9.381,Upper-Middle Income,1990s
Malawi,MWI,1997,366.954461274104,9.13735243003495,4.69,Low Income,1990s
Malaysia,MYS,1997,4678.56390058182,2.66251459711946,2.45,Upper-Middle Income,1990s
Niger,NER,1997,220.562957209,2.93345253394422,1.503,Low Income,1990s
Nigeria,NGA,1997,1720.27540949396,8.52987421383634,3.964,Lower-Middle Income,1990s
Netherlands,NLD,1997,26744.9601318097,2.10924562739483,5.511,High Income,1990s
Norway,NOR,1997,36629.0309036621,2.56692335900252,4.687,High Income,1990s
Nepal,NPL,1997,211.834869589153,4.00998860523181,10.512,Low Income,1990s
New Zealand,NZL,1997,17474.187029724,1.18714833105632,6.857,High Income,1990s
Pakistan,PAK,1997,438.030942680153,11.3754928865122,0.611,Low Income,1990s
Panama,PAN,1997,3545.97670392453,1.32435122100608,6.588,Upper-Middle Income,1990s
Peru,PER,1997,2300.67200774461,8.56218948953653,4.762,Lower-Middle Income,1990s
Philippines,PHL,1997,1273.27604875636,5.59025939650601,3.592,Lower-Middle Income,1990s
Papua New Guinea,PNG,1997,989.721550965343,3.96437805228409,2.854,Lower-Middle Income,1990s
Poland,POL,1997,4137.00831823145,14.91315861496,10.964,Upper-Middle Income,1990s
Portugal,PRT,1997,11575.5071124358,2.33686298314116,6.571,High Income,1990s
Paraguay,PRY,1997,2078.50841313824,6.94956608534118,5.36,Lower-Middle Income,1990s
West Bank and Gaza,PSE,1997,1389.16497137651,7.08700591205709,10.522,Lower-Middle Income,1990s
Qatar,QAT,1997,20522.8012995179,4.83448981913322,0.87,High Income,1990s
Romania,ROU,1997,1577.33656023974,154.763480436309,5.515,Lower-Middle Income,1990s
Russia,RUS,1997,2737.57202148438,14.761329268806,11.813,Upper-Middle Income,1990s
Rwanda,RWA,1997,238.749371368214,12.0154225195686,11.087,Low Income,1990s
Saudi Arabia,SAU,1997,11545.3455998551,0.0571506050626489,5.283,High Income,1990s
Sudan,SDN,1997,373.09375,47.1685369647197,15.324,Low Income,1990s
Senegal,SEN,1997,650.776321407448,1.75316478097236,2.759,Low Income,1990s
Singapore,SGP,1997,26375.8653668113,2.00358618538962,2.5,High Income,1990s
Solomon Islands,SLB,1997,1292.23951946469,8.08400135486043,2.009,Lower-Middle Income,1990s
El Salvador,SLV,1997,1748.92111971129,4.49013627855204,7.98,Lower-Middle Income,1990s
Serbia,SRB,1997,3573.50440240049,23.307866135801,13.8,Upper-Middle Income,1990s
Sao Tome and Principe,STP,1997,661.668232822488,35.81717824448,14.414,Low Income,1990s
Suriname,SUR,1997,2067.59814938391,7.14511160883929,10.56,Lower-Middle Income,1990s
Slovak Republic,SVK,1997,5172.41757491248,6.14198999595652,11.894,Upper-Middle Income,1990s
Slovenia,SVN,1997,10436.7260661871,8.359679907043,6.648,High Income,1990s
Sweden,SWE,1997,30324.1845796306,0.658410256243526,10.359,High Income,1990s
Eswatini,SWZ,1997,1705.39874942229,7.12532722513057,22.5,Lower-Middle Income,1990s
Syria,SYR,1997,940.826589804978,1.88611136179086,7.31,Lower-Middle Income,1990s
Chad,TCD,1997,201.384076969355,5.5722571112533,0.732,Low Income,1990s
Togo,TGO,1997,448.001096915436,8.25082508250802,3.618,Low Income,1990s
Thailand,THA,1997,2473.14096982086,5.62579747129104,0.873,Lower-Middle Income,1990s
Tonga,TON,1997,2135.52111086276,2.12473132408038,2.877,Lower-Middle Income,1990s
Trinidad and Tobago,TTO,1997,4393.94496943068,3.62607875843081,15.01,Upper-Middle Income,1990s
Tunisia,TUN,1997,2202.06090620956,3.65202620723071,15.94,Lower-Middle Income,1990s
Turkiye,TUR,1997,4197.37636165642,85.6693616499779,6.841,Upper-Middle Income,1990s
Tanzania,TZA,1997,363.597686767578,16.0906549283201,3.342,Low Income,1990s
Uganda,UGA,1997,286.846637912964,8.16902144106963,3.209,Low Income,1990s
Ukraine,UKR,1997,987.489807128906,15.940599414943,8.93,Lower-Middle Income,1990s
Uruguay,URY,1997,7436.29342620682,19.8188093183779,11.44,Upper-Middle Income,1990s
United States,USA,1997,31459.1389804773,2.33768993730735,5.0,High Income,1990s
St. Vincent and the Grenadines,VCT,1997,3073.7784743848,0.443616029823348,20.133,Upper-Middle Income,1990s
Viet Nam,VNM,1997,361.643884085566,3.20952606261374,2.87,Low Income,1990s
Vanuatu,VUT,1997,1562.03090670153,2.83070223189979,8.221,Lower-Middle Income,1990s
Samoa,WSM,1997,1607.88744330521,6.86182355310877,3.78,Lower-Middle Income,1990s
Yemen,YEM,1997,382.584928722421,2.17672667372646,10.223,Low Income,1990s
South Africa,ZAF,1997,3700.23554789867,8.59777611252274,22.549,Upper-Middle Income,1990s
Zambia,ZMB,1997,465.871942164799,24.4187215689412,13.273,Low Income,1990s
Angola,AGO,1998,429.188126933192,107.284821528298,16.29,Low Income,1990s
Albania,ALB,1998,831.175344077295,20.6428588670596,20.042,Lower-Middle Income,1990s
Armenia,ARM,1998,590.239947333459,8.67248632385157,9.4,Low Income,1990s
Australia,AUS,1998,21516.0403147759,0.860129922016289,7.684,High Income,1990s
Austria,AUT,1998,27212.4642905708,0.922467196680849,5.483,High Income,1990s
Azerbaijan,AZE,1998,561.906807871869,-0.772697886033166,10.0,Low Income,1990s
Burundi,BDI,1998,144.456948255536,12.5004107653378,3.156,Low Income,1990s
Belgium,BEL,1998,25338.4432934904,0.94925028835061,9.322,High Income,1990s
Benin,BEN,1998,361.601983057505,5.75331458417064,1.048,Low Income,1990s
Burkina Faso,BFA,1998,249.53173292493,5.08433344145324,2.44,Low Income,1990s
Bangladesh,BGD,1998,385.616881752796,8.40223795613228,2.893,Low Income,1990s
Bulgaria,BGR,1998,1820.44866449942,18.672204442064,12.2,Lower-Middle Income,1990s
Bahrain,BHR,1998,11625.0343768343,-0.366533864541774,1.114,High Income,1990s
The Bahamas,BHS,1998,21667.448821694,1.3366133661337,7.65,High Income,1990s
Belarus,BLR,1998,1511.32531567314,72.8697170535354,14.0,Lower-Middle Income,1990s
Belize,BLZ,1998,4125.92539958166,2.1952625003759,14.31,Upper-Middle Income,1990s
Bolivia,BOL,1998,1022.14506519545,7.67322895675083,2.121,Lower-Middle Income,1990s
Brazil,BRA,1998,5105.89246192003,3.19507629280051,10.15,Upper-Middle Income,1990s
Barbados,BRB,1998,10734.3637242884,-1.26888660701213,12.4,High Income,1990s
Brunei Darussalam,BRN,1998,17769.2463451942,-0.441379310344899,5.356,High Income,1990s
Bhutan,BTN,1998,638.278962310609,10.5855899892463,1.4,Low Income,1990s
Botswana,BWA,1998,2981.19639702109,6.66139865665752,20.86,Upper-Middle Income,1990s
Central African Republic,CAF,1998,266.570544600384,-1.8852009615791,5.773,Low Income,1990s
Canada,CAN,1998,21024.5850687045,0.995942456658019,8.278,High Income,1990s
Switzerland,CHE,1998,42680.5867322391,0.0179384378439321,3.568,High Income,1990s
Chile,CHL,1998,5419.82417297191,5.11024954517559,7.307,Upper-Middle Income,1990s
China,CHN,1998,835.095348597432,-0.773186011549318,3.24,Lower-Middle Income,1990s
Cote d'Ivoire,CIV,1998,1177.37133815342,4.61144759515372,4.1,Lower-Middle Income,1990s
Cameroon,CMR,1998,798.745621406677,3.17075185386906,7.695,Lower-Middle Income,1990s
Democratic Republic of the Congo,COD,1998,131.461338858019,29.1488069236652,3.195,Low Income,1990s
Colombia,COL,1998,2604.87166959518,18.6769799276671,15.0,Lower-Middle Income,1990s
Cabo Verde,CPV,1998,1186.74294773086,4.39423509983477,13.055,Lower-Middle Income,1990s
Costa Rica,CRI,1998,3617.45756666726,11.6592997742233,5.33,Upper-Middle Income,1990s
Cyprus,CYP,1998,15092.828125,2.22770732654316,3.3,High Income,1990s
Czechia,CZE,1998,6526.59635780951,10.6983655274888,6.455,Upper-Middle Income,1990s
Germany,DEU,1998,27395.9440608051,0.911183535014403,9.787,High Income,1990s
Denmark,DNK,1998,33346.4884298957,1.84565122007883,5.039,High Income,1990s
Dominican Republic,DOM,1998,2607.85457321405,4.83166558591895,6.304,Lower-Middle Income,1990s
Algeria,DZA,1998,1603.36623200836,4.95016163793114,26.85,Lower-Middle Income,1990s
Ecuador,ECU,1998,2284.01572847769,36.0984331623885,4.389,Lower-Middle Income,1990s
Egypt,EGY,1998,1212.82259820477,3.87257546427489,8.03,Lower-Middle Income,1990s
Spain,ESP,1998,15382.3348573373,1.83432999908409,18.673,High Income,1990s
Estonia,EST,1998,4093.39247738765,8.20833333333297,9.51,Upper-Middle Income,1990s
Ethiopia,ETH,1998,126.465095781244,0.894801693964106,3.481,Low Income,1990s
Finland,FIN,1998,25999.9861694953,1.3994737857984,13.214,High Income,1990s
Fiji,FJI,1998,2010.49636073149,5.71168160413118,4.746,Lower-Middle Income,1990s
France,FRA,1998,24869.4030795939,0.651126867833072,12.074,High Income,1990s
Gabon,GAB,1998,3699.99513906504,1.44873854294598,17.152,Upper-Middle Income,1990s
United Kingdom,GBR,1998,28396.3523548013,1.82056163731557,6.198,High Income,1990s
Georgia,GEO,1998,851.515542450841,3.56680781278783,14.53,Lower-Middle Income,1990s
Ghana,GHA,1998,400.366799508524,14.6241666666675,8.2,Low Income,1990s
"Gambia, The",GMB,1998,610.234711461724,1.11418841174713,9.898,Low Income,1990s
Guinea-Bissau,GNB,1998,497.724279563733,8.01375518965603,3.349,Low Income,1990s
Equatorial Guinea,GNQ,1998,577.868525342745,7.93571069814148,7.332,Low Income,1990s
Greece,GRC,1998,13022.9648774809,4.76622572397645,12.227,High Income,1990s
Guatemala,GTM,1998,1741.20114182856,6.61346070518058,2.145,Lower-Middle Income,1990s
Guyana,GUY,1998,939.685488169724,4.5864661654135,11.687,Lower-Middle Income,1990s
"Hong Kong SAR, China",HKG,1998,25808.8609899709,2.91262135922399,4.58,High Income,1990s
Honduras,HND,1998,988.655986927253,13.6681077485869,4.02,Lower-Middle Income,1990s
Croatia,HRV,1998,5712.58985659548,6.39668660837554,11.392,Upper-Middle Income,1990s
Haiti,HTI,1998,465.363306259051,5.26903547042201,7.165,Low Income,1990s
Hungary,HUN,1998,4751.7732430202,14.153789654534,8.925,Upper-Middle Income,1990s
Indonesia,IDN,1998,454.877800792123,58.4510413515526,5.459,Low Income,1990s
India,IND,1998,413.630864056851,13.2308389767977,7.596,Low Income,1990s
Ireland,IRL,1998,24294.8547674007,2.40768094534715,7.699,High Income,1990s
Iran,IRN,1998,1709.19334096046,17.8661342130398,10.358,Lower-Middle Income,1990s
Iraq,IRQ,1998,900.937142559106,14.7687735575528,8.064,Lower-Middle Income,1990s
Iceland,ISL,1998,31519.1647473126,1.65924170953427,3.069,High Income,1990s
Israel,ISR,1998,20188.8141481667,5.48875371339656,10.749,High Income,1990s
Italy,ITA,1998,22365.1837644545,1.95508557719381,12.117,High Income,1990s
Jamaica,JAM,1998,3419.49352868739,8.63189613012144,6.846,Upper-Middle Income,1990s
Jordan,JOR,1998,1532.11380395602,3.09166666666703,13.841,Lower-Middle Income,1990s
Japan,JPN,1998,32423.7556133801,0.661974191385911,4.078,High Income,1990s
Kazakhstan,KAZ,1998,1414.59289652597,7.14632665452334,13.13,Lower-Middle Income,1990s
Kenya,KEN,1998,487.883239905452,6.72243650753928,2.843,Low Income,1990s
Kyrgyzstan,KGZ,1998,345.137046084246,10.4573825846721,1.861,Low Income,1990s
Cambodia,KHM,1998,258.780953189377,14.8065035437763,0.712,Low Income,1990s
South Korea,KOR,1998,8583.43557499234,7.51358008079307,6.963,High Income,1990s
Kuwait,KWT,1998,14066.9509572183,0.129658287674027,0.7,High Income,1990s
Laos,LAO,1998,243.923962451418,90.9807345622878,2.293,Low Income,1990s
Libya,LBY,1998,5301.08354775559,3.70927318295739,19.192,Upper-Middle Income,1990s
St. Lucia,LCA,1998,5672.51373770766,3.20194341679091,21.6,Upper-Middle Income,1990s
Sri Lanka,LKA,1998,847.533577843861,9.36424300683229,9.17,Lower-Middle Income,1990s
Lithuania,LTU,1998,3180.64498555255,5.06755385841968,13.711,Upper-Middle Income,1990s
Luxembourg,LUX,1998,47445.3810812051,0.958570110494674,2.763,High Income,1990s
Latvia,LVA,1998,2893.79998716563,4.64421422660783,14.454,Upper-Middle Income,1990s
"Macao SAR, China",MAC,1998,16094.9913844594,0.172630384568516,4.607,High Income,1990s
Morocco,MAR,1998,1668.49755859375,2.75311330764477,13.359,Lower-Middle Income,1990s
Moldova,MDA,1998,578.734627562193,7.69576517517208,10.0,Low Income,1990s
Madagascar,MDG,1998,284.192923139852,6.2080160866332,5.901,Low Income,1990s
Maldives,MDV,1998,1980.38448396751,-1.40425233816792,1.489,Lower-Middle Income,1990s
Mexico,MEX,1998,5832.69342004468,15.9283950119353,3.733,Upper-Middle Income,1990s
North Macedonia,MKD,1998,1875.81662735988,0.544199652523073,34.5,Lower-Middle Income,1990s
Mali,MLI,1998,356.647044025322,4.03658945954986,1.342,Low Income,1990s
Malta,MLT,1998,10408.1157380149,2.38525135417661,6.326,High Income,1990s
Myanmar,MMR,1998,145.950830383757,51.4875497504079,0.772,Low Income,1990s
Mongolia,MNG,1998,483.878066074871,9.35704217716548,5.752,Low Income,1990s
Mauritania,MRT,1998,821.266378551937,8.03166665498858,9.975,Lower-Middle Income,1990s
Mauritius,MUS,1998,3641.62142564086,6.81079323797193,9.253,Upper-Middle Income,1990s
Malawi,MWI,1998,236.045479450504,29.7486512828264,4.921,Low Income,1990s
Malaysia,MYS,1998,3294.30978444095,5.27034200348766,3.2,Upper-Middle Income,1990s
Niger,NER,1998,246.090855923026,4.5480157771872,1.381,Low Income,1990s
Nigeria,NGA,1998,1822.46998452473,9.99637812386806,3.922,Lower-Middle Income,1990s
Netherlands,NLD,1998,27924.281808994,1.95913632274257,4.394,High Income,1990s
Norway,NOR,1998,34803.4634058738,2.25241329996429,3.737,High Income,1990s
Nepal,NPL,1998,205.075246306069,11.2444677818614,10.526,Low Income,1990s
New Zealand,NZL,1998,14738.4455703918,1.26524409915406,7.718,High Income,1990s
Pakistan,PAK,1998,424.453697798497,6.22800415424543,0.62,Low Income,1990s
Panama,PAN,1998,3807.83868807701,0.559081293442493,6.397,Upper-Middle Income,1990s
Peru,PER,1998,2156.39377651613,7.24782175213469,5.099,Lower-Middle Income,1990s
Philippines,PHL,1998,982.865943728564,9.23493432267121,3.697,Lower-Middle Income,1990s
Papua New Guinea,PNG,1998,733.479860137662,13.5741917656809,2.86,Lower-Middle Income,1990s
Poland,POL,1998,4533.5356551781,11.5978554257236,9.935,Upper-Middle Income,1990s
Portugal,PRT,1998,12199.206385024,2.5727522590913,4.64,High Income,1990s
Paraguay,PRY,1998,1889.88455618586,11.5532684355839,4.417,Lower-Middle Income,1990s
West Bank and Gaza,PSE,1998,1465.04605685868,5.57964505838268,10.451,Lower-Middle Income,1990s
Qatar,QAT,1998,17665.4408438222,2.9513888888889,0.87,High Income,1990s
Romania,ROU,1998,1852.5549693339,59.0965827541167,5.63,Lower-Middle Income,1990s
Russia,RUS,1998,1834.86181640625,27.6856798076742,13.261,Lower-Middle Income,1990s
Rwanda,RWA,1998,246.154673288384,6.2100670945581,11.255,Low Income,1990s
Saudi Arabia,SAU,1998,9836.05729768574,-0.37126675171199,4.752,High Income,1990s
Sudan,SDN,1998,350.702880859375,24.6218785461586,15.352,Low Income,1990s
Senegal,SEN,1998,684.588105785786,1.15678070391341,2.751,Lower-Middle Income,1990s
Singapore,SGP,1998,21829.2737831583,-0.267502292876153,3.41,High Income,1990s
Solomon Islands,SLB,1998,1091.89096889326,12.3995038128069,2.155,Lower-Middle Income,1990s
El Salvador,SLV,1998,1859.73085887742,2.54705977554151,7.1,Lower-Middle Income,1990s
Serbia,SRB,1998,2775.47372982047,30.1596997992844,13.7,Upper-Middle Income,1990s
Sao Tome and Principe,STP,1998,513.569380269738,50.4931357486254,14.398,Low Income,1990s
Suriname,SUR,1998,2428.58641994202,18.9753691994478,10.63,Lower-Middle Income,1990s
Slovak Republic,SVK,1998,5560.916177503,6.66565123195824,12.421,Upper-Middle Income,1990s
Slovenia,SVN,1998,11131.5666628231,7.89116682856684,7.39,High Income,1990s
Sweden,SWE,1998,30605.3669074811,-0.267132668354971,8.941,High Income,1990s
Eswatini,SWZ,1998,1546.51519325373,8.10996563573863,23.214,Lower-Middle Income,1990s
Syria,SYR,1998,960.837504927725,-0.797165633303916,7.376,Lower-Middle Income,1990s
Chad,TCD,1998,219.779530915601,4.2588511022514,0.725,Low Income,1990s
Togo,TGO,1998,461.158245854911,0.975338381088674,3.78,Low Income,1990s
Thailand,THA,1998,1847.70379269771,7.9947287502746,3.404,Lower-Middle Income,1990s
Tonga,TON,1998,1888.83194028282,3.27444554260464,3.348,Lower-Middle Income,1990s
Trinidad and Tobago,TTO,1998,4612.70900312686,5.61270907691201,14.21,Upper-Middle Income,1990s
Tunisia,TUN,1998,2285.01933541864,3.12536579655862,15.473,Lower-Middle Income,1990s
Turkiye,TUR,1998,4331.02761275037,84.6413434846314,6.888,Upper-Middle Income,1990s
Tanzania,TZA,1998,386.378448486328,12.7997540479609,3.283,Low Income,1990s
Uganda,UGA,1998,292.453037058835,0.0688041719983172,3.424,Low Income,1990s
Ukraine,UKR,1998,831.336791992188,10.5771611482514,11.32,Lower-Middle Income,1990s
Uruguay,URY,1998,7836.89183322307,10.8110703055616,9.362,Upper-Middle Income,1990s
United States,USA,1998,32853.6769523009,1.55227909874364,4.511,High Income,1990s
St. Vincent and the Grenadines,VCT,1998,3301.10018129103,2.1424064726839,20.521,Upper-Middle Income,1990s
Viet Nam,VNM,1998,361.350928411167,7.2661980440096,2.29,Low Income,1990s
Vanuatu,VUT,1998,1470.97189048658,3.28215987294863,8.223,Lower-Middle Income,1990s
Samoa,WSM,1998,1506.30359215846,2.21883468834654,4.127,Lower-Middle Income,1990s
Yemen,YEM,1998,342.73940747773,5.9765085214186,10.828,Low Income,1990s
South Africa,ZAF,1998,3309.60933087472,6.88054521037351,22.739,Upper-Middle Income,1990s
Zambia,ZMB,1998,373.084763057408,24.4584563516656,12.0,Low Income,1990s
Angola,AGO,1999,392.725539027496,248.195902412868,16.543,Low Income,1990s
Albania,ALB,1999,1056.34481153033,0.389437653561628,20.835,Lower-Middle Income,1990s
Armenia,ARM,1999,582.669886150895,0.648245760470385,11.2,Low Income,1990s
Australia,AUS,1999,20749.6443779096,1.48313946657267,6.876,High Income,1990s
Austria,AUT,1999,27078.7081612201,0.56899376588553,4.699,High Income,1990s
Azerbaijan,AZE,1999,573.893528734031,-8.52517000536063,10.9,Low Income,1990s
Burundi,BDI,1999,127.51419578119,3.38542427340454,3.133,Low Income,1990s
Belgium,BEL,1999,25252.8019066564,1.12084823417847,8.649,High Income,1990s
Benin,BEN,1999,525.130597245974,0.326722893396866,0.949,Low Income,1990s
Burkina Faso,BFA,1999,292.836958697313,-1.07261362759533,2.552,Low Income,1990s
Bangladesh,BGD,1999,388.095684268235,6.10669589841958,3.088,Low Income,1990s
Bulgaria,BGR,1999,1660.9089125393,2.57304281890212,14.1,Lower-Middle Income,1990s
Bahrain,BHR,1999,12123.3534715368,-1.28758797184909,1.112,High Income,1990s
The Bahamas,BHS,1999,24041.0933188158,1.2542482602363,7.45,High Income,1990s
Belarus,BLR,1999,1210.6117195862,293.678750889772,12.8,Lower-Middle Income,1990s
Belize,BLZ,1999,4289.5277590653,2.62139524582746,12.84,Upper-Middle Income,1990s
Bolivia,BOL,1999,979.344494964572,2.15951626835597,2.299,Lower-Middle Income,1990s
Brazil,BRA,1999,3493.57192043228,4.85844749902666,11.125,Upper-Middle Income,1990s
Barbados,BRB,1999,11244.3087668392,1.56006240249605,10.61,High Income,1990s
Brunei Darussalam,BRN,1999,19752.2013255542,-0.415627597672453,5.415,High Income,1990s
Bhutan,BTN,1999,685.419830628567,6.77699393553632,1.4,Lower-Middle Income,1990s
Botswana,BWA,1999,3339.99596033431,7.74929619202848,18.224,Upper-Middle Income,1990s
Central African Republic,CAF,1999,267.995954011083,-1.41420220082551,5.767,Low Income,1990s
Canada,CAN,1999,22315.2466731545,1.73484295105918,7.583,High Income,1990s
Switzerland,CHE,1999,41695.6912912021,0.806444380959459,3.053,High Income,1990s
Chile,CHL,1999,4933.55581516755,3.33687917526023,11.158,Upper-Middle Income,1990s
China,CHN,1999,881.146614068925,-1.40147268276464,3.25,Lower-Middle Income,1990s
Cote d'Ivoire,CIV,1999,1096.13520587572,0.70237580595596,4.421,Lower-Middle Income,1990s
Cameroon,CMR,1999,796.262649784591,1.87174500672008,7.595,Lower-Middle Income,1990s
Democratic Republic of the Congo,COD,1999,96.3192243479286,284.894975914086,3.23,Low Income,1990s
"Congo, Rep.",COG,1999,776.416349733937,4.14267137284048,20.141,Lower-Middle Income,1990s
Colombia,COL,1999,2241.22911801216,10.873687085747,20.06,Lower-Middle Income,1990s
Cabo Verde,CPV,1999,1326.74466945164,4.35643374510452,13.071,Lower-Middle Income,1990s
Costa Rica,CRI,1999,3690.96154778297,10.0452817292494,5.9,Upper-Middle Income,1990s
Cyprus,CYP,1999,15287.91796875,1.62999999999998,5.532,High Income,1990s
Czechia,CZE,1999,6377.6211077224,2.13544844417329,8.702,Upper-Middle Income,1990s
Germany,DEU,1999,26965.4922773722,0.585433064230783,8.854,High Income,1990s
Denmark,DNK,1999,33426.2381077405,2.49779544404529,5.141,High Income,1990s
Dominican Republic,DOM,1999,2620.8896817272,6.47054186846928,6.312,Lower-Middle Income,1990s
Algeria,DZA,1999,1596.11822239025,2.64551113392798,28.575,Lower-Middle Income,1990s
Ecuador,ECU,1999,1575.30234730971,52.2420051858225,4.656,Lower-Middle Income,1990s
Egypt,EGY,1999,1268.30949160496,3.07949912638332,7.95,Lower-Middle Income,1990s
Spain,ESP,1999,15707.9473068138,2.31034813987067,15.475,High Income,1990s
Estonia,EST,1999,4140.93660232167,3.29611089718909,11.573,Upper-Middle Income,1990s
Ethiopia,ETH,1999,120.734631499865,7.94144864137325,3.714,Low Income,1990s
Finland,FIN,1999,26180.4128562349,1.16223155669444,11.693,High Income,1990s
Fiji,FJI,1999,2327.95720514091,1.96867366000919,4.698,Lower-Middle Income,1990s
France,FRA,1999,24576.3152254528,0.537141639134596,11.981,High Income,1990s
Gabon,GAB,1999,3751.35318950625,-1.93660397603626,17.599,Upper-Middle Income,1990s
United Kingdom,GBR,1999,28858.0065333126,1.7529508005142,6.042,High Income,1990s
Georgia,GEO,1999,673.537782887275,19.1926758218895,13.8,Low Income,1990s
Ghana,GHA,1999,403.037326127273,4.86539785077528,10.1,Low Income,1990s
"Gambia, The",GMB,1999,575.459893151216,3.8123720536602,9.737,Low Income,1990s
Guinea-Bissau,GNB,1999,478.733190989909,-2.08630513223527,3.269,Low Income,1990s
Equatorial Guinea,GNQ,1999,930.912549299779,0.372266170311928,7.417,Lower-Middle Income,1990s
Greece,GRC,1999,12742.5404388143,2.6366330602198,12.138,High Income,1990s
Guatemala,GTM,1999,1603.64776144934,5.21361058601122,2.113,Lower-Middle Income,1990s
Guyana,GUY,1999,908.790631391797,7.53821939851393,11.771,Lower-Middle Income,1990s
"Hong Kong SAR, China",HKG,1999,25091.6665997966,-4.00943396226445,6.25,High Income,1990s
Honduras,HND,1999,999.004383328908,11.66374097913,3.85,Lower-Middle Income,1990s
Croatia,HRV,1999,5269.03394637289,4.01913875598086,13.559,Upper-Middle Income,1990s
Haiti,HTI,1999,509.578585275375,3.00439421550734,7.2,Low Income,1990s
Hungary,HUN,1999,4801.95949584162,9.99774409303368,6.929,Upper-Middle Income,1990s
Indonesia,IDN,1999,657.268934667018,20.4778324428892,6.358,Low Income,1990s
India,IND,1999,441.927991436397,4.66982038037594,7.583,Low Income,1990s
Ireland,IRL,1999,26338.1077543817,1.62988605221407,5.804,High Income,1990s
Iran,IRN,1999,1739.59462001458,20.0707078146866,11.176,Lower-Middle Income,1990s
Iraq,IRQ,1999,1560.36466710272,12.5777623393436,7.979,Lower-Middle Income,1990s
Iceland,ISL,1999,32834.4215745364,3.23183260906467,2.178,High Income,1990s
Israel,ISR,1999,19823.2138876277,5.18975459299983,11.183,High Income,1990s
Italy,ITA,1999,22049.9990620261,1.66345995007714,11.681,High Income,1990s
Jamaica,JAM,1999,3431.56813468335,5.95423949113006,6.813,Upper-Middle Income,1990s
Jordan,JOR,1999,1544.58750592979,0.606256567779427,13.763,Lower-Middle Income,1990s
Japan,JPN,1999,36610.1683163197,-0.341296928327554,4.677,High Income,1990s
Kazakhstan,KAZ,1999,1091.54727722159,8.29602765342564,13.46,Lower-Middle Income,1990s
Kenya,KEN,1999,433.721235701305,5.74200109520484,2.884,Low Income,1990s
Kyrgyzstan,KGZ,1999,258.048055936976,37.0309258369344,2.001,Low Income,1990s
Cambodia,KHM,1999,286.753596443196,4.00820702088782,0.727,Low Income,1990s
South Korea,KOR,1999,11062.5019301357,0.81295725444637,6.342,High Income,1990s
Kuwait,KWT,1999,15853.6264423466,2.99081035923166,0.7,High Income,1990s
Laos,LAO,1999,272.325307005412,125.27212839928,2.154,Low Income,1990s
Libya,LBY,1999,6894.51875534758,2.64862252295818,19.233,Upper-Middle Income,1990s
St. Lucia,LCA,1999,5882.83398968649,3.50379784108942,18.09,Upper-Middle Income,1990s
Sri Lanka,LKA,1999,829.356379527539,4.69170563048438,8.88,Lower-Middle Income,1990s
Lithuania,LTU,1999,3127.51176667183,0.727550626557424,13.388,Upper-Middle Income,1990s
Luxembourg,LUX,1999,50872.4492684624,1.02519676474932,2.39,High Income,1990s
Latvia,LVA,1999,3063.89794599707,2.36481836111805,13.79,Upper-Middle Income,1990s
"Macao SAR, China",MAC,1999,15318.6006770368,-3.20416248186587,6.34,High Income,1990s
Morocco,MAR,1999,1635.65673828125,0.684782608695643,13.94,Lower-Middle Income,1990s
Moldova,MDA,1999,399.499818596336,39.2559806891745,11.14,Low Income,1990s
Madagascar,MDG,1999,267.360530991414,9.92953399348781,5.822,Low Income,1990s
Maldives,MDV,1999,2124.06007530631,2.95370836069129,1.726,Lower-Middle Income,1990s
Mexico,MEX,1999,6499.97182950425,16.5856169707538,2.598,Upper-Middle Income,1990s
North Macedonia,MKD,1999,1915.39281060996,-1.27928657572628,32.4,Lower-Middle Income,1990s
Mali,MLI,1999,364.415678427556,-1.20190368637502,1.358,Low Income,1990s
Malta,MLT,1999,10609.1104477299,2.13476888806386,6.325,High Income,1990s
Myanmar,MMR,1999,189.490155849067,18.4010433741609,0.75,Low Income,1990s
Mongolia,MNG,1999,448.660368337533,7.56494150307377,5.844,Low Income,1990s
Mauritania,MRT,1999,781.337033563197,4.07417613596754,10.033,Lower-Middle Income,1990s
Mauritius,MUS,1999,3745.69625069831,6.90914624866773,9.278,Upper-Middle Income,1990s
Malawi,MWI,1999,233.935986197873,44.8041642861674,5.002,Low Income,1990s
Malaysia,MYS,1999,3527.81581379249,2.74456130240604,3.43,Upper-Middle Income,1990s
Niger,NER,1999,228.271656116064,-2.30212503849648,1.385,Low Income,1990s
Nigeria,NGA,1999,480.669363941805,6.61837339479751,3.986,Low Income,1990s
Netherlands,NLD,1999,28318.7466538357,2.1571791805505,3.622,High Income,1990s
Norway,NOR,1999,36393.2927471088,2.36596736596733,3.247,High Income,1990s
Nepal,NPL,1999,208.646667913743,7.45111260957546,10.549,Low Income,1990s
New Zealand,NZL,1999,15322.2238340267,-0.114267129777524,7.023,High Income,1990s
Pakistan,PAK,1999,418.249257055367,4.14263718082171,0.625,Low Income,1990s
Panama,PAN,1999,3950.34144236614,1.24718256949636,6.168,Upper-Middle Income,1990s
Peru,PER,1999,1916.53397367908,3.46965996293019,5.011,Lower-Middle Income,1990s
Philippines,PHL,1999,1101.43515975318,5.93904901780808,3.751,Lower-Middle Income,1990s
Papua New Guinea,PNG,1999,649.994719718763,14.9321817407701,2.939,Low Income,1990s
Poland,POL,1999,4415.50067547826,7.15407291179853,12.29,Upper-Middle Income,1990s
Portugal,PRT,1999,12475.2917701476,2.34009490312169,4.579,High Income,1990s
Paraguay,PRY,1999,1766.30657288259,6.75226586102725,5.343,Lower-Middle Income,1990s
West Bank and Gaza,PSE,1999,1499.49217657019,5.54439180368747,10.382,Lower-Middle Income,1990s
Qatar,QAT,1999,20233.6846826643,2.18170320404723,0.87,High Income,1990s
Romania,ROU,1999,1599.90622808339,45.8037811326363,6.239,Lower-Middle Income,1990s
Russia,RUS,1999,1330.75720214844,85.7464940960636,13.036,Lower-Middle Income,1990s
Rwanda,RWA,1999,264.74368682977,-2.40593209742259,11.569,Low Income,1990s
Saudi Arabia,SAU,1999,10452.1899400479,-1.33375489653896,4.346,High Income,1990s
Sudan,SDN,1999,324.659606933594,17.1664454201761,15.399,Low Income,1990s
Senegal,SEN,1999,677.516338727268,0.827250608272497,2.655,Lower-Middle Income,1990s
Singapore,SGP,1999,21796.6373891001,0.0167098337370727,4.85,High Income,1990s
Solomon Islands,SLB,1999,1133.62256531791,8.02036839296841,2.194,Lower-Middle Income,1990s
El Salvador,SLV,1999,1908.0804545224,0.514827130192979,7.3,Lower-Middle Income,1990s
Serbia,SRB,1999,2768.91041346166,42.4539054642972,13.7,Upper-Middle Income,1990s
Sao Tome and Principe,STP,1999,542.692548018387,12.7251770130085,14.352,Low Income,1990s
Suriname,SUR,1999,1898.1801816053,98.7730914112164,13.6,Lower-Middle Income,1990s
Slovak Republic,SVK,1999,5651.62327514236,10.5704416075225,16.099,Upper-Middle Income,1990s
Slovenia,SVN,1999,11401.4906790909,6.15558754451559,7.324,High Income,1990s
Sweden,SWE,1999,30968.8710702052,0.462175756339138,7.607,High Income,1990s
Eswatini,SWZ,1999,1501.66426653189,6.08886063431493,23.868,Lower-Middle Income,1990s
Syria,SYR,1999,978.17453169496,-3.70370370370365,7.6,Lower-Middle Income,1990s
Chad,TCD,1999,186.638531146223,-8.02505962727454,0.753,Low Income,1990s
Togo,TGO,1999,445.291484100954,-0.0532136248823534,3.889,Low Income,1990s
Thailand,THA,1999,2033.24490520569,0.284726459223034,2.968,Lower-Middle Income,1990s
Tonga,TON,1999,1952.14626248861,4.46435467675891,3.69,Lower-Middle Income,1990s
Trinidad and Tobago,TTO,1999,5179.08350809274,3.43913590881996,13.12,Upper-Middle Income,1990s
Tunisia,TUN,1999,2376.06566791596,2.6901248581158,15.21,Lower-Middle Income,1990s
Turkiye,TUR,1999,3973.77763854116,64.8674876350757,7.687,Upper-Middle Income,1990s
Tanzania,TZA,1999,392.621765136719,7.89043336058877,3.219,Low Income,1990s
Uganda,UGA,1999,257.921949601357,5.77736898687895,3.46,Low Income,1990s
Ukraine,UKR,1999,631.910461425781,22.6836718061345,11.864,Low Income,1990s
Uruguay,URY,1999,7370.56995453931,5.65868803927908,10.466,Upper-Middle Income,1990s
United States,USA,1999,34515.3902272076,2.18802719697358,4.219,High Income,1990s
St. Vincent and the Grenadines,VCT,1999,3446.52293031878,1.01355044438875,20.542,Upper-Middle Income,1990s
Viet Nam,VNM,1999,375.994455900496,4.11710235771736,2.33,Low Income,1990s
Vanuatu,VUT,1999,1472.17751741462,1.99897488467452,8.29,Lower-Middle Income,1990s
Samoa,WSM,1999,1416.76915966987,0.265120132560355,4.489,Lower-Middle Income,1990s
Yemen,YEM,1999,401.448141660801,8.66021949364346,11.46,Low Income,1990s
South Africa,ZAF,1999,3242.36830483958,5.18148905111697,22.884,Upper-Middle Income,1990s
Zambia,ZMB,1999,349.515723095687,26.7876966790029,12.498,Low Income,1990s
Angola,AGO,2000,563.733795571487,324.99687160132,16.646,Low Income,2000s
Albania,ALB,2000,1160.42047054038,0.0500181363468103,19.023,Lower-Middle Income,2000s
Armenia,ARM,2000,593.450581742282,-0.790883768934757,11.107,Low Income,2000s
Australia,AUS,2000,21908.9968019784,4.45743705920869,6.288,High Income,2000s
Austria,AUT,2000,24487.2974685956,2.3448628535728,4.687,High Income,2000s
Azerbaijan,AZE,2000,655.097249579917,1.80500303704356,11.78,Low Income,2000s
Burundi,BDI,2000,134.537861752389,24.4320242102151,3.137,Low Income,2000s
Belgium,BEL,2000,23098.8865077401,2.544517761909,6.586,High Income,2000s
Benin,BEN,2000,487.424141384242,4.16540442290282,0.864,Low Income,2000s
Burkina Faso,BFA,2000,248.908526921752,-0.304212168486802,2.687,Low Income,2000s
Bangladesh,BGD,2000,396.670730249751,2.20825620937535,3.27,Low Income,2000s
Bulgaria,BGR,2000,1621.26210738992,10.3162621289989,16.218,Lower-Middle Income,2000s
Bahrain,BHR,2000,14214.4836839343,-0.704852953090789,1.081,High Income,2000s
The Bahamas,BHS,2000,24940.0775086078,1.60632941740578,7.118,High Income,2000s
Belarus,BLR,2000,1276.2880341,168.620235850933,12.193,Lower-Middle Income,2000s
Belize,BLZ,2000,4726.50675459616,3.06743966930585,10.841,Upper-Middle Income,2000s
Bolivia,BOL,2000,975.777060358751,4.60822998872598,2.439,Lower-Middle Income,2000s
Brazil,BRA,2000,3766.54786339835,7.04414105947265,10.889,Upper-Middle Income,2000s
Barbados,BRB,2000,11674.6736471764,2.43581303489138,9.35,High Income,2000s
Brunei Darussalam,BRN,2000,20130.2572346624,1.55815247634945,5.53,High Income,2000s
Bhutan,BTN,2000,771.924911410619,4.01212081070342,1.655,Lower-Middle Income,2000s
Botswana,BWA,2000,3450.81180622992,8.6014851485149,15.88,Upper-Middle Income,2000s
Central African Republic,CAF,2000,239.154133726071,3.20340091563112,5.722,Low Income,2000s
Canada,CAN,2000,24271.0020563821,2.71943995691976,6.829,High Income,2000s
Switzerland,CHE,2000,38865.021939688,1.55852919679008,2.658,High Income,2000s
Chile,CHL,2000,5052.99245766325,3.84327295706565,10.491,Upper-Middle Income,2000s
China,CHN,2000,969.199513696287,0.347811226864586,3.26,Lower-Middle Income,2000s
Cote d'Ivoire,CIV,2000,936.636541348798,2.53077516737996,4.835,Lower-Middle Income,2000s
Cameroon,CMR,2000,708.565731625965,1.22719012976132,7.533,Low Income,2000s
Democratic Republic of the Congo,COD,2000,377.925421481395,513.906843747535,3.245,Low Income,2000s
"Congo, Rep.",COG,2000,1024.30159109181,-0.88199151702543,19.872,Lower-Middle Income,2000s
Colombia,COL,2000,2555.00751039968,9.22534818585365,20.52,Lower-Middle Income,2000s
Cabo Verde,CPV,2000,1189.51479345891,-2.47745668519835,13.024,Lower-Middle Income,2000s
Costa Rica,CRI,2000,3812.75388284924,10.9615496593622,5.08,Upper-Middle Income,2000s
Cyprus,CYP,2000,14388.3525390625,4.1416576470206,4.766,High Income,2000s
Czechia,CZE,2000,6062.92152842793,3.77538829151729,8.764,Upper-Middle Income,2000s
Germany,DEU,2000,23925.8559901991,1.44026838719741,7.917,High Income,2000s
Denmark,DNK,2000,30722.0251837567,2.90328203236461,4.476,High Income,2000s
Dominican Republic,DOM,2000,2831.45883638033,7.72413566181615,6.432,Lower-Middle Income,2000s
Algeria,DZA,2000,1772.92869122761,0.339163189071768,29.77,Lower-Middle Income,2000s
Ecuador,ECU,2000,1382.23421759909,96.0963756926096,4.8,Lower-Middle Income,2000s
Egypt,EGY,2000,1366.09274372613,2.68380535348546,8.98,Lower-Middle Income,2000s
Spain,ESP,2000,14743.2671031455,3.43351563418766,13.785,High Income,2000s
Estonia,EST,2000,4070.60902410208,4.01848952508763,13.36,Upper-Middle Income,2000s
Ethiopia,ETH,2000,122.269202606069,0.662458109266481,3.499,Low Income,2000s
Finland,FIN,2000,24335.9225082659,3.04210080667795,11.134,High Income,2000s
Fiji,FJI,2000,1995.72071163264,1.09216459977387,4.697,Lower-Middle Income,2000s
France,FRA,2000,22340.5939516217,1.67595988720928,10.218,High Income,2000s
Gabon,GAB,2000,3982.906200928,0.504920025834859,17.848,Upper-Middle Income,2000s
United Kingdom,GBR,2000,28383.8761094996,1.18295624210408,5.558,High Income,2000s
Georgia,GEO,2000,749.908534993961,4.06396201382596,10.82,Low Income,2000s
Ghana,GHA,2000,253.746936203344,40.240933123914,10.456,Low Income,2000s
"Gambia, The",GMB,2000,538.054072348854,0.8449695667737,9.722,Low Income,2000s
Guinea-Bissau,GNB,2000,316.945495037639,8.63632094930278,3.358,Low Income,2000s
Equatorial Guinea,GNQ,2000,1487.3165506701,4.80228886901398,7.444,Lower-Middle Income,2000s
Greece,GRC,2000,11638.2010697215,3.15118162493827,11.345,High Income,2000s
Guatemala,GTM,2000,1648.96578971559,5.97757734737136,2.143,Lower-Middle Income,2000s
Guyana,GUY,2000,931.796651718955,6.14854333024871,11.917,Lower-Middle Income,2000s
"Hong Kong SAR, China",HKG,2000,25756.7728723704,-3.68550368550369,4.92,High Income,2000s
Honduras,HND,2000,1092.56400746252,11.0480349344976,3.883,Lower-Middle Income,2000s
Croatia,HRV,2000,4953.65158789022,4.61131554737801,16.064,Upper-Middle Income,2000s
Haiti,HTI,2000,820.600046761464,9.33322197565603,8.443,Lower-Middle Income,2000s
Hungary,HUN,2000,4629.91760812548,9.80361016908125,6.563,Upper-Middle Income,2000s
Indonesia,IDN,2000,763.711124950924,3.68862037056682,6.077,Lower-Middle Income,2000s
India,IND,2000,442.750218937263,4.0094359104519,7.589,Low Income,2000s
Ireland,IRL,2000,26334.5672050501,5.57763269940387,4.318,High Income,2000s
Iran,IRN,2000,1650.01385833785,14.4767513188567,11.698,Lower-Middle Income,2000s
Iraq,IRQ,2000,1980.18916038782,4.97896213183735,8.038,Lower-Middle Income,2000s
Iceland,ISL,2000,32503.578963236,5.13647123245151,1.936,High Income,2000s
Israel,ISR,2000,21706.5194056329,1.03263640999489,11.102,High Income,2000s
Italy,ITA,2000,20190.0035636084,2.53768532095002,10.834,High Income,2000s
Jamaica,JAM,2000,3453.09252800226,8.17108356120225,6.752,Upper-Middle Income,2000s
Jordan,JOR,2000,1570.61002940477,0.66688092559796,13.7,Lower-Middle Income,2000s
Japan,JPN,2000,39169.3595701504,-0.676578683595175,4.748,High Income,2000s
Kazakhstan,KAZ,2000,1180.0444563226,13.1808905865731,12.75,Lower-Middle Income,2000s
Kenya,KEN,2000,414.626365130846,9.98002515350979,2.884,Low Income,2000s
Kyrgyzstan,KGZ,2000,279.621738464365,18.7007342838023,2.143,Low Income,2000s
Cambodia,KHM,2000,296.426687526334,-0.791992529473567,0.745,Low Income,2000s
South Korea,KOR,2000,12710.2995795579,2.25916580080157,4.063,High Income,2000s
Kuwait,KWT,2000,19296.3471698729,1.81294613887089,0.8,High Income,2000s
Laos,LAO,2000,318.749852236965,25.0846414281315,2.045,Low Income,2000s
Libya,LBY,2000,7214.10040377084,-2.90000000000024,19.275,Upper-Middle Income,2000s
St. Lucia,LCA,2000,5879.56191426207,3.7107860871361,16.49,Upper-Middle Income,2000s
Sri Lanka,LKA,2000,860.199884304769,6.17627591012045,7.74,Lower-Middle Income,2000s
Lesotho,LSO,2000,442.779545779081,6.13197538722696,16.169,Low Income,2000s
Lithuania,LTU,2000,3300.63634928559,0.981615478857598,15.931,Upper-Middle Income,2000s
Luxembourg,LUX,2000,48659.5988753233,3.15076707022592,2.345,High Income,2000s
Latvia,LVA,2000,3278.17896440803,2.65425477796048,14.211,Upper-Middle Income,2000s
"Macao SAR, China",MAC,2000,15731.4081633771,-1.60971883961897,6.874,High Income,2000s
Morocco,MAR,2000,1499.107421875,1.89463456763464,13.58,Lower-Middle Income,2000s
Moldova,MDA,2000,440.538683980372,31.2993015817784,8.539,Low Income,2000s
Madagascar,MDG,2000,280.282905559649,11.859684500028,5.8,Low Income,2000s
Maldives,MDV,2000,2213.81235053178,-1.17475681175946,1.97,Lower-Middle Income,2000s
Mexico,MEX,2000,7524.0271380091,9.49156149435403,2.646,Upper-Middle Income,2000s
North Macedonia,MKD,2000,1861.89899780644,6.60742291038536,32.2,Lower-Middle Income,2000s
Mali,MLI,2000,304.652870194271,-0.677661659046769,1.412,Low Income,2000s
Malta,MLT,2000,10348.4858902403,2.36959287531806,6.324,High Income,2000s
Myanmar,MMR,2000,196.619580625284,-0.109165514668565,0.712,Low Income,2000s
Mongolia,MNG,2000,476.02755082717,11.5955387593327,5.992,Low Income,2000s
Mauritania,MRT,2000,680.911061879778,3.25406745833358,10.03,Low Income,2000s
Mauritius,MUS,2000,3981.98343249582,4.19928825622807,9.125,Upper-Middle Income,2000s
Malawi,MWI,2000,224.22415918428,29.5814884631684,5.045,Low Income,2000s
Malaysia,MYS,2000,4083.52874483605,1.53474023697699,3.0,Upper-Middle Income,2000s
Niger,NER,2000,194.771959898935,2.90014973599108,1.427,Low Income,2000s
Nigeria,NGA,2000,547.318298903379,6.93329215565161,3.953,Low Income,2000s
Nicaragua,NIC,2000,1017.3124434882,7.06991352252517,7.181,Lower-Middle Income,2000s
Netherlands,NLD,2000,26225.1697734149,2.36052233801958,2.725,High Income,2000s
Norway,NOR,2000,38178.2368777076,3.08550609131279,3.458,High Income,2000s
Nepal,NPL,2000,223.830289183078,2.47882020709136,10.531,Low Income,2000s
New Zealand,NZL,2000,13641.1027183822,2.6152344624632,6.13,High Income,2000s
Pakistan,PAK,2000,642.338346499898,4.36666451291681,0.614,Low Income,2000s
Panama,PAN,2000,3975.09310275544,1.49896111605777,6.188,Upper-Middle Income,2000s
Peru,PER,2000,1945.41338451698,3.75733833344474,4.959,Lower-Middle Income,2000s
Philippines,PHL,2000,1050.79273107952,3.9771250324928,3.77,Lower-Middle Income,2000s
Papua New Guinea,PNG,2000,635.957919047725,15.5958933107535,2.92,Low Income,2000s
Poland,POL,2000,4520.64100449111,9.90017538843065,14.928,Upper-Middle Income,2000s
Portugal,PRT,2000,11526.3720667968,2.85303039287157,3.806,High Income,2000s
Paraguay,PRY,2000,1736.11729210765,8.98215976750022,7.61,Lower-Middle Income,2000s
West Bank and Gaza,PSE,2000,1476.17185000238,2.79819892435758,10.625,Lower-Middle Income,2000s
Qatar,QAT,2000,27535.182940934,1.65033522434232,0.87,High Income,2000s
Romania,ROU,2000,1659.92904910528,45.6665940440238,6.969,Lower-Middle Income,2000s
Russia,RUS,2000,1771.59411621094,20.7987606558704,10.581,Lower-Middle Income,2000s
Rwanda,RWA,2000,251.86926386091,3.89952980284712,11.699,Low Income,2000s
Saudi Arabia,SAU,2000,11714.5623675159,-1.12499838517645,4.57,High Income,2000s
Sudan,SDN,2000,362.116882324219,7.12125897172291,15.595,Low Income,2000s
Senegal,SEN,2000,603.233162455158,0.731981981981597,2.638,Low Income,2000s
Singapore,SGP,2000,23852.8389514753,1.36162392448456,3.7,High Income,2000s
Solomon Islands,SLB,2000,953.17190137706,7.88956186986721,2.446,Lower-Middle Income,2000s
El Salvador,SLV,2000,1982.87093542615,2.27128756828723,6.96,Lower-Middle Income,2000s
Serbia,SRB,2000,974.725469278615,71.1206287946541,12.6,Lower-Middle Income,2000s
Sao Tome and Principe,STP,2000,529.089383412262,12.2089456308977,14.4,Low Income,2000s
Suriname,SUR,2000,1988.22172925433,59.401686545079,12.873,Lower-Middle Income,2000s
Slovak Republic,SVK,2000,5421.6448441887,12.0357805974299,18.546,Upper-Middle Income,2000s
Slovenia,SVN,2000,10135.7219109212,8.91174418658769,6.918,High Income,2000s
Sweden,SWE,2000,29632.5890811623,0.899143734041715,5.466,High Income,2000s
Eswatini,SWZ,2000,1629.67038842815,12.2085358545844,24.547,Lower-Middle Income,2000s
Syria,SYR,2000,1138.1884854278,-3.84615384615379,9.587,Lower-Middle Income,2000s
Chad,TCD,2000,163.121663683369,3.82260088086306,0.796,Low Income,2000s
Togo,TGO,2000,409.889802792768,1.86260595463067,4.162,Low Income,2000s
Thailand,THA,2000,2005.97694514234,1.59196917460972,2.389,Lower-Middle Income,2000s
Tonga,TON,2000,1995.07667546271,6.32763551411155,3.966,Lower-Middle Income,2000s
Trinidad and Tobago,TTO,2000,6178.58975559687,3.55541319666877,12.1,Upper-Middle Income,2000s
Tunisia,TUN,2000,2199.04465936314,2.96230794738605,14.94,Lower-Middle Income,2000s
Turkiye,TUR,2000,4199.3798635759,54.9153705812683,6.495,Upper-Middle Income,2000s
Tanzania,TZA,2000,401.698150634766,5.92396109637479,3.129,Low Income,2000s
Uganda,UGA,2000,258.050338731086,3.39202158512998,3.531,Low Income,2000s
Ukraine,UKR,2000,653.294311523438,28.2030972388552,11.707,Low Income,2000s
Uruguay,URY,2000,6987.70098766257,4.76382472733251,12.627,Upper-Middle Income,2000s
United States,USA,2000,36329.9560727102,3.37685727149929,3.992,High Income,2000s
St. Vincent and the Grenadines,VCT,2000,3768.95536604022,0.167679637488279,20.8,Upper-Middle Income,2000s
Viet Nam,VNM,2000,404.029784055118,-1.71033727851109,2.26,Low Income,2000s
Vanuatu,VUT,2000,1460.23817692229,2.53768844221106,8.266,Lower-Middle Income,2000s
Samoa,WSM,2000,1424.75240002471,0.966782350024729,4.733,Lower-Middle Income,2000s
Yemen,YEM,2000,493.235182634814,4.58999999999981,11.557,Low Income,2000s
South Africa,ZAF,2000,3217.84693448467,5.33895913599828,22.788,Upper-Middle Income,2000s
Zambia,ZMB,2000,359.429500988221,26.0304117888121,12.93,Low Income,2000s
Angola,AGO,2001,533.586202412447,152.561022469298,16.668,Low Income,2000s
Albania,ALB,2001,1326.41652388077,3.10758827031435,18.57,Lower-Middle Income,2000s
Armenia,ARM,2001,659.588988535629,3.1459046468502,11.012,Low Income,2000s
Australia,AUS,2001,19733.6510102645,4.40712998561533,6.747,High Income,2000s
Austria,AUT,2001,24430.495982841,2.65000077279529,4.007,High Income,2000s
Azerbaijan,AZE,2001,703.670998584686,1.54719590152279,10.91,Low Income,2000s
Burundi,BDI,2001,132.159554541932,9.29618771341888,3.154,Low Income,2000s
Belgium,BEL,2001,23015.0712632462,2.46925823086082,6.178,High Income,2000s
Benin,BEN,2001,492.401499509072,3.98429547767893,0.766,Low Income,2000s
Burkina Faso,BFA,2001,259.485223380436,5.00743290822373,2.748,Low Income,2000s
Bangladesh,BGD,2001,394.65641001891,2.0071737421384,3.609,Low Income,2000s
Bulgaria,BGR,2001,1770.90704918691,7.3609392723184,19.921,Lower-Middle Income,2000s
Bahrain,BHR,2001,13573.2339887597,-1.20757180156659,1.118,High Income,2000s
The Bahamas,BHS,2001,25371.9237667614,2.0449897750512,6.87,High Income,2000s
Belarus,BLR,2001,1244.37318523431,61.1349331618476,11.561,Lower-Middle Income,2000s
Belize,BLZ,2001,4718.77715104739,3.65141786561502,9.07,Upper-Middle Income,2000s
Bolivia,BOL,2001,930.168227214313,1.58965377879567,2.623,Lower-Middle Income,2000s
Brazil,BRA,2001,3176.28975052524,6.84035902487523,10.649,Upper-Middle Income,2000s
Barbados,BRB,2001,11639.5160522054,2.57783490431287,9.85,High Income,2000s
Brunei Darussalam,BRN,2001,18287.8272281914,0.595890410958989,5.558,High Income,2000s
Bhutan,BTN,2001,812.238210772056,3.41478946111594,1.9,Lower-Middle Income,2000s
Botswana,BWA,2001,3206.07123689853,6.55903767014861,18.54,Upper-Middle Income,2000s
Central African Republic,CAF,2001,237.951702544735,3.83486060237361,5.77,Low Income,2000s
Canada,CAN,2001,23822.096210932,2.52512013979905,7.219,High Income,2000s
Switzerland,CHE,2001,39638.7911061864,0.989020329832545,2.49,High Income,2000s
Chile,CHL,2001,4563.5952986689,3.56910053001466,10.39,Upper-Middle Income,2000s
China,CHN,2001,1065.40597574519,0.719125609120113,3.8,Lower-Middle Income,2000s
Cote d'Ivoire,CIV,2001,924.727294962066,4.36152914007256,5.195,Lower-Middle Income,2000s
Cameroon,CMR,2001,715.470296470585,4.41977245881145,7.46,Low Income,2000s
Democratic Republic of the Congo,COD,2001,142.678142604412,359.936614264585,3.251,Low Income,2000s
"Congo, Rep.",COG,2001,854.598314408095,0.0559899218140582,19.88,Lower-Middle Income,2000s
Colombia,COL,2001,2472.99084035833,7.96556090304834,15.04,Lower-Middle Income,2000s
Comoros,COM,2001,681.163857619963,5.55459394816812,4.379,Low Income,2000s
Cabo Verde,CPV,2001,1223.33055331575,3.34996472317894,13.242,Lower-Middle Income,2000s
Costa Rica,CRI,2001,3985.12984506207,11.2556157091171,6.051,Upper-Middle Income,2000s
Cyprus,CYP,2001,14821.44921875,1.97304191729914,4.043,High Income,2000s
Czechia,CZE,2001,6669.07494847497,4.66267556988257,8.128,Upper-Middle Income,2000s
Germany,DEU,2001,23878.3641471651,1.98385731334471,7.773,High Income,2000s
Djibouti,DJI,2001,742.133791107063,1.74665224985434,26.597,Low Income,2000s
Denmark,DNK,2001,30768.4775471112,2.33787000255262,4.164,High Income,2000s
Dominican Republic,DOM,2001,2935.89367312668,8.8830684881296,7.262,Lower-Middle Income,2000s
Algeria,DZA,2001,1896.30020878013,4.22598834854673,27.3,Lower-Middle Income,2000s
Ecuador,ECU,2001,1791.30359685037,37.6767454518094,4.252,Lower-Middle Income,2000s
Egypt,EGY,2001,1295.1374184163,2.26975720475955,9.26,Lower-Middle Income,2000s
Spain,ESP,2001,15368.2337984435,3.58983413338112,10.348,High Income,2000s
Estonia,EST,2001,4502.66614992392,5.74827981651373,13.134,Upper-Middle Income,2000s
Ethiopia,ETH,2001,118.457204255261,-8.23784453391136,3.16,Low Income,2000s
Finland,FIN,2001,24965.202996776,2.57844080098895,10.29,High Income,2000s
Fiji,FJI,2001,1944.997414609,4.27267024465105,4.692,Lower-Middle Income,2000s
France,FRA,2001,22331.7948343036,1.63478079549599,8.61,High Income,2000s
Gabon,GAB,2001,3835.75718279727,2.13762052701465,17.827,Upper-Middle Income,2000s
United Kingdom,GBR,2001,28013.8729635508,1.53234960272418,4.696,High Income,2000s
Georgia,GEO,2001,801.98383707929,4.64604442058634,11.16,Lower-Middle Income,2000s
Ghana,GHA,2001,263.542156494853,41.509496287803,9.615,Low Income,2000s
"Gambia, The",GMB,2001,459.803068381399,4.49259609239754,9.64,Low Income,2000s
Guinea-Bissau,GNB,2001,327.138431972397,3.34812265527108,2.958,Low Income,2000s
Equatorial Guinea,GNQ,2001,1948.61145907844,8.82538925854966,7.551,Lower-Middle Income,2000s
Greece,GRC,2001,12156.9572824221,3.37396832213865,10.764,High Income,2000s
Guatemala,GTM,2001,1537.68663578252,7.28587366610138,2.251,Lower-Middle Income,2000s
Guyana,GUY,2001,931.574723847673,2.62741314203332,11.796,Lower-Middle Income,2000s
"Hong Kong SAR, China",HKG,2001,25230.3780910304,-1.65816326530609,5.09,High Income,2000s
Honduras,HND,2001,1132.1648753329,9.67415556865377,4.0,Lower-Middle Income,2000s
Croatia,HRV,2001,5364.83824691607,3.77670246665889,15.822,Upper-Middle Income,2000s
Haiti,HTI,2001,748.821159844528,13.31672224251,9.728,Low Income,2000s
Hungary,HUN,2001,5280.94887987063,9.11680911680911,5.671,Upper-Middle Income,2000s
Indonesia,IDN,2001,732.307093405708,11.5001160550887,6.082,Low Income,2000s
India,IND,2001,450.357900514128,3.77929312235637,7.611,Low Income,2000s
Ireland,IRL,2001,28282.409882073,4.85280279607477,3.684,High Income,2000s
Iran,IRN,2001,1881.02266635283,11.2742471332117,12.362,Lower-Middle Income,2000s
Iraq,IRQ,2001,1435.695683789,16.3740814963262,8.249,Lower-Middle Income,2000s
Iceland,ISL,2001,29208.1981853568,6.40508550386868,1.874,High Income,2000s
Israel,ISR,2001,20966.3052667971,1.12302839116721,11.812,High Income,2000s
Italy,ITA,2001,20570.4385917862,2.78516542713554,9.599,High Income,2000s
Jamaica,JAM,2001,3503.55026688858,6.8019093078759,6.641,Upper-Middle Income,2000s
Jordan,JOR,2001,1632.29454010563,1.77220437351017,14.7,Lower-Middle Income,2000s
Japan,JPN,2001,34406.1824638092,-0.740055504162738,5.02,High Income,2000s
Kazakhstan,KAZ,2001,1422.27331810957,8.35413777161344,10.43,Lower-Middle Income,2000s
Kenya,KEN,2001,410.700452474814,5.73859814341467,2.876,Low Income,2000s
Kyrgyzstan,KGZ,2001,308.41129550148,6.9196798942304,2.273,Low Income,2000s
Cambodia,KHM,2001,327.500984314444,-0.600648300123686,0.778,Low Income,2000s
South Korea,KOR,2001,11981.4828218758,4.06657587897792,3.699,High Income,2000s
Kuwait,KWT,2001,17374.2318664227,1.29999999999999,0.8,High Income,2000s
Laos,LAO,2001,320.316005439568,7.81180794783471,1.881,Low Income,2000s
Libya,LBY,2001,6312.80030498965,-8.81393752145546,19.239,Upper-Middle Income,2000s
St. Lucia,LCA,2001,5570.45247098106,5.30722081028547,18.538,Upper-Middle Income,2000s
Sri Lanka,LKA,2001,803.544026627385,14.15845579912,7.9,Lower-Middle Income,2000s
Lesotho,LSO,2001,412.677473676821,-9.61615353858472,16.081,Low Income,2000s
Lithuania,LTU,2001,3532.52787363242,1.36712030817819,16.84,Upper-Middle Income,2000s
Luxembourg,LUX,2001,48440.1420151355,2.66382110579103,1.805,High Income,2000s
Latvia,LVA,2001,3504.61829462397,2.48704003555464,13.821,Upper-Middle Income,2000s
"Macao SAR, China",MAC,2001,15810.7227666562,-1.98465008641646,6.371,High Income,2000s
Morocco,MAR,2001,1506.24523925781,0.619801875297975,12.46,Lower-Middle Income,2000s
Moldova,MDA,2001,507.404076252819,9.7646628575763,7.366,Low Income,2000s
Madagascar,MDG,2001,319.283278235657,7.91694484529586,5.35,Low Income,2000s
Maldives,MDV,2001,3033.93234507036,0.67257737006247,3.038,Upper-Middle Income,2000s
Mexico,MEX,2001,7952.76479510706,6.36773806235037,2.627,Upper-Middle Income,2000s
North Macedonia,MKD,2001,1823.02267682636,5.19888525744048,30.52,Lower-Middle Income,2000s
Mali,MLI,2001,346.224554251022,5.18701191944068,1.332,Low Income,2000s
Malta,MLT,2001,10357.7025891731,2.92949244324104,7.107,High Income,2000s
Myanmar,MMR,2001,141.525660705722,21.101305376923,0.689,Low Income,2000s
Mongolia,MNG,2001,524.453483552485,6.27736020484006,6.111,Low Income,2000s
Mauritania,MRT,2001,651.817840199777,4.7148963468961,10.132,Low Income,2000s
Mauritius,MUS,2001,3908.55694927435,5.38934426229508,9.14,Upper-Middle Income,2000s
Malawi,MWI,2001,215.474524898357,22.7,5.221,Low Income,2000s
Malaysia,MYS,2001,3943.79943910239,1.41678473206098,3.53,Upper-Middle Income,2000s
Niger,NER,2001,205.417936120931,4.00551428352678,1.47,Low Income,2000s
Nigeria,NGA,2001,566.428231812933,18.8736462093863,3.9,Low Income,2000s
Nicaragua,NIC,2001,1051.874235891,5.98604186279518,7.222,Lower-Middle Income,2000s
Netherlands,NLD,2001,26955.7128032278,4.15584127195612,2.119,High Income,2000s
Norway,NOR,2001,38601.897639231,3.00419703998233,3.738,High Income,2000s
Nepal,NPL,2001,240.795114544664,2.6883037354563,10.502,Low Income,2000s
New Zealand,NZL,2001,13882.8568268586,2.62581630392903,5.433,High Income,2000s
Oman,OMN,2001,9611.96360191054,-0.816666666666656,4.298,High Income,2000s
Pakistan,PAK,2001,609.939506905073,3.14826144590618,0.611,Low Income,2000s
Panama,PAN,2001,3991.77672094655,0.307062436028722,6.293,Upper-Middle Income,2000s
Peru,PER,2001,1929.57273038846,1.97709878502053,5.068,Lower-Middle Income,2000s
Philippines,PHL,2001,969.530611744453,5.34550195567142,3.698,Lower-Middle Income,2000s
Papua New Guinea,PNG,2001,537.847459634131,9.29817332783968,2.801,Low Income,2000s
Poland,POL,2001,5015.23790036613,5.4083354556615,18.435,Upper-Middle Income,2000s
Portugal,PRT,2001,11734.7649743954,4.36990330551793,3.829,High Income,2000s
Paraguay,PRY,2001,1637.68615122932,7.26806028584825,6.206,Lower-Middle Income,2000s
West Bank and Gaza,PSE,2001,1335.55319529359,1.22278475878898,21.493,Lower-Middle Income,2000s
Qatar,QAT,2001,25870.7991864314,1.47133434804683,0.87,High Income,2000s
Romania,ROU,2001,1825.19299373184,34.4770123493527,6.561,Lower-Middle Income,2000s
Russia,RUS,2001,2100.3525390625,21.4770072117159,8.978,Lower-Middle Income,2000s
Rwanda,RWA,2001,237.308846200901,3.34285506749409,11.732,Low Income,2000s
Saudi Arabia,SAU,2001,10805.311325122,-1.12094804896791,4.618,High Income,2000s
Sudan,SDN,2001,451.293304443359,1.93529572095333,15.56,Low Income,2000s
Senegal,SEN,2001,637.213530563724,2.97450083919566,2.674,Low Income,2000s
Singapore,SGP,2001,21699.7414868907,0.997197956155943,3.76,High Income,2000s
Solomon Islands,SLB,2001,911.791935385411,6.92583732057426,2.642,Lower-Middle Income,2000s
El Salvador,SLV,2001,2058.04459070452,3.7508205747202,6.96,Lower-Middle Income,2000s
Serbia,SRB,2001,1812.42088281393,95.0052258100006,12.8,Lower-Middle Income,2000s
Sao Tome and Principe,STP,2001,518.88050130005,9.22203707560889,15.73,Low Income,2000s
Suriname,SUR,2001,1714.64846637242,38.5862878872611,12.047,Lower-Middle Income,2000s
Slovak Republic,SVK,2001,5712.47802761654,7.3296201911553,19.148,Upper-Middle Income,2000s
Slovenia,SVN,2001,10375.6255869861,8.37966587492204,5.682,High Income,2000s
Sweden,SWE,2001,27259.3174300217,2.40595834145436,4.73,High Income,2000s
Eswatini,SWZ,2001,1429.85630359447,5.94210982281648,25.24,Lower-Middle Income,2000s
Syria,SYR,2001,1186.82913474027,2.99999999999995,11.63,Lower-Middle Income,2000s
Chad,TCD,2001,194.32295331156,12.4312865279941,0.792,Low Income,2000s
Togo,TGO,2001,396.692654520135,3.91959133653146,4.108,Low Income,2000s
Thailand,THA,2001,1889.93432467144,1.62690887314091,2.6,Lower-Middle Income,2000s
Tajikistan,TJK,2001,168.676285365186,38.59188944886,3.75,Low Income,2000s
Tonga,TON,2001,1753.51667576626,8.2902831885033,4.368,Lower-Middle Income,2000s
Trinidad and Tobago,TTO,2001,6657.41466937221,5.536653263223,10.88,Upper-Middle Income,2000s
Tunisia,TUN,2001,2235.71981624751,1.98333333333337,14.4,Lower-Middle Income,2000s
Turkiye,TUR,2001,3052.2256706793,54.4001887619074,8.381,Upper-Middle Income,2000s
Tanzania,TZA,2001,396.638732910156,5.14746800222618,2.994,Low Income,2000s
Uganda,UGA,2001,236.021188853993,1.86512524084773,3.522,Low Income,2000s
Ukraine,UKR,2001,800.49072265625,11.9588085390459,11.061,Lower-Middle Income,2000s
Uruguay,URY,2001,6382.76104740859,4.3593406521727,15.052,Upper-Middle Income,2000s
United States,USA,2001,37133.623113437,2.82617111885407,4.731,High Income,2000s
St. Vincent and the Grenadines,VCT,2001,4071.08601098962,0.9008584858665,21.1,Upper-Middle Income,2000s
Viet Nam,VNM,2001,419.205677580901,-0.43154451172818,2.76,Low Income,2000s
Vanuatu,VUT,2001,1350.18338238522,3.57755452095074,8.415,Lower-Middle Income,2000s
Samoa,WSM,2001,1453.87021324606,3.83828463867725,4.96,Lower-Middle Income,2000s
Yemen,YEM,2001,487.141257946318,11.9115912929855,11.724,Low Income,2000s
South Africa,ZAF,2001,2847.15191945908,5.70189483049608,22.652,Lower-Middle Income,2000s
Zambia,ZMB,2001,396.548952993504,21.3937821792546,13.404,Low Income,2000s
Angola,AGO,2002,999.065855913758,108.897436089429,16.432,Lower-Middle Income,2000s
Albania,ALB,2002,1479.83884572006,7.7705258343155,17.891,Lower-Middle Income,2000s
Armenia,ARM,2002,742.651118319819,1.06004929341666,10.888,Low Income,2000s
Australia,AUS,2002,20335.0960191023,2.98157117047457,6.375,High Income,2000s
Austria,AUT,2002,26334.862215032,1.81035787764128,4.852,High Income,2000s
Azerbaijan,AZE,2002,763.108895463487,2.7711647199827,10.04,Lower-Middle Income,2000s
Burundi,BDI,2002,120.952308575468,-1.36568005328059,3.168,Low Income,2000s
Belgium,BEL,2002,25006.191397109,1.6452143617536,6.91,High Income,2000s
Benin,BEN,2002,546.463829658159,2.48916235491541,0.69,Low Income,2000s
Burkina Faso,BFA,2002,285.654087637533,2.17569480664608,2.862,Low Income,2000s
Bangladesh,BGD,2002,393.886422327628,3.33256493271912,3.966,Low Income,2000s
Bulgaria,BGR,2002,2092.98288625558,5.81014365721825,18.11,Lower-Middle Income,2000s
Bahrain,BHR,2002,13501.4708801425,-0.495540138751154,1.137,High Income,2000s
The Bahamas,BHS,2002,26781.6195938652,2.17357792508093,9.05,High Income,2000s
Belarus,BLR,2002,1479.38066337175,42.5375481348794,10.874,Lower-Middle Income,2000s
Belize,BLZ,2002,4858.86062599362,4.24026660688645,10.04,Upper-Middle Income,2000s
Bolivia,BOL,2002,888.221328974352,0.928258851611069,2.603,Lower-Middle Income,2000s
Brazil,BRA,2002,2855.94017137049,8.45016437708331,10.641,Lower-Middle Income,2000s
Barbados,BRB,2002,11760.4524736133,0.125249458056019,10.32,High Income,2000s
Brunei Darussalam,BRN,2002,18621.2922577525,-2.3149724245932,5.652,High Income,2000s
Bhutan,BTN,2002,895.799489930972,2.45535714285714,1.854,Lower-Middle Income,2000s
Botswana,BWA,2002,3117.25087183011,8.03279662527485,21.277,Upper-Middle Income,2000s
Central African Republic,CAF,2002,248.639290978403,2.33181703516234,5.809,Low Income,2000s
Canada,CAN,2002,24256.0192337185,2.25839440940855,7.665,High Income,2000s
Switzerland,CHE,2002,42458.7384679187,0.642711506543277,2.924,High Income,2000s
Chile,CHL,2002,4430.84741157984,2.48939816650705,10.168,Upper-Middle Income,2000s
China,CHN,2002,1163.55957673426,-0.731970902350243,4.24,Lower-Middle Income,2000s
Cote d'Ivoire,CIV,2002,967.815864415991,3.07726485157427,5.508,Lower-Middle Income,2000s
Cameroon,CMR,2002,789.623811072554,2.83442260128066,6.711,Lower-Middle Income,2000s
Democratic Republic of the Congo,COD,2002,162.38052907429,31.5225826025495,3.179,Low Income,2000s
"Congo, Rep.",COG,2002,905.538135544704,4.37875971780872,19.644,Lower-Middle Income,2000s
Colombia,COL,2002,2428.92969771584,6.35150728778872,14.481,Lower-Middle Income,2000s
Comoros,COM,2002,764.61349832543,3.53304214308077,4.372,Lower-Middle Income,2000s
Cabo Verde,CPV,2002,1328.57874270666,1.88453410076764,13.379,Lower-Middle Income,2000s
Costa Rica,CRI,2002,4067.71851429092,9.16752048509118,6.396,Upper-Middle Income,2000s
Cyprus,CYP,2002,16093.2158203125,2.80115505180746,3.336,High Income,2000s
Czechia,CZE,2002,8101.26018588111,1.90298097019026,7.28,Upper-Middle Income,2000s
Germany,DEU,2002,25486.5942008748,1.42080615551526,8.482,High Income,2000s
Djibouti,DJI,2002,743.013270420348,0.637619553666319,26.589,Low Income,2000s
Denmark,DNK,2002,33257.1622586509,2.42443661219694,4.274,High Income,2000s
Dominican Republic,DOM,2002,3065.60329524196,5.22336769759446,6.779,Upper-Middle Income,2000s
Algeria,DZA,2002,1937.46411413019,1.4183019234505,25.9,Lower-Middle Income,2000s
Ecuador,ECU,2002,2059.1585535974,12.4835980082094,4.825,Lower-Middle Income,2000s
Egypt,EGY,2002,1116.82884626213,2.73723855000334,10.01,Lower-Middle Income,2000s
Spain,ESP,2002,17111.0685058941,3.06565685902219,11.146,High Income,2000s
Estonia,EST,2002,5343.18310760735,3.57191270164026,10.026,Upper-Middle Income,2000s
Ethiopia,ETH,2002,109.593813612988,0.6750891021708,3.054,Low Income,2000s
Finland,FIN,2002,26989.389260959,1.57122012789379,10.423,High Income,2000s
Fiji,FJI,2002,2136.56794118683,0.762032085561206,4.772,Lower-Middle Income,2000s
France,FRA,2002,24144.5727019529,1.92341228727063,8.702,High Income,2000s
Gabon,GAB,2002,3966.48001864663,0.0366828893971394,17.376,Upper-Middle Income,2000s
United Kingdom,GBR,2002,30158.7017807858,1.52040245947455,5.037,High Income,2000s
Georgia,GEO,2002,853.526171868939,5.58783730000794,12.59,Lower-Middle Income,2000s
Ghana,GHA,2002,297.46164468774,9.36093239560313,8.711,Low Income,2000s
"Gambia, The",GMB,2002,376.531026962584,8.60912474386327,10.039,Low Income,2000s
Guinea-Bissau,GNB,2002,362.034574570354,3.30012175283752,3.146,Low Income,2000s
Equatorial Guinea,GNQ,2002,2264.21065580365,7.5924784983324,7.646,Lower-Middle Income,2000s
Greece,GRC,2002,13782.195640943,3.62935871878874,10.346,High Income,2000s
Guatemala,GTM,2002,1669.33517469705,8.13263054281054,2.254,Lower-Middle Income,2000s
Guyana,GUY,2002,950.866932470993,5.3410152137741,11.81,Lower-Middle Income,2000s
"Hong Kong SAR, China",HKG,2002,24665.8362318216,-2.98313878080415,7.28,High Income,2000s
Honduras,HND,2002,1132.49965345317,7.69050972034271,4.02,Lower-Middle Income,2000s
Croatia,HRV,2002,6219.58164143945,1.67178437393383,15.053,Upper-Middle Income,2000s
Haiti,HTI,2002,720.969568042522,7.03287406224601,11.008,Low Income,2000s
Hungary,HUN,2002,6658.04494326809,5.26544821583985,5.608,Upper-Middle Income,2000s
Indonesia,IDN,2002,881.002913569131,11.9001200338414,6.604,Lower-Middle Income,2000s
India,IND,2002,469.149928973927,4.29715203929563,7.681,Low Income,2000s
Ireland,IRL,2002,32705.4345565698,4.62820512820515,4.216,High Income,2000s
Iran,IRN,2002,1891.25756091033,14.3359337378404,12.8,Lower-Middle Income,2000s
Iraq,IRQ,2002,1266.15961275094,19.316694601979,8.619,Lower-Middle Income,2000s
Iceland,ISL,2002,32749.379004627,5.19702230216628,2.988,High Income,2000s
Israel,ISR,2002,19076.4584298321,5.80234589468429,12.888,High Income,2000s
Italy,ITA,2002,22451.3964379368,2.46532319171165,9.211,High Income,2000s
Jamaica,JAM,2002,3680.64551727724,7.07635009310985,6.616,Upper-Middle Income,2000s
Jordan,JOR,2002,1706.26744384401,1.83299389002049,15.3,Lower-Middle Income,2000s
Japan,JPN,2002,32820.7936433254,-0.923494026942321,5.386,High Income,2000s
Kazakhstan,KAZ,2002,1573.55219932325,5.83692452105643,9.33,Lower-Middle Income,2000s
Kenya,KEN,2002,402.936385605382,1.96130821739162,2.916,Low Income,2000s
Kyrgyzstan,KGZ,2002,321.726775366804,2.13420986310243,2.416,Low Income,2000s
Cambodia,KHM,2002,350.147276634294,0.211466568022607,0.862,Low Income,2000s
South Korea,KOR,2002,13642.9424537101,2.76226210296599,3.046,High Income,2000s
Kuwait,KWT,2002,18512.7523035862,0.888450148074907,1.1,High Income,2000s
Laos,LAO,2002,313.350817148131,10.6313446323333,1.775,Low Income,2000s
Liberia,LBR,2002,299.536445539621,14.1596470116325,2.222,Low Income,2000s
Libya,LBY,2002,3718.29434696755,-9.79764705882357,19.281,Upper-Middle Income,2000s
St. Lucia,LCA,2002,5567.89428424719,-0.255536626916508,20.39,Upper-Middle Income,2000s
Sri Lanka,LKA,2002,834.936014905338,9.55103167007251,8.76,Lower-Middle Income,2000s
Lesotho,LSO,2002,388.92334985135,33.812578338126,16.079,Low Income,2000s
Lithuania,LTU,2002,4148.13091485015,0.281506610345575,13.008,Upper-Middle Income,2000s
Luxembourg,LUX,2002,53005.7339209179,2.07408613571643,2.621,High Income,2000s
Latvia,LVA,2002,4003.60935783538,1.93887573855886,13.829,Upper-Middle Income,2000s
"Macao SAR, China",MAC,2002,16814.9926424134,-2.63751699816198,6.278,High Income,2000s
Morocco,MAR,2002,1596.02062988281,2.79561966936936,11.59,Lower-Middle Income,2000s
Moldova,MDA,2002,570.799866188293,5.30124390261587,6.845,Low Income,2000s
Madagascar,MDG,2002,304.941777398445,16.4985255315846,5.515,Low Income,2000s
Maldives,MDV,2002,3076.07007160101,4.1786723990479,4.094,Upper-Middle Income,2000s
Mexico,MEX,2002,7983.03398381759,5.03072733151295,3.003,Upper-Middle Income,2000s
North Macedonia,MKD,2002,1989.13537265159,2.31459794083216,31.94,Lower-Middle Income,2000s
Mali,MLI,2002,378.191678628285,5.03282275711194,1.36,Low Income,2000s
Malta,MLT,2002,11251.2025296416,2.18849048060549,6.902,High Income,2000s
Myanmar,MMR,2002,146.598390364449,57.0745112621703,0.685,Low Income,2000s
Mongolia,MNG,2002,570.249213248399,0.91707468718427,6.2,Low Income,2000s
Mauritania,MRT,2002,648.879643934862,3.8957052575849,10.201,Low Income,2000s
Mauritius,MUS,2002,4073.06053055903,6.41933372221149,8.205,Upper-Middle Income,2000s
Malawi,MWI,2002,428.210439838398,14.7446346101603,5.248,Low Income,2000s
Malaysia,MYS,2002,4184.03163773539,1.80787246281536,3.48,Upper-Middle Income,2000s
Niger,NER,2002,225.294391147438,2.62886597938136,1.808,Low Income,2000s
Nigeria,NGA,2002,712.164852077686,12.8765792031099,3.669,Low Income,2000s
Nicaragua,NIC,2002,1014.3339042591,3.75017465778466,7.517,Lower-Middle Income,2000s
Netherlands,NLD,2002,29446.5330872868,3.28753104712766,2.554,High Income,2000s
Norway,NOR,2002,43170.557174499,1.28672528415184,4.022,High Income,2000s
Nepal,NPL,2002,238.89140296106,3.02939948714892,10.593,Low Income,2000s
New Zealand,NZL,2002,16874.1874918196,2.67709257711605,5.282,High Income,2000s
Oman,OMN,2002,9869.13050219438,-0.279578822571373,4.335,High Income,2000s
Pakistan,PAK,2002,599.937345723927,3.29034472613153,0.615,Low Income,2000s
Panama,PAN,2002,4090.58616456082,1.00583090379039,6.302,Upper-Middle Income,2000s
Peru,PER,2002,2007.37019626753,0.193135003853722,4.84,Lower-Middle Income,2000s
Philippines,PHL,2002,1014.90879320106,2.72277227722765,3.616,Lower-Middle Income,2000s
Papua New Guinea,PNG,2002,506.331789534482,11.7994470972606,2.756,Low Income,2000s
Poland,POL,2002,5223.45178967082,1.90528215048054,20.211,Upper-Middle Income,2000s
Portugal,PRT,2002,12936.6928204482,3.60034658290914,4.497,High Income,2000s
Paraguay,PRY,2002,1367.76506935997,10.5102420856612,9.393,Lower-Middle Income,2000s
West Bank and Gaza,PSE,2002,1156.21747345769,5.70951585976626,27.465,Lower-Middle Income,2000s
Qatar,QAT,2002,27226.6593510117,0.239999999999952,0.87,High Income,2000s
Romania,ROU,2002,2119.85509684554,22.5398862605386,8.112,Lower-Middle Income,2000s
Russia,RUS,2002,2377.52954101563,15.7887307914463,7.875,Lower-Middle Income,2000s
Rwanda,RWA,2002,234.043016755733,1.99258542453993,11.432,Low Income,2000s
Saudi Arabia,SAU,2002,10586.0543471363,0.247186492339686,5.265,High Income,2000s
Sudan,SDN,2002,506.262634277344,22.2247241495905,15.514,Low Income,2000s
Senegal,SEN,2002,669.430447319209,2.33730187454299,2.82,Low Income,2000s
Singapore,SGP,2002,22159.8373710639,-0.391676866585049,5.65,High Income,2000s
Solomon Islands,SLB,2002,756.890296490792,10.9296341872692,2.698,Lower-Middle Income,2000s
El Salvador,SLV,2002,2115.41187355626,1.86552503610077,6.2,Lower-Middle Income,2000s
Serbia,SRB,2002,2390.73459447107,19.4908321579689,13.8,Lower-Middle Income,2000s
Sao Tome and Principe,STP,2002,568.10257252271,10.128724672229,17.63,Low Income,2000s
Suriname,SUR,2002,2202.340682196,15.5273989185702,11.187,Lower-Middle Income,2000s
Slovak Republic,SVK,2002,6554.62808369461,3.12714222984608,18.541,Upper-Middle Income,2000s
Slovenia,SVN,2002,11639.1297780477,7.48077770703754,5.922,High Income,2000s
Sweden,SWE,2002,29957.7776664916,2.15848213589266,4.965,High Income,2000s
Eswatini,SWZ,2002,1315.73634647994,12.0197154699232,25.771,Lower-Middle Income,2000s
Syria,SYR,2002,1183.2473451033,-0.130505282417402,10.94,Lower-Middle Income,2000s
Chad,TCD,2002,219.061391951349,5.19181895195446,0.769,Low Income,2000s
Togo,TGO,2002,445.238691488925,3.05981857535884,4.087,Low Income,2000s
Thailand,THA,2002,2089.75183111554,0.697308976625449,1.82,Lower-Middle Income,2000s
Tajikistan,TJK,2002,186.951638285222,12.2499847845885,3.95,Low Income,2000s
Tonga,TON,2002,1759.4805324576,10.3590607918507,4.683,Lower-Middle Income,2000s
Trinidad and Tobago,TTO,2002,6762.93080808096,4.1500586166472,10.39,Upper-Middle Income,2000s
Tunisia,TUN,2002,2320.7723805785,2.72103284850455,14.55,Lower-Middle Income,2000s
Turkiye,TUR,2002,3591.08628982587,44.964120947985,10.358,Upper-Middle Income,2000s
Tanzania,TZA,2002,402.649047851563,5.31783366118203,3.023,Low Income,2000s
Uganda,UGA,2002,241.984688408335,-0.287508511765196,3.5,Low Income,2000s
Ukraine,UKR,2002,903.011901855469,0.75742084639286,10.136,Lower-Middle Income,2000s
Uruguay,URY,2002,4149.76140312687,13.9724725913515,16.648,Upper-Middle Income,2000s
United States,USA,2002,37997.7596573051,1.58603162650601,5.783,High Income,2000s
St. Vincent and the Grenadines,VCT,2002,4303.27976789727,1.85550399046655,20.623,Upper-Middle Income,2000s
Viet Nam,VNM,2002,445.132861817313,3.83082838168467,2.12,Low Income,2000s
Vanuatu,VUT,2002,1340.71537528287,1.96356754199195,8.598,Lower-Middle Income,2000s
Samoa,WSM,2002,1527.55790455937,8.0503144654087,4.975,Lower-Middle Income,2000s
Yemen,YEM,2002,513.241486570603,12.2385339389711,11.839,Low Income,2000s
South Africa,ZAF,2002,2688.23676032806,9.494713780996,22.579,Lower-Middle Income,2000s
Zambia,ZMB,2002,393.864625518616,22.2333446430947,14.131,Low Income,2000s
Angola,AGO,2003,1133.66331960607,98.2241436573304,16.445,Lower-Middle Income,2000s
Albania,ALB,2003,1908.69900687608,0.484002611818502,16.985,Lower-Middle Income,2000s
Armenia,ARM,2003,882.030167695474,4.7215533660534,10.769,Lower-Middle Income,2000s
Australia,AUS,2003,23757.5898471684,2.73259754838937,5.933,High Income,2000s
Austria,AUT,2003,32110.1159661425,1.35555370896445,4.779,High Income,2000s
Azerbaijan,AZE,2003,883.692580745256,2.23386492967049,9.17,Lower-Middle Income,2000s
Burundi,BDI,2003,111.406682804391,10.6474645658305,3.145,Low Income,2000s
Belgium,BEL,2003,30655.2092679024,1.58896399970371,7.68,High Income,2000s
Benin,BEN,2003,676.002878084282,1.48724246145441,0.747,Low Income,2000s
Burkina Faso,BFA,2003,362.373899996953,2.03456574053815,2.78,Low Income,2000s
Bangladesh,BGD,2003,426.74880754362,5.66870773441476,4.32,Low Income,2000s
Bulgaria,BGR,2003,2719.49436859287,2.34864169582757,13.733,Lower-Middle Income,2000s
Bahrain,BHR,2003,14486.0269029822,1.59362549800786,1.126,High Income,2000s
The Bahamas,BHS,2003,26429.1247787663,3.02504526252236,10.84,High Income,2000s
Belarus,BLR,2003,1819.52653114699,28.3978399133473,10.191,Lower-Middle Income,2000s
Belize,BLZ,2003,4959.74012434605,2.31808274663101,10.342,Upper-Middle Income,2000s
Bolivia,BOL,2003,893.013760211149,3.33727499671533,2.654,Lower-Middle Income,2000s
Brazil,BRA,2003,3090.6068907839,14.7149197228147,11.168,Upper-Middle Income,2000s
Barbados,BRB,2003,12075.9587020649,1.61943319838053,11.0,High Income,2000s
Brunei Darussalam,BRN,2003,20677.9001143188,0.299999999999967,5.743,High Income,2000s
Bhutan,BTN,2003,1022.38240311018,2.57230861693339,1.8,Lower-Middle Income,2000s
Botswana,BWA,2003,4230.12326909926,9.18990265632739,23.8,Upper-Middle Income,2000s
Central African Republic,CAF,2003,278.403992150941,4.13470905150995,5.809,Low Income,2000s
Canada,CAN,2003,28301.8645937428,2.75856321360112,7.574,High Income,2000s
Switzerland,CHE,2003,49335.7456291067,0.638272930887189,4.117,High Income,2000s
Chile,CHL,2003,4773.40177520754,2.8101787574361,9.765,Upper-Middle Income,2000s
China,CHN,2003,1306.97245408557,1.12760348729637,4.58,Lower-Middle Income,2000s
Cote d'Ivoire,CIV,2003,1111.17135087887,3.29680746974208,5.847,Lower-Middle Income,2000s
Cameroon,CMR,2003,988.241276791846,0.623163557374316,5.908,Lower-Middle Income,2000s
Democratic Republic of the Congo,COD,2003,161.491553524396,12.8739657187404,3.057,Low Income,2000s
"Congo, Rep.",COG,2003,1016.82363412143,-0.631844987363156,19.877,Lower-Middle Income,2000s
Colombia,COL,2003,2311.94218760291,7.1297886294186,13.221,Lower-Middle Income,2000s
Comoros,COM,2003,959.691049354812,3.799081366719,4.559,Lower-Middle Income,2000s
Cabo Verde,CPV,2003,1717.97565369655,1.18817038620528,13.604,Lower-Middle Income,2000s
Costa Rica,CRI,2003,4173.14856415514,9.44758091616983,6.654,Upper-Middle Income,2000s
Cyprus,CYP,2003,20252.24609375,4.13906538686858,4.153,High Income,2000s
Czechia,CZE,2003,9852.45677945801,0.118739205526814,7.777,High Income,2000s
Germany,DEU,2003,30711.1022511331,1.03422218628562,9.779,High Income,2000s
Djibouti,DJI,2003,764.634465224597,1.98196734627544,26.484,Lower-Middle Income,2000s
Denmark,DNK,2003,40519.0974905924,2.07507820646506,5.398,High Income,2000s
Dominican Republic,DOM,2003,2383.26171780393,27.4497127394394,6.938,Lower-Middle Income,2000s
Algeria,DZA,2003,2283.77299346126,4.268953958395,23.72,Lower-Middle Income,2000s
Ecuador,ECU,2003,2315.62215223014,7.92936487461555,5.662,Lower-Middle Income,2000s
Egypt,EGY,2003,1031.27556291284,4.50777636319303,10.91,Lower-Middle Income,2000s
Spain,ESP,2003,21522.0170990262,3.03888839396655,11.283,High Income,2000s
Estonia,EST,2003,7205.40703313243,1.33499116549955,11.288,Upper-Middle Income,2000s
Ethiopia,ETH,2003,116.800491132777,13.6740452028271,3.008,Low Income,2000s
Finland,FIN,2003,32920.0857192568,0.877440386254785,10.469,High Income,2000s
Fiji,FJI,2003,2655.58079586044,4.17274777763034,4.74,Lower-Middle Income,2000s
France,FRA,2003,29479.5222101175,2.09847219146919,8.306,High Income,2000s
Gabon,GAB,2003,4710.74862768151,2.23535313551536,17.126,Upper-Middle Income,2000s
United Kingdom,GBR,2003,34556.7726095905,1.37650038542013,4.807,High Income,2000s
Georgia,GEO,2003,1010.03151630868,0.837734531536568,11.51,Lower-Middle Income,2000s
Ghana,GHA,2003,358.39927142073,29.7729797160384,7.728,Low Income,2000s
"Gambia, The",GMB,2003,308.719123437587,17.0328665431988,9.991,Low Income,2000s
Guinea-Bissau,GNB,2003,419.78486611807,-3.50258551103421,3.169,Low Income,2000s
Equatorial Guinea,GNQ,2003,2930.60183743733,7.32354399351809,7.701,Lower-Middle Income,2000s
Greece,GRC,2003,18020.612039764,3.53065027765554,9.839,High Income,2000s
Guatemala,GTM,2003,1722.54701910774,5.60347675434469,2.807,Lower-Middle Income,2000s
Guyana,GUY,2003,973.742598054188,5.98097814066473,11.529,Lower-Middle Income,2000s
"Hong Kong SAR, China",HKG,2003,23977.1734120477,-2.67379679144394,7.86,High Income,2000s
Honduras,HND,2003,1156.08162681357,7.67416639397937,5.3,Lower-Middle Income,2000s
Croatia,HRV,2003,8190.11135193887,1.76733780760629,13.924,Upper-Middle Income,2000s
Haiti,HTI,2003,578.995291079709,28.6995777887374,12.151,Low Income,2000s
Hungary,HUN,2003,8410.09248198479,4.66101694915254,5.79,Upper-Middle Income,2000s
Indonesia,IDN,2003,1043.2105838671,6.75731256333564,6.657,Lower-Middle Income,2000s
India,IND,2003,544.143133545002,3.80585899528851,7.633,Low Income,2000s
Ireland,IRL,2003,41203.5295847568,3.49221909079765,4.478,High Income,2000s
Iran,IRN,2003,2208.99636552406,16.4680116244792,11.529,Lower-Middle Income,2000s
Iraq,IRQ,2003,817.887862499622,33.6162105992383,8.959,Lower-Middle Income,2000s
Iceland,ISL,2003,39944.2104095591,2.05566329753742,3.997,High Income,2000s
Israel,ISR,2003,19643.4690380742,0.70763061681807,13.505,High Income,2000s
Italy,ITA,2003,27577.5700319855,2.6725555277285,8.869,High Income,2000s
Jamaica,JAM,2003,3549.70758394618,10.0869565217391,6.534,Upper-Middle Income,2000s
Jordan,JOR,2003,1775.67625581432,1.62999999999998,14.5,Lower-Middle Income,2000s
Japan,JPN,2003,35387.0374203599,-0.256541816316025,5.251,High Income,2000s
Kazakhstan,KAZ,2003,1958.02050246511,6.4382181011894,8.78,Lower-Middle Income,2000s
Kenya,KEN,2003,442.898457253405,9.81569062979654,2.869,Low Income,2000s
Kyrgyzstan,KGZ,2003,380.505828812441,2.97461295184355,2.548,Low Income,2000s
Cambodia,KHM,2003,386.691123931778,0.94174611779921,0.909,Low Income,2000s
South Korea,KOR,2003,15211.5483770422,3.51487451459939,3.348,High Income,2000s
Kuwait,KWT,2003,22690.655175144,0.961350293542112,1.3,High Income,2000s
Laos,LAO,2003,355.097216151461,15.4893529233525,1.639,Low Income,2000s
Liberia,LBR,2003,239.779556677091,10.3302881236823,2.42,Low Income,2000s
Libya,LBY,2003,4674.09943200321,-2.19115191986644,19.074,Upper-Middle Income,2000s
St. Lucia,LCA,2003,6058.60622059326,1.03425372426221,22.18,Upper-Middle Income,2000s
Sri Lanka,LKA,2003,946.382255128072,6.31463787051174,8.22,Lower-Middle Income,2000s
Lesotho,LSO,2003,583.270036200288,6.62916357146762,16.056,Low Income,2000s
Lithuania,LTU,2003,5507.47434187652,-1.13430854990247,12.874,Upper-Middle Income,2000s
Luxembourg,LUX,2003,65689.3214536911,2.04984030563518,3.675,High Income,2000s
Latvia,LVA,2003,4914.57992829302,2.94264752948478,12.061,Upper-Middle Income,2000s
"Macao SAR, China",MAC,2003,18589.8998330534,-1.56245203671305,5.995,High Income,2000s
Morocco,MAR,2003,1941.87255859375,1.16773367477592,11.92,Lower-Middle Income,2000s
Moldova,MDA,2003,682.319095965299,11.7460792058234,6.378,Low Income,2000s
Madagascar,MDG,2003,352.620095849925,-1.70400479616298,5.01,Low Income,2000s
Maldives,MDV,2003,3548.5767011056,-1.26065113450354,5.126,Upper-Middle Income,2000s
Mexico,MEX,2003,7434.0746485155,4.54690012118718,3.455,Upper-Middle Income,2000s
North Macedonia,MKD,2003,2445.36286400013,0.855562122724219,36.69,Lower-Middle Income,2000s
Mali,MLI,2003,441.910358475095,-1.34672619047621,1.272,Low Income,2000s
Malta,MLT,2003,13593.9787155682,1.30383777442602,7.488,High Income,2000s
Myanmar,MMR,2003,224.292688912409,36.5897175323924,0.686,Low Income,2000s
Mongolia,MNG,2003,643.168068921658,5.12899499422419,6.768,Low Income,2000s
Mauritania,MRT,2003,732.017820812675,5.15190150769578,9.911,Low Income,2000s
Mauritius,MUS,2003,4858.26575549747,3.92105357558188,8.318,Upper-Middle Income,2000s
Malawi,MWI,2003,383.348596852642,9.57679786919214,5.165,Low Income,2000s
Malaysia,MYS,2003,4465.32194567208,1.08967632577286,3.61,Upper-Middle Income,2000s
Namibia,NAM,2003,2569.24739317883,7.1361531145863,22.104,Lower-Middle Income,2000s
Niger,NER,2003,265.225363452469,-1.61440769175596,2.145,Low Income,2000s
Nigeria,NGA,2003,763.388745367223,14.0317836131437,3.637,Lower-Middle Income,2000s
Nicaragua,NIC,2003,1021.35216668794,5.30238773219936,7.6,Lower-Middle Income,2000s
Netherlands,NLD,2003,35896.7504630706,2.09199838997655,3.593,High Income,2000s
Norway,NOR,2003,50250.3298214345,2.48782553461781,4.221,High Income,2000s
Nepal,NPL,2003,246.429706587633,5.70700931874738,10.644,Low Income,2000s
New Zealand,NZL,2003,21913.7081719961,1.75357444759557,4.745,High Income,2000s
Oman,OMN,2003,10463.5425832141,0.231328682267143,4.599,High Income,2000s
Pakistan,PAK,2003,672.44178669894,2.91413470059479,0.612,Low Income,2000s
Panama,PAN,2003,4264.66428949623,0.391666666666657,6.303,Upper-Middle Income,2000s
Peru,PER,2003,2129.44114197634,2.25937753363072,4.15,Lower-Middle Income,2000s
Philippines,PHL,2003,1027.2301192843,2.28915662650607,3.527,Lower-Middle Income,2000s
Papua New Guinea,PNG,2003,577.467922387259,14.7090779663557,2.628,Low Income,2000s
Poland,POL,2003,5720.81366178104,0.682701375787632,19.899,Upper-Middle Income,2000s
Portugal,PRT,2003,15797.7821340276,3.21899090682895,6.132,High Income,2000s
Paraguay,PRY,2003,1443.99885236205,14.2367970499143,6.814,Lower-Middle Income,2000s
West Bank and Gaza,PSE,2003,1257.69857009689,4.40303221730888,23.004,Lower-Middle Income,2000s
Qatar,QAT,2003,31602.470865136,2.26456504389469,0.87,High Income,2000s
Romania,ROU,2003,2679.40626016154,15.2734889936255,6.95,Lower-Middle Income,2000s
Russia,RUS,2003,2975.123046875,13.6632930228666,8.21,Lower-Middle Income,2000s
Rwanda,RWA,2003,249.012274982252,7.44970014007366,11.658,Low Income,2000s
Saudi Arabia,SAU,2003,11487.220410693,0.612195358172966,5.563,High Income,2000s
Sudan,SDN,2003,580.320251464844,6.48943208673338,15.515,Low Income,2000s
Senegal,SEN,2003,817.888034221442,-0.0519970242714495,2.781,Lower-Middle Income,2000s
Singapore,SGP,2003,23730.3840054566,0.507905300237551,5.93,High Income,2000s
Solomon Islands,SLB,2003,895.984242546501,8.26946349334406,2.286,Lower-Middle Income,2000s
El Salvador,SLV,2003,2207.83089518069,2.1203909173333,6.9,Lower-Middle Income,2000s
Serbia,SRB,2003,3153.9011312754,9.87617889729578,15.2,Upper-Middle Income,2000s
Sao Tome and Principe,STP,2003,663.696211810494,9.79241974934509,16.36,Low Income,2000s
Suriname,SUR,2003,2516.10404020956,23.0022321778219,10.336,Lower-Middle Income,2000s
Slovak Republic,SVK,2003,8675.39633696465,8.55414305406645,17.549,Upper-Middle Income,2000s
Slovenia,SVN,2003,14711.674874253,5.54416421752901,6.479,High Income,2000s
Sweden,SWE,2003,37292.2419727801,1.92565534892383,5.555,High Income,2000s
Eswatini,SWZ,2003,2015.21743065251,7.28999999999999,26.259,Lower-Middle Income,2000s
Syria,SYR,2003,1220.179077256,5.79682944905841,10.28,Lower-Middle Income,2000s
Chad,TCD,2003,289.087621122168,-1.75256941248655,0.725,Low Income,2000s
Togo,TGO,2003,538.16537776929,-0.930000884072214,3.957,Low Income,2000s
Thailand,THA,2003,2347.54001286066,1.80434994635721,1.54,Lower-Middle Income,2000s
Tajikistan,TJK,2003,233.58124845289,16.3034912049491,3.85,Low Income,2000s
Timor-Leste,TLS,2003,534.901171348385,7.16515891441839,3.54,Low Income,2000s
Tonga,TON,2003,1936.04104012389,11.6386219580735,5.18,Lower-Middle Income,2000s
Trinidad and Tobago,TTO,2003,8445.04653518298,3.8111062439687,10.48,Upper-Middle Income,2000s
Tunisia,TUN,2003,2725.8643148859,2.71259247474352,14.51,Lower-Middle Income,2000s
Turkiye,TUR,2003,4649.63668068586,21.6024384490573,10.542,Upper-Middle Income,2000s
Tanzania,TZA,2003,422.18359375,5.30356621509782,3.053,Low Income,2000s
Uganda,UGA,2003,250.71543664681,8.68047651566884,3.6,Low Income,2000s
Ukraine,UKR,2003,1076.48156738281,5.17967781908315,9.057,Lower-Middle Income,2000s
Uruguay,URY,2003,3671.12329256883,19.3797301743995,16.661,Upper-Middle Income,2000s
United States,USA,2003,39490.2749557007,2.27009497336115,5.989,High Income,2000s
St. Vincent and the Grenadines,VCT,2003,4499.61454193342,0.205981708824254,19.985,Upper-Middle Income,2000s
Viet Nam,VNM,2003,497.117089249256,3.23464817293927,2.25,Low Income,2000s
Vanuatu,VUT,2003,1566.51396790858,3.01624129930394,8.659,Lower-Middle Income,2000s
Samoa,WSM,2003,1798.12429714048,0.115830115830107,5.038,Lower-Middle Income,2000s
Yemen,YEM,2003,548.905883049973,10.8323607023242,12.014,Low Income,2000s
South Africa,ZAF,2003,4062.21755993786,5.67942414068799,22.679,Upper-Middle Income,2000s
Zambia,ZMB,2003,446.290104839041,21.4015783901995,14.704,Low Income,2000s
Angola,AGO,2004,1451.47117872493,43.5421067519686,16.313,Lower-Middle Income,2000s
Albania,ALB,2004,2446.90949947798,2.28001916938098,16.306,Lower-Middle Income,2000s
Armenia,ARM,2004,1130.08791444158,6.96126135875795,10.676,Lower-Middle Income,2000s
Australia,AUS,2004,30886.0500949401,2.34325687131265,5.399,High Income,2000s
Austria,AUT,2004,36614.2506533707,2.06120618032869,5.969,High Income,2000s
Azerbaijan,AZE,2004,1045.0136328106,6.70893042797784,7.99,Lower-Middle Income,2000s
Burundi,BDI,2004,125.194965184533,8.17642937482053,3.177,Low Income,2000s
Belgium,BEL,2004,35429.4077933344,2.09728311239315,7.363,High Income,2000s
Benin,BEN,2004,758.695803786371,0.873890830868499,0.79,Lower-Middle Income,2000s
Burkina Faso,BFA,2004,403.81283743461,-0.400228702115451,3.48,Low Income,2000s
Bangladesh,BGD,2004,455.614016909798,7.58753638504689,4.316,Low Income,2000s
Bulgaria,BGR,2004,3389.68743360274,6.14713074246266,12.037,Upper-Middle Income,2000s
Bahrain,BHR,2004,15963.9493171617,2.35294117647061,1.064,High Income,2000s
The Bahamas,BHS,2004,26650.2934234303,0.981914036757662,10.2,High Income,2000s
Belarus,BLR,2004,2378.33700470129,18.1082424937646,9.463,Lower-Middle Income,2000s
Belize,BLZ,2004,5153.71308265363,6.39443099742398,10.586,Upper-Middle Income,2000s
Bolivia,BOL,2004,953.191893246277,4.43738080101724,2.615,Lower-Middle Income,2000s
Brazil,BRA,2004,3663.82262497811,6.59718509985963,10.072,Upper-Middle Income,2000s
Barbados,BRB,2004,12886.3665272467,1.39442231075691,9.57,High Income,2000s
Brunei Darussalam,BRN,2004,24423.0946995548,0.814223994682612,5.847,High Income,2000s
Bhutan,BTN,2004,1130.35934606796,4.10593698272957,2.49,Lower-Middle Income,2000s
Botswana,BWA,2004,4956.69287735214,6.94570363654674,21.755,Upper-Middle Income,2000s
Central African Republic,CAF,2004,303.461321152782,-2.06640601136302,5.729,Low Income,2000s
Canada,CAN,2004,32145.5412620217,1.85725871857256,7.185,High Income,2000s
Switzerland,CHE,2004,54659.4571488233,0.802908730955226,4.316,High Income,2000s
Chile,CHL,2004,6120.59152055344,1.05473871403516,10.162,Upper-Middle Income,2000s
China,CHN,2004,1530.92726215723,3.82463743108159,4.49,Lower-Middle Income,2000s
Cote d'Ivoire,CIV,2004,1199.82524528546,1.45798835600741,5.915,Lower-Middle Income,2000s
Cameroon,CMR,2004,1133.39326749673,0.233647380067583,5.087,Lower-Middle Income,2000s
Democratic Republic of the Congo,COD,2004,180.664764963633,3.9943840081597,2.976,Low Income,2000s
"Congo, Rep.",COG,2004,1306.10136324599,2.42976607961799,19.896,Lower-Middle Income,2000s
Colombia,COL,2004,2818.57195413044,5.90402005546502,13.717,Lower-Middle Income,2000s
Comoros,COM,2004,1072.28409029621,4.47499289078106,4.571,Lower-Middle Income,2000s
Cabo Verde,CPV,2004,1929.49081468781,-1.8908217230618,13.456,Lower-Middle Income,2000s
Costa Rica,CRI,2004,4431.0117207843,12.3148150178852,6.445,Upper-Middle Income,2000s
Cyprus,CYP,2004,23792.619140625,2.28621706801674,4.77,High Income,2000s
Czechia,CZE,2004,11782.5546676117,2.76010781671153,8.298,High Income,2000s
Germany,DEU,2004,34566.7359143735,1.66573696655991,10.727,High Income,2000s
Djibouti,DJI,2004,806.261652944964,3.12226204699352,26.441,Lower-Middle Income,2000s
Denmark,DNK,2004,46625.050098011,1.15435693124934,5.204,High Income,2000s
Dominican Republic,DOM,2004,2451.69161616569,51.4608598338065,6.303,Lower-Middle Income,2000s
Algeria,DZA,2004,2816.99384960555,3.96180030257187,17.65,Lower-Middle Income,2000s
Ecuador,ECU,2004,2586.20914663347,2.74323198926704,5.002,Lower-Middle Income,2000s
Egypt,EGY,2004,991.255689145253,11.2706193320519,10.32,Lower-Middle Income,2000s
Spain,ESP,2004,24925.0267844576,3.03924881090924,11.09,High Income,2000s
Estonia,EST,2004,8916.0728274602,3.04811107523416,10.248,Upper-Middle Income,2000s
Ethiopia,ETH,2004,133.169812538096,3.32737047894847,2.776,Low Income,2000s
Finland,FIN,2004,37768.1334202029,0.187120559084418,10.358,High Income,2000s
Fiji,FJI,2004,3097.19096651759,2.827485193912,4.7,Upper-Middle Income,2000s
France,FRA,2004,33644.9282220364,2.14208964640238,8.914,High Income,2000s
Gabon,GAB,2004,5465.79193590708,0.40820530743925,17.108,Upper-Middle Income,2000s
United Kingdom,GBR,2004,40504.4118103928,1.39039756680422,4.594,High Income,2000s
Georgia,GEO,2004,1305.04748557208,5.65632636191132,12.62,Lower-Middle Income,2000s
Ghana,GHA,2004,406.132105329565,18.0427388232565,6.758,Low Income,2000s
"Gambia, The",GMB,2004,593.285346326581,14.2067432845569,9.948,Low Income,2000s
Guinea-Bissau,GNB,2004,431.376557669634,0.883302696930943,3.226,Low Income,2000s
Equatorial Guinea,GNQ,2004,4901.30127408119,4.21968787094834,7.658,Upper-Middle Income,2000s
Greece,GRC,2004,21449.2552764245,2.89884810758167,10.628,High Income,2000s
Guatemala,GTM,2004,1840.91184884,7.57862247309729,2.971,Lower-Middle Income,2000s
Guyana,GUY,2004,1033.31030902188,4.66846622369882,11.281,Lower-Middle Income,2000s
"Hong Kong SAR, China",HKG,2004,24928.1003722551,-0.274725274725253,6.74,High Income,2000s
Honduras,HND,2004,1215.13995412761,8.1137909709338,5.99,Lower-Middle Income,2000s
Croatia,HRV,2004,9718.97322801967,2.05539679050328,13.664,High Income,2000s
Haiti,HTI,2004,683.185298155273,21.0318339277222,13.415,Low Income,2000s
Hungary,HUN,2004,10291.2694721409,6.74434679569469,5.832,High Income,2000s
Indonesia,IDN,2004,1126.84004447173,6.06406189133648,7.303,Lower-Middle Income,2000s
India,IND,2004,624.258826510066,3.76725173477515,7.598,Low Income,2000s
Ireland,IRL,2004,47754.2023194244,2.17854605730523,4.491,High Income,2000s
Iran,IRN,2004,2672.4226651404,14.7615086970672,10.3,Lower-Middle Income,2000s
Iraq,IRQ,2004,1328.37157628292,26.9619068193272,8.715,Lower-Middle Income,2000s
Iceland,ISL,2004,47809.6073050042,3.15819324298464,4.031,High Income,2000s
Israel,ISR,2004,20568.0694088834,-0.421595034547416,13.029,High Income,2000s
Italy,ITA,2004,31348.1901841445,2.20673661423657,7.866,High Income,2000s
Jamaica,JAM,2004,3807.56293124552,13.5545023696682,6.539,Upper-Middle Income,2000s
Jordan,JOR,2004,1940.08641342805,3.36186821476601,14.626,Lower-Middle Income,2000s
Japan,JPN,2004,38298.9801712303,-0.0085733882031027,4.734,High Income,2000s
Kazakhstan,KAZ,2004,2722.47407755402,6.88205438981899,8.4,Lower-Middle Income,2000s
Kenya,KEN,2004,463.662781300121,11.6240355442426,2.844,Low Income,2000s
Kyrgyzstan,KGZ,2004,433.233873286,4.11065084723381,2.68,Low Income,2000s
Cambodia,KHM,2004,444.199067529081,4.31933677434786,1.004,Low Income,2000s
South Korea,KOR,2004,17121.6301633201,3.59066298882578,3.42,High Income,2000s
Kuwait,KWT,2004,27552.2827399787,1.24856443679889,1.7,High Income,2000s
Laos,LAO,2004,409.296298284117,10.4622667314208,1.498,Low Income,2000s
Liberia,LBR,2004,284.140223992458,7.82908704883235,2.424,Low Income,2000s
Libya,LBY,2004,5773.76333234281,-2.197567740559,18.938,Upper-Middle Income,2000s
St. Lucia,LCA,2004,6494.60034867886,1.46036814425245,20.97,Upper-Middle Income,2000s
Sri Lanka,LKA,2004,1028.62068132555,7.57592582995856,8.38,Lower-Middle Income,2000s
Lesotho,LSO,2004,766.685820928242,5.02342068616285,16.154,Lower-Middle Income,2000s
Lithuania,LTU,2004,6734.57487061946,1.16410252104671,10.684,Upper-Middle Income,2000s
Luxembourg,LUX,2004,76544.9170868473,2.22567916428889,5.113,High Income,2000s
Latvia,LVA,2004,6109.73265186817,6.19238547197429,11.708,Upper-Middle Income,2000s
"Macao SAR, China",MAC,2004,23407.1993692194,0.980728452039451,4.904,High Income,2000s
Morocco,MAR,2004,2183.55541992188,1.49344403381774,10.83,Lower-Middle Income,2000s
Moldova,MDA,2004,897.178494749468,12.5242768428228,6.374,Lower-Middle Income,2000s
Madagascar,MDG,2004,272.20074858856,13.9558018033211,3.951,Low Income,2000s
Maldives,MDV,2004,4070.2609459446,-1.68541212459466,6.151,Upper-Middle Income,2000s
Mexico,MEX,2004,7849.66759649565,4.68840884843143,3.937,Upper-Middle Income,2000s
North Macedonia,MKD,2004,2818.5814561242,-0.448650206551934,37.161,Lower-Middle Income,2000s
Mali,MLI,2004,495.006294680645,-3.09978128063957,1.413,Low Income,2000s
Malta,MLT,2004,15212.1313438497,2.79082848067754,7.317,High Income,2000s
Myanmar,MMR,2004,224.508811413327,4.53421374129692,0.677,Low Income,2000s
Mongolia,MNG,2004,794.154552001815,8.24115449417619,6.851,Lower-Middle Income,2000s
Mauritania,MRT,2004,823.554457141893,10.3676233473073,9.77,Lower-Middle Income,2000s
Mauritius,MUS,2004,5460.60800184198,4.71037060105883,8.337,Upper-Middle Income,2000s
Malawi,MWI,2004,404.674248445428,11.4298060822124,4.964,Low Income,2000s
Malaysia,MYS,2004,4939.24851854427,1.42127115937402,3.54,Upper-Middle Income,2000s
Namibia,NAM,2004,3403.15496192955,4.13663213144748,22.09,Upper-Middle Income,2000s
Niger,NER,2004,283.468281798296,0.262543757292838,2.751,Low Income,2000s
Nigeria,NGA,2004,962.48104194733,14.9980338183251,3.59,Lower-Middle Income,2000s
Nicaragua,NIC,2004,1098.62118662335,8.47021063584077,6.41,Lower-Middle Income,2000s
Netherlands,NLD,2004,40611.3414353091,1.26364739183177,4.646,High Income,2000s
Norway,NOR,2004,57768.6980958462,0.454498502220863,4.256,High Income,2000s
Nepal,NPL,2004,279.587750044428,2.8418113124898,10.652,Low Income,2000s
New Zealand,NZL,2004,25420.234882944,2.29024902847571,4.005,High Income,2000s
Oman,OMN,2004,11800.8507411171,0.624969062631367,4.693,High Income,2000s
Pakistan,PAK,2004,771.902247348954,7.44462469342739,0.598,Lower-Middle Income,2000s
Panama,PAN,2004,4644.56581177581,0.474723078204336,6.097,Upper-Middle Income,2000s
Peru,PER,2004,2397.25147277714,3.66247320092233,4.71,Lower-Middle Income,2000s
Philippines,PHL,2004,1099.63013023758,4.82921083627795,3.554,Lower-Middle Income,2000s
Papua New Guinea,PNG,2004,620.596147680561,2.15893131266946,2.526,Low Income,2000s
Poland,POL,2004,6711.72715262967,3.38264681884699,18.822,Upper-Middle Income,2000s
Portugal,PRT,2004,18064.1580932987,2.36536204097302,6.319,High Income,2000s
Paraguay,PRY,2004,1786.21533938543,4.32326492967491,6.513,Lower-Middle Income,2000s
West Bank and Gaza,PSE,2004,1422.19088643544,3.00417498638593,23.215,Lower-Middle Income,2000s
Qatar,QAT,2004,41035.5008380177,6.79933665008279,0.87,High Income,2000s
Romania,ROU,2004,3494.99056448955,11.8743635936399,7.719,Upper-Middle Income,2000s
Russia,RUS,2004,4102.36474609375,10.8886157326216,7.763,Upper-Middle Income,2000s
Rwanda,RWA,2004,269.540446333402,12.2507102894391,11.699,Low Income,2000s
Saudi Arabia,SAU,2004,13154.4978989446,0.5155078977673,5.822,High Income,2000s
Sudan,SDN,2004,705.113342285156,9.65754628605945,15.538,Low Income,2000s
Senegal,SEN,2004,918.102079522155,0.514781781023016,2.775,Lower-Middle Income,2000s
Singapore,SGP,2004,27608.080013423,1.66272719863072,5.84,High Income,2000s
Solomon Islands,SLB,2004,986.070953503889,6.98584202682567,2.026,Lower-Middle Income,2000s
El Salvador,SLV,2004,2285.68907438892,4.45194392395045,6.8,Lower-Middle Income,2000s
Serbia,SRB,2004,3597.08798057009,11.0263627183464,18.5,Upper-Middle Income,2000s
Sao Tome and Principe,STP,2004,726.560882130444,13.2858860871796,16.12,Low Income,2000s
Suriname,SUR,2004,2887.7721728844,9.98632511974878,9.49,Lower-Middle Income,2000s
Slovak Republic,SVK,2004,10650.1290097126,7.54850088183423,18.206,High Income,2000s
Slovenia,SVN,2004,17103.8297783905,3.59297594249509,6.012,High Income,2000s
Sweden,SWE,2004,42758.0048564929,0.373659828721824,6.693,High Income,2000s
Eswatini,SWZ,2004,2525.5640452625,3.44533507316614,26.716,Lower-Middle Income,2000s
Syria,SYR,2004,1368.1148230028,4.43314136719839,9.513,Lower-Middle Income,2000s
Chad,TCD,2004,445.850767157087,-5.35540028884816,0.672,Low Income,2000s
Togo,TGO,2004,560.266308533382,0.393078681031669,3.992,Low Income,2000s
Thailand,THA,2004,2641.56268717857,2.7591492623108,1.51,Lower-Middle Income,2000s
Tajikistan,TJK,2004,305.745158587502,7.14196508692253,3.45,Low Income,2000s
Timor-Leste,TLS,2004,474.420726695663,3.23751394003321,3.668,Low Income,2000s
Tonga,TON,2004,2195.44890047673,10.9734053679554,3.878,Lower-Middle Income,2000s
Trinidad and Tobago,TTO,2004,9871.03419820086,3.72154938995965,8.33,High Income,2000s
Tunisia,TUN,2004,3067.41936376975,3.63228004956625,14.23,Upper-Middle Income,2000s
Turkiye,TUR,2004,5979.6054216148,8.59826168115262,10.838,Upper-Middle Income,2000s
Tanzania,TZA,2004,450.385284423828,4.73580143949058,3.105,Low Income,2000s
Uganda,UGA,2004,292.38185796262,3.72128743978228,2.699,Low Income,2000s
Ukraine,UKR,2004,1401.01806640625,9.04806786050888,8.59,Lower-Middle Income,2000s
Uruguay,URY,2004,4168.66065438387,9.15760507540997,12.98,Upper-Middle Income,2000s
United States,USA,2004,41724.6316287624,2.67723669309172,5.529,High Income,2000s
St. Vincent and the Grenadines,VCT,2004,4873.48947742443,2.96003946719286,19.545,Upper-Middle Income,2000s
Viet Nam,VNM,2004,565.452284586212,7.75494748709601,2.14,Low Income,2000s
Vanuatu,VUT,2004,1774.31867585894,1.41891891891893,8.432,Lower-Middle Income,2000s
Samoa,WSM,2004,2189.26042607992,16.3131507905901,5.162,Lower-Middle Income,2000s
Yemen,YEM,2004,627.632023395762,12.5150951495207,12.131,Low Income,2000s
South Africa,ZAF,2004,5221.46333731721,-0.692039437857687,22.567,Upper-Middle Income,2000s
Zambia,ZMB,2004,548.685974566277,17.9677891087286,15.332,Low Income,2000s
Afghanistan,AFG,2005,254.184249149336,12.6862687216715,7.878,Low Income,2000s
Angola,AGO,2005,2145.88621096327,22.9535138513939,16.295,Lower-Middle Income,2000s
Albania,ALB,2005,2741.72136549578,2.36658195679795,15.966,Lower-Middle Income,2000s
Armenia,ARM,2005,1557.48458908655,0.638928002410097,10.584,Lower-Middle Income,2000s
Australia,AUS,2005,34535.20727091,2.69182949622197,5.036,High Income,2000s
Austria,AUT,2005,38157.37022862,2.29913785639285,5.682,High Income,2000s
Azerbaijan,AZE,2005,1578.36733030667,9.67950731917056,7.26,Lower-Middle Income,2000s
Burundi,BDI,2005,147.234619294225,13.2520699188223,3.162,Low Income,2000s
Belgium,BEL,2005,36809.7013403619,2.78143263670029,8.44,High Income,2000s
Benin,BEN,2005,779.437777753268,5.36452085832342,0.859,Low Income,2000s
Burkina Faso,BFA,2005,441.164148016012,6.41504018369684,4.0,Low Income,2000s
Bangladesh,BGD,2005,480.08585075452,7.04661816222038,4.25,Low Income,2000s
Bulgaria,BGR,2005,3899.82596332878,5.0388380711191,10.083,Upper-Middle Income,2000s
Bahrain,BHR,2005,17966.1657837625,2.58620689655172,1.021,High Income,2000s
The Bahamas,BHS,2005,28602.4181869995,1.59160618079802,10.2,High Income,2000s
Belarus,BLR,2005,3126.07176665248,10.3388794457932,8.759,Lower-Middle Income,2000s
Belize,BLZ,2005,5270.41479135312,-1.10431044411909,10.91,Upper-Middle Income,2000s
Bolivia,BOL,2005,1020.12326200737,5.39323106890663,2.598,Lower-Middle Income,2000s
Brazil,BRA,2005,4827.78165890291,6.86953720898964,10.551,Upper-Middle Income,2000s
Barbados,BRB,2005,14214.4202213572,6.08218729535043,9.08,High Income,2000s
Brunei Darussalam,BRN,2005,29386.2703822862,1.24443711883965,5.973,High Income,2000s
Bhutan,BTN,2005,1299.94938578359,5.3126310463775,3.1,Lower-Middle Income,2000s
Botswana,BWA,2005,5391.07076619634,8.61022528546439,19.852,Upper-Middle Income,2000s
Central African Republic,CAF,2005,311.950023138687,2.88352073359021,5.691,Low Income,2000s
Canada,CAN,2005,36383.6600068095,2.21355203439767,6.758,High Income,2000s
Switzerland,CHE,2005,56242.8933645639,1.17195420333702,4.437,High Income,2000s
Chile,CHL,2005,7480.32330998636,3.05257621387849,9.34,Upper-Middle Income,2000s
China,CHN,2005,1777.64496828464,1.7764140766757,4.52,Lower-Middle Income,2000s
Cote d'Ivoire,CIV,2005,1197.74616979415,3.88583039886481,6.023,Lower-Middle Income,2000s
Cameroon,CMR,2005,1142.62466252106,2.01353950175986,4.4,Lower-Middle Income,2000s
Democratic Republic of the Congo,COD,2005,214.539740473519,21.316816722934,2.948,Low Income,2000s
"Congo, Rep.",COG,2005,1799.05158366154,3.09449011456181,19.796,Lower-Middle Income,2000s
Colombia,COL,2005,3456.06610874512,5.05101962689695,11.062,Lower-Middle Income,2000s
Comoros,COM,2005,1105.78796866788,3.0133239505812,4.527,Lower-Middle Income,2000s
Cabo Verde,CPV,2005,2004.14680417563,0.41889161285517,13.439,Lower-Middle Income,2000s
Costa Rica,CRI,2005,4703.00721784778,13.7982949108987,6.749,Upper-Middle Income,2000s
Cyprus,CYP,2005,24959.26171875,2.56016132330233,5.481,High Income,2000s
Czechia,CZE,2005,13442.4916284309,1.85709789109228,7.927,High Income,2000s
Germany,DEU,2005,35084.4363546269,1.54691114751328,11.193,High Income,2000s
Djibouti,DJI,2005,844.4483573908,3.10496640148299,26.448,Low Income,2000s
Denmark,DNK,2005,48925.8076698784,1.81781458291254,4.83,High Income,2000s
Dominican Republic,DOM,2005,3878.31206735244,4.19020260472056,6.587,Upper-Middle Income,2000s
Algeria,DZA,2005,3233.13339634212,1.38244656662118,15.27,Lower-Middle Income,2000s
Ecuador,ECU,2005,2909.02606014388,2.1682770118372,3.779,Lower-Middle Income,2000s
Egypt,EGY,2005,1105.53920713903,4.86939696871988,11.049,Lower-Middle Income,2000s
Spain,ESP,2005,26450.9530130382,3.36881409750383,9.146,High Income,2000s
Estonia,EST,2005,10414.6381183565,4.07971423199848,8.033,Upper-Middle Income,2000s
Ethiopia,ETH,2005,158.243458082465,9.96997123512891,2.497,Low Income,2000s
Finland,FIN,2005,39049.8703780223,0.62387445002519,9.602,High Income,2000s
Fiji,FJI,2005,3377.69126953493,2.36576453830433,3.886,Lower-Middle Income,2000s
France,FRA,2005,34696.3718316971,1.74586936380487,8.882,High Income,2000s
Gabon,GAB,2005,6547.87613955186,3.70833333333304,16.91,Upper-Middle Income,2000s
United Kingdom,GBR,2005,42240.2462987547,2.0891364902507,4.884,High Income,2000s
Georgia,GEO,2005,1642.78359414797,8.24709043114158,13.81,Lower-Middle Income,2000s
Ghana,GHA,2005,478.611909191028,15.4389920155908,5.816,Low Income,2000s
Guinea,GIN,2005,463.17768685098,31.3733025877534,4.814,Low Income,2000s
"Gambia, The",GMB,2005,616.483657865348,4.83862177543157,9.92,Low Income,2000s
Guinea-Bissau,GNB,2005,463.073962650452,3.32919922802856,3.184,Low Income,2000s
Equatorial Guinea,GNQ,2005,8673.9026086535,5.63163351357613,7.667,Upper-Middle Income,2000s
Greece,GRC,2005,22054.1315756886,3.5450727333508,10.074,High Income,2000s
Guatemala,GTM,2005,2046.46611650758,9.1086498571922,3.059,Lower-Middle Income,2000s
Guyana,GUY,2005,1084.06541388904,6.92554303890157,11.085,Lower-Middle Income,2000s
"Hong Kong SAR, China",HKG,2005,26649.637724155,0.826446280991827,5.58,High Income,2000s
Honduras,HND,2005,1304.70039153826,8.80906074819819,4.909,Lower-Middle Income,2000s
Croatia,HRV,2005,10443.5278353294,3.31717824448045,12.598,Upper-Middle Income,2000s
Haiti,HTI,2005,775.845704056916,13.973008326384,14.559,Low Income,2000s
Hungary,HUN,2005,11212.2046968994,3.56151711378352,7.189,High Income,2000s
Indonesia,IDN,2005,1238.21447629488,10.4532001873347,7.945,Lower-Middle Income,2000s
India,IND,2005,710.488080408949,4.24634362031922,7.551,Low Income,2000s
Ireland,IRL,2005,50933.0216095589,2.45654692931639,4.237,High Income,2000s
Iran,IRN,2005,3132.0508192007,13.433118008508,11.813,Lower-Middle Income,2000s
Iraq,IRQ,2005,1762.39360423421,36.9594809201871,8.57,Lower-Middle Income,2000s
Iceland,ISL,2005,57783.7745608117,3.98704782806593,2.547,High Income,2000s
Israel,ISR,2005,21286.8388636595,1.34070328119492,11.342,High Income,2000s
Italy,ITA,2005,32062.723833669,1.9852929852798,7.73,High Income,2000s
Jamaica,JAM,2005,4184.43974867497,15.0528658875905,6.577,Upper-Middle Income,2000s
Jordan,JOR,2005,2087.87079273635,3.49368534619531,14.8,Lower-Middle Income,2000s
Japan,JPN,2005,37812.8950199948,-0.282946068764391,4.446,High Income,2000s
Kazakhstan,KAZ,2005,3577.35804001782,7.57999929125766,8.13,Upper-Middle Income,2000s
Kenya,KEN,2005,523.456312433863,10.3127783574683,2.739,Low Income,2000s
Kyrgyzstan,KGZ,2005,476.548193640077,4.3386739184431,2.816,Low Income,2000s
Cambodia,KHM,2005,525.797325120926,6.61525912001587,1.061,Low Income,2000s
South Korea,KOR,2005,20167.0474902506,2.75379162735039,3.482,High Income,2000s
Kuwait,KWT,2005,36122.6142741227,4.14297583631023,1.455,High Income,2000s
Laos,LAO,2005,466.061506997741,7.16541759946639,1.35,Low Income,2000s
Liberia,LBR,2005,287.487333441381,10.8343588481414,2.413,Low Income,2000s
Libya,LBY,2005,8079.24957329001,2.65020576131657,18.66,Upper-Middle Income,2000s
St. Lucia,LCA,2005,6863.43641919345,3.89827370759476,18.7,Upper-Middle Income,2000s
Sri Lanka,LKA,2005,1207.21994764165,11.6396860971118,7.67,Lower-Middle Income,2000s
Lesotho,LSO,2005,861.381496414995,3.43788423057443,16.031,Low Income,2000s
Lithuania,LTU,2005,7857.03148786492,2.65848484065262,8.325,Upper-Middle Income,2000s
Luxembourg,LUX,2005,80988.1376230858,2.48769665164088,4.488,High Income,2000s
Latvia,LVA,2005,7283.78738127622,6.74845027893124,10.033,Upper-Middle Income,2000s
"Macao SAR, China",MAC,2005,25681.2167315221,4.39589284335674,4.158,High Income,2000s
Morocco,MAR,2005,2242.98828125,0.982641660015951,11.01,Lower-Middle Income,2000s
Moldova,MDA,2005,1034.39197746993,11.9591837222127,5.633,Lower-Middle Income,2000s
Madagascar,MDG,2005,305.812074924388,18.3638246468932,2.62,Low Income,2000s
Maldives,MDV,2005,3796.51546524644,1.30027500930997,7.313,Upper-Middle Income,2000s
Mexico,MEX,2005,8671.75891885163,3.98805714597437,3.558,Upper-Middle Income,2000s
North Macedonia,MKD,2005,3120.98401394233,0.525515950714247,37.32,Lower-Middle Income,2000s
Mali,MLI,2005,548.730382842725,6.39788293897883,1.367,Low Income,2000s
Malta,MLT,2005,15831.344048672,3.00796652450313,6.923,High Income,2000s
Myanmar,MMR,2005,252.685193060728,9.36861814196704,0.672,Low Income,2000s
Mongolia,MNG,2005,994.90010913241,12.7165674066053,7.015,Lower-Middle Income,2000s
Mozambique,MOZ,2005,436.773856167384,6.42755278070087,3.035,Low Income,2000s
Mauritania,MRT,2005,998.96583416747,12.1256487185541,9.59,Lower-Middle Income,2000s
Mauritius,MUS,2005,5354.02974260642,4.93717004981795,9.524,Upper-Middle Income,2000s
Malawi,MWI,2005,414.361121984475,15.4103446604296,4.935,Low Income,2000s
Malaysia,MYS,2005,5555.58179951206,2.97507092684449,3.53,Upper-Middle Income,2000s
Namibia,NAM,2005,3685.77299991587,2.28194607024307,22.108,Upper-Middle Income,2000s
Niger,NER,2005,318.643121918273,7.7974978178644,3.1,Low Income,2000s
Nigeria,NGA,2005,1211.37703504386,17.8634933661605,3.727,Lower-Middle Income,2000s
Nicaragua,NIC,2005,1183.30214010175,9.59909986064425,5.37,Lower-Middle Income,2000s
Netherlands,NLD,2005,42165.396168388,1.6881301786962,5.872,High Income,2000s
Norway,NOR,2005,67047.1704558264,1.53213367609249,4.381,High Income,2000s
Nepal,NPL,2005,309.024168339372,6.83633265892877,10.59,Low Income,2000s
New Zealand,NZL,2005,27751.0654708859,3.03702332617012,3.807,High Income,2000s
Oman,OMN,2005,14434.8577924647,1.90983553531865,4.589,High Income,2000s
Pakistan,PAK,2005,827.619861189926,9.06332737030417,0.583,Low Income,2000s
Panama,PAN,2005,5017.74110414832,2.85588324760959,5.967,Upper-Middle Income,2000s
Peru,PER,2005,2706.66947297608,1.61630193862544,4.87,Lower-Middle Income,2000s
Philippines,PHL,2005,1220.46018559867,6.51685393258433,3.795,Lower-Middle Income,2000s
Papua New Guinea,PNG,2005,744.486489977433,1.78080439925826,2.385,Low Income,2000s
Poland,POL,2005,8043.92332253757,2.18379872390251,17.592,Upper-Middle Income,2000s
Portugal,PRT,2005,18780.12751241,2.27716394887834,7.582,High Income,2000s
Paraguay,PRY,2005,1970.87169852378,6.80738203116377,4.825,Lower-Middle Income,2000s
West Bank and Gaza,PSE,2005,1543.70141392774,4.10725070715931,20.016,Lower-Middle Income,2000s
Qatar,QAT,2005,53949.6764091147,8.81439532334683,0.87,High Income,2000s
Romania,ROU,2005,4618.00350802913,9.01491283343835,7.174,Upper-Middle Income,2000s
Russia,RUS,2005,5323.455078125,12.6853039507349,7.124,Upper-Middle Income,2000s
Rwanda,RWA,2005,324.016863847189,9.01408918092339,11.842,Low Income,2000s
Saudi Arabia,SAU,2005,15975.7473782258,0.479231671630955,6.051,High Income,2000s
Sudan,SDN,2005,905.543640136719,8.50585075933117,15.545,Lower-Middle Income,2000s
Senegal,SEN,2005,979.846101520171,1.71133325855502,2.679,Lower-Middle Income,2000s
Singapore,SGP,2005,29961.3172812732,0.425106276569107,5.59,High Income,2000s
Solomon Islands,SLB,2005,1144.49233397681,7.33066341633299,1.879,Lower-Middle Income,2000s
El Salvador,SLV,2005,2447.39140845394,4.69094870903769,7.22,Lower-Middle Income,2000s
Serbia,SRB,2005,3807.97417321786,16.1199806482826,20.85,Upper-Middle Income,2000s
Sao Tome and Principe,STP,2005,844.169181884274,17.1522049354354,16.47,Low Income,2000s
Suriname,SUR,2005,3453.42865937765,9.89800489561465,9.302,Lower-Middle Income,2000s
Slovak Republic,SVK,2005,11641.5410321763,2.70908494588384,16.276,High Income,2000s
Slovenia,SVN,2005,17969.7095907161,2.45150132316475,6.506,High Income,2000s
Sweden,SWE,2005,43378.4077394363,0.453170852576138,7.81,High Income,2000s
Eswatini,SWZ,2005,2871.06877437449,4.77400404553712,27.221,Lower-Middle Income,2000s
Syria,SYR,2005,1533.90166536568,7.24034939348535,8.81,Lower-Middle Income,2000s
Chad,TCD,2005,838.092107712557,7.89036567462993,0.663,Low Income,2000s
Togo,TGO,2005,551.259850017077,6.78292893028314,4.149,Low Income,2000s
Thailand,THA,2005,2867.70383436062,4.54036919634535,1.35,Lower-Middle Income,2000s
Tajikistan,TJK,2005,333.927150941684,7.09193244083773,3.45,Low Income,2000s
Timor-Leste,TLS,2005,487.464506929223,1.11167400387198,3.611,Low Income,2000s
Tonga,TON,2005,2477.72620144825,8.66569221131751,2.542,Lower-Middle Income,2000s
Trinidad and Tobago,TTO,2005,12346.4373094075,6.87453459583516,7.95,High Income,2000s
Tunisia,TUN,2005,3146.8260743927,2.01778641357144,12.872,Lower-Middle Income,2000s
Turkiye,TUR,2005,7331.85429430255,8.17916036802008,10.636,Upper-Middle Income,2000s
Tanzania,TZA,2005,483.334869384766,5.03457009267163,3.193,Low Income,2000s
Uganda,UGA,2005,330.405402707025,8.44872642299532,1.9,Low Income,2000s
Ukraine,UKR,2005,1875.33508300781,13.5695764909248,7.18,Lower-Middle Income,2000s
Uruguay,URY,2005,5284.25677987129,4.6992773903564,12.009,Upper-Middle Income,2000s
United States,USA,2005,44123.4070679055,3.3927468454955,5.084,High Income,2000s
St. Vincent and the Grenadines,VCT,2005,5157.39373878102,3.7334291646702,19.461,Upper-Middle Income,2000s
Viet Nam,VNM,2005,710.746759994861,8.28457243128677,2.078,Low Income,2000s
Vanuatu,VUT,2005,1873.99142640619,1.19920053297801,8.121,Lower-Middle Income,2000s
Samoa,WSM,2005,2550.04221437511,1.85676392572949,5.212,Lower-Middle Income,2000s
Yemen,YEM,2005,734.159908450927,11.8112639374949,12.213,Low Income,2000s
South Africa,ZAF,2005,5836.87663325127,2.06285308223427,22.472,Upper-Middle Income,2000s
Zambia,ZMB,2005,710.982068171696,18.324439701174,15.9,Low Income,2000s
Afghanistan,AFG,2006,274.218553561575,6.78459655001655,7.897,Low Income,2000s
Angola,AGO,2006,2930.4442860732,13.3052101780031,16.123,Lower-Middle Income,2000s
Albania,ALB,2006,3057.77257038113,2.37072831904284,15.626,Lower-Middle Income,2000s
Armenia,ARM,2006,2041.65267068997,2.89235662459003,10.497,Lower-Middle Income,2000s
Australia,AUS,2006,36658.8243476122,3.55528696972984,4.785,High Income,2000s
Austria,AUT,2006,40382.2078298575,1.44154851119016,5.32,High Income,2000s
Azerbaijan,AZE,2006,2472.95725732287,8.32892482863209,6.62,Lower-Middle Income,2000s
Burundi,BDI,2006,161.892755640319,2.7454200021424,3.185,Low Income,2000s
Belgium,BEL,2006,38705.1067959147,1.79120770070453,8.246,High Income,2000s
Benin,BEN,2006,809.147072506221,3.78217696540374,0.888,Low Income,2000s
Burkina Faso,BFA,2006,455.513655620024,2.33310856372219,3.67,Low Income,2000s
Bangladesh,BGD,2006,490.388026533289,6.76526117054757,3.591,Low Income,2000s
Bulgaria,BGR,2006,4523.1465578805,7.26159462769946,8.951,Upper-Middle Income,2000s
Bahrain,BHR,2006,19267.282615072,2.00746965452849,1.021,High Income,2000s
The Bahamas,BHS,2006,29184.7865087908,2.38982627439254,7.54,High Income,2000s
Bosnia and Herzegovina,BIH,2006,3166.12865344833,6.12556615620284,31.11,Lower-Middle Income,2000s
Belarus,BLR,2006,3848.22350300163,6.99712903535584,8.066,Upper-Middle Income,2000s
Belize,BLZ,2006,5524.78167834986,-7.11376771265013,9.39,Upper-Middle Income,2000s
Bolivia,BOL,2006,1202.71150446327,4.28239604802561,2.575,Lower-Middle Income,2000s
Brazil,BRA,2006,5934.14561857454,4.18356812896909,9.692,Upper-Middle Income,2000s
Barbados,BRB,2006,15619.6005955511,7.3076626282894,8.73,High Income,2000s
Brunei Darussalam,BRN,2006,34674.7995236452,0.15988807834512,6.061,High Income,2000s
Bhutan,BTN,2006,1405.6071618158,5.0004543802254,3.13,Lower-Middle Income,2000s
Botswana,BWA,2006,5291.58379144849,11.5552187914379,17.782,Upper-Middle Income,2000s
Central African Republic,CAF,2006,333.942519903031,6.69526465773354,5.61,Low Income,2000s
Canada,CAN,2006,40504.0370977806,2.00202539534161,6.484,High Income,2000s
Switzerland,CHE,2006,59011.0324592016,1.05950928324804,3.995,High Income,2000s
Chile,CHL,2006,9318.65655296121,3.39201733699405,9.024,Upper-Middle Income,2000s
China,CHN,2006,2129.25696999613,1.64943099455859,4.43,Lower-Middle Income,2000s
Cote d'Ivoire,CIV,2006,1230.43056838584,2.46719148596914,6.017,Lower-Middle Income,2000s
Cameroon,CMR,2006,1191.45458990968,5.11757816019469,3.729,Lower-Middle Income,2000s
Democratic Republic of the Congo,COD,2006,255.445229568751,13.0526949745101,3.174,Low Income,2000s
"Congo, Rep.",COG,2006,2103.5821381211,6.53784395299603,19.563,Lower-Middle Income,2000s
Colombia,COL,2006,3789.85361217027,4.29342363628926,11.088,Upper-Middle Income,2000s
Comoros,COM,2006,1138.47908404345,3.37436360121204,4.482,Lower-Middle Income,2000s
Cabo Verde,CPV,2006,2256.99666191075,5.36907687065548,13.378,Lower-Middle Income,2000s
Costa Rica,CRI,2006,5256.59640859159,11.4705968149052,5.926,Upper-Middle Income,2000s
Cyprus,CYP,2006,26729.28125,2.30468732978555,4.593,High Income,2000s
Czechia,CZE,2006,15259.0788162004,2.53399258343633,7.141,High Income,2000s
Germany,DEU,2006,36980.3349948954,1.57742642840563,10.277,High Income,2000s
Djibouti,DJI,2006,898.464628136774,3.48340699677866,26.382,Lower-Middle Income,2000s
Denmark,DNK,2006,52119.1787984282,1.92422138464584,3.897,High Income,2000s
Dominican Republic,DOM,2006,4055.14270347371,7.57280523853073,5.654,Upper-Middle Income,2000s
Algeria,DZA,2006,3660.66104745322,2.31149918514423,12.27,Upper-Middle Income,2000s
Ecuador,ECU,2006,3243.67010359339,3.29874846258215,3.55,Lower-Middle Income,2000s
Egypt,EGY,2006,1298.97900203124,7.64452644526434,10.49,Lower-Middle Income,2000s
Spain,ESP,2006,28421.686527407,3.51557576832128,8.452,High Income,2000s
Estonia,EST,2006,12641.4800976473,4.43762042389213,5.915,High Income,2000s
Ethiopia,ETH,2006,189.345737521418,12.2994763114824,2.337,Low Income,2000s
Finland,FIN,2006,41214.0187765069,1.56666380704386,8.935,High Income,2000s
Fiji,FJI,2006,3455.10599907349,2.49083638787078,3.957,Lower-Middle Income,2000s
France,FRA,2006,36431.5658906555,1.67512449608726,8.832,High Income,2000s
Gabon,GAB,2006,6847.00985685394,-1.4094013660098,17.805,Upper-Middle Income,2000s
United Kingdom,GBR,2006,44695.161023424,2.4556616643929,5.472,High Income,2000s
Georgia,GEO,2006,1996.02013272284,9.16096508394497,13.57,Lower-Middle Income,2000s
Ghana,GHA,2006,906.441027564887,11.6791839392492,4.897,Lower-Middle Income,2000s
Guinea,GIN,2006,446.980554135013,34.6952705997072,4.863,Low Income,2000s
"Gambia, The",GMB,2006,614.544307904464,2.0565034236599,10.241,Low Income,2000s
Guinea-Bissau,GNB,2006,448.513075469701,1.95473717628916,3.143,Low Income,2000s
Equatorial Guinea,GNQ,2006,10184.8841248541,4.41589984169561,7.612,Upper-Middle Income,2000s
Greece,GRC,2006,24416.0232970275,3.19594684144543,8.906,High Income,2000s
Guatemala,GTM,2006,2225.1234753878,6.56085282795384,2.96,Lower-Middle Income,2000s
Guyana,GUY,2006,3135.60553528326,6.67715790410028,10.7,Lower-Middle Income,2000s
"Hong Kong SAR, China",HKG,2006,28224.0951563146,2.00025160397534,4.77,High Income,2000s
Honduras,HND,2006,1425.84780051892,5.57775207654298,3.574,Lower-Middle Income,2000s
Croatia,HRV,2006,11501.2099669894,3.18982591472949,11.13,High Income,2000s
Haiti,HTI,2006,828.805700289589,11.3452152244299,15.866,Low Income,2000s
Hungary,HUN,2006,11478.4891640501,3.93032603841001,7.494,High Income,2000s
Indonesia,IDN,2006,1558.31562847163,13.108670985346,7.551,Lower-Middle Income,2000s
India,IND,2006,801.668353659022,5.79652337561634,7.553,Low Income,2000s
Ireland,IRL,2006,54329.1618599624,3.93576114001354,4.355,High Income,2000s
Iran,IRN,2006,3618.91601364428,10.0158982511924,11.519,Upper-Middle Income,2000s
Iraq,IRQ,2006,2276.55435744086,53.230962911428,8.411,Lower-Middle Income,2000s
Iceland,ISL,2006,58172.1426656622,6.68707906136661,2.83,High Income,2000s
Israel,ISR,2006,22527.2619795719,2.05407914587443,10.707,High Income,2000s
Italy,ITA,2006,33537.1286994269,2.09084391012754,6.777,High Income,2000s
Jamaica,JAM,2006,4417.00127135363,8.56106408706157,6.605,Upper-Middle Income,2000s
Jordan,JOR,2006,2342.63459574933,6.25172466656443,14.0,Lower-Middle Income,2000s
Japan,JPN,2006,35991.546002862,0.249355116079085,4.192,High Income,2000s
Kazakhstan,KAZ,2006,5030.13494711519,8.72169386091726,7.79,Upper-Middle Income,2000s
Kenya,KEN,2006,699.80237063381,14.4537342081708,2.673,Low Income,2000s
Kyrgyzstan,KGZ,2006,543.113512472219,5.55212333162542,2.962,Low Income,2000s
Cambodia,KHM,2006,612.252648550727,5.81068550464306,1.16,Low Income,2000s
South Korea,KOR,2006,22609.7059431449,2.24234028518921,3.254,High Income,2000s
Kuwait,KWT,2006,42946.6374104066,3.05701339166722,1.3,High Income,2000s
Laos,LAO,2006,579.391947440719,6.54559439052787,1.199,Low Income,2000s
Liberia,LBR,2006,320.55808618515,7.34144608278558,2.28,Low Income,2000s
Libya,LBY,2006,10048.8480434289,1.45926876202724,18.805,Upper-Middle Income,2000s
St. Lucia,LCA,2006,7611.17856675319,2.39562082529168,16.0,Upper-Middle Income,2000s
Sri Lanka,LKA,2006,1388.89739119932,10.0201836057035,6.5,Lower-Middle Income,2000s
Lesotho,LSO,2006,925.467485502842,6.07271879734293,16.054,Lower-Middle Income,2000s
Lithuania,LTU,2006,9210.10118229413,3.73912004060664,5.78,Upper-Middle Income,2000s
Luxembourg,LUX,2006,90788.8004876145,2.66631494577069,4.731,High Income,2000s
Latvia,LVA,2006,9211.7374468148,6.53619908765872,7.03,Upper-Middle Income,2000s
"Macao SAR, China",MAC,2006,29813.7877167933,5.14997337750692,3.822,High Income,2000s
Morocco,MAR,2006,2438.12646484375,3.28476166954811,9.67,Lower-Middle Income,2000s
Moldova,MDA,2006,1183.02481442894,12.7777557830351,4.26,Lower-Middle Income,2000s
Madagascar,MDG,2006,324.146874882604,10.7656371554865,2.945,Low Income,2000s
Maldives,MDV,2006,5018.94335409159,2.73842131602099,8.345,Upper-Middle Income,2000s
Mexico,MEX,2006,9512.63575346699,3.62946762439132,3.566,Upper-Middle Income,2000s
North Macedonia,MKD,2006,3440.4411057968,3.21362929606345,36.392,Lower-Middle Income,2000s
Mali,MLI,2006,586.985415515264,1.54352596927582,1.395,Low Income,2000s
Malta,MLT,2006,16653.6036929688,2.77378006481472,6.798,High Income,2000s
Myanmar,MMR,2006,303.495087119254,19.9964873359214,0.676,Low Income,2000s
Montenegro,MNE,2006,4418.84951521682,2.92451258123648,24.815,Upper-Middle Income,2000s
Mongolia,MNG,2006,1329.89179579053,5.09516661663157,7.193,Lower-Middle Income,2000s
Mozambique,MOZ,2006,457.487647833183,13.2450879070999,3.037,Low Income,2000s
Mauritania,MRT,2006,1300.60367988659,6.2410332814282,9.313,Lower-Middle Income,2000s
Mauritius,MUS,2006,5784.22491883026,8.91350105650142,9.04,Upper-Middle Income,2000s
Malawi,MWI,2006,440.822149023873,13.9742943548388,4.954,Low Income,2000s
Malaysia,MYS,2006,6158.40785533236,3.60923564224389,3.32,Upper-Middle Income,2000s
Namibia,NAM,2006,4017.1834716928,4.96116689298916,21.848,Upper-Middle Income,2000s
Niger,NER,2006,333.345078419447,0.0404858299595074,2.528,Low Income,2000s
Nigeria,NGA,2006,1599.53891556365,8.22522152017047,3.749,Lower-Middle Income,2000s
Nicaragua,NIC,2006,1248.17371577788,9.1401996677772,5.31,Lower-Middle Income,2000s
Netherlands,NLD,2006,45123.5432406426,1.10150106517709,5.007,High Income,2000s
Norway,NOR,2006,74434.4996835671,2.3293498075755,3.397,High Income,2000s
Nepal,NPL,2006,340.431796437968,6.92033580707589,10.609,Low Income,2000s
New Zealand,NZL,2006,26654.5932018985,3.36540196171993,3.857,High Income,2000s
Oman,OMN,2006,16930.8565071853,3.54498591605033,4.387,High Income,2000s
Pakistan,PAK,2006,900.873564984808,7.92108440058789,0.582,Lower-Middle Income,2000s
Panama,PAN,2006,5528.76705854901,2.45789346442096,5.792,Upper-Middle Income,2000s
Peru,PER,2006,3129.55996496982,2.00225801248819,4.17,Lower-Middle Income,2000s
Philippines,PHL,2006,1426.14649179546,5.4852320675105,4.052,Lower-Middle Income,2000s
Papua New Guinea,PNG,2006,1238.18282926706,2.3684623841683,2.285,Lower-Middle Income,2000s
Poland,POL,2006,9068.85528307627,1.28469394366416,13.794,Upper-Middle Income,2000s
Portugal,PRT,2006,19839.4540499032,3.1076654587105,7.649,High Income,2000s
Paraguay,PRY,2006,2439.43124694576,9.58934941129229,5.277,Lower-Middle Income,2000s
West Bank and Gaza,PSE,2006,1570.10439962728,3.84234125624782,19.014,Lower-Middle Income,2000s
Qatar,QAT,2006,62582.4453138755,11.8358096197431,0.87,High Income,2000s
Romania,ROU,2006,5757.53127301178,6.55851412276983,7.27,Upper-Middle Income,2000s
Russia,RUS,2006,6920.19970703125,9.66865454789265,7.055,Upper-Middle Income,2000s
Rwanda,RWA,2006,356.995022901154,8.88282654777923,11.586,Low Income,2000s
Saudi Arabia,SAU,2006,17563.6145370639,2.20902314069647,6.254,High Income,2000s
Sudan,SDN,2006,1132.474609375,7.19912990114709,15.542,Lower-Middle Income,2000s
Senegal,SEN,2006,1017.20196747987,2.11228583877117,2.755,Lower-Middle Income,2000s
Singapore,SGP,2006,33768.4528234651,0.965657519018511,4.48,High Income,2000s
Solomon Islands,SLB,2006,1255.62447417684,11.2199870214146,1.916,Lower-Middle Income,2000s
El Salvador,SLV,2006,2665.61807194853,4.03712359429612,6.57,Lower-Middle Income,2000s
Serbia,SRB,2006,4492.7136699046,11.7240229980834,20.85,Upper-Middle Income,2000s
Sao Tome and Principe,STP,2006,861.970707697664,23.0770373451381,16.65,Low Income,2000s
Suriname,SUR,2006,5002.65798695759,11.2813043273975,9.142,Upper-Middle Income,2000s
Slovak Republic,SVK,2006,13167.8954730379,4.48333120449611,13.395,High Income,2000s
Slovenia,SVN,2006,19563.005059144,2.45792444195865,5.95,High Income,2000s
Sweden,SWE,2006,46531.3762240485,1.36021468627693,7.066,High Income,2000s
Eswatini,SWZ,2006,2964.95865200682,5.30463946338728,27.693,Lower-Middle Income,2000s
Syria,SYR,2006,1718.78347217338,10.0241105377571,8.17,Lower-Middle Income,2000s
Chad,TCD,2006,906.897260572747,8.03628897951331,0.716,Lower-Middle Income,2000s
Togo,TGO,2006,552.50227125256,2.22897779414027,4.229,Low Income,2000s
Thailand,THA,2006,3331.32043511773,4.63747436011765,1.22,Lower-Middle Income,2000s
Tajikistan,TJK,2006,401.018403316427,10.0108651886461,3.65,Low Income,2000s
Timor-Leste,TLS,2006,464.667016791076,3.93616259929866,3.634,Low Income,2000s
Tonga,TON,2006,2750.34778600857,6.14911606456575,1.09,Lower-Middle Income,2000s
Trinidad and Tobago,TTO,2006,14152.6607422113,8.32960351465347,6.27,High Income,2000s
Tunisia,TUN,2006,3322.56933570096,3.22525337438917,12.51,Lower-Middle Income,2000s
Turkiye,TUR,2006,7990.08251407245,9.59724212288446,10.227,Upper-Middle Income,2000s
Tanzania,TZA,2006,475.746734619141,7.25097262082546,3.299,Low Income,2000s
Uganda,UGA,2006,346.518255310647,7.31067613561864,2.264,Low Income,2000s
Ukraine,UKR,2006,2366.494140625,9.05252491133248,6.81,Lower-Middle Income,2000s
Uruguay,URY,2006,6001.33294783172,6.39764974385131,10.844,Upper-Middle Income,2000s
United States,USA,2006,46302.0008800056,3.22594410070404,4.623,High Income,2000s
St. Vincent and the Grenadines,VCT,2006,5744.8278621257,2.74067516070673,19.162,Upper-Middle Income,2000s
Viet Nam,VNM,2006,807.756645117054,7.41801715108463,2.046,Low Income,2000s
Vanuatu,VUT,2006,2034.79289624351,2.04081632653062,8.006,Lower-Middle Income,2000s
Samoa,WSM,2006,2663.29135939532,3.70008680555553,5.321,Lower-Middle Income,2000s
Yemen,YEM,2006,809.713127624703,10.8447986914257,12.349,Low Income,2000s
South Africa,ZAF,2006,6077.38293388876,3.2439076541923,22.304,Upper-Middle Income,2000s
Zambia,ZMB,2006,1051.71714895686,9.01957247226486,13.229,Lower-Middle Income,2000s
Afghanistan,AFG,2007,376.223152003876,8.68057078513405,7.841,Low Income,2000s
Angola,AGO,2007,3515.05678986535,12.2514974459486,16.066,Upper-Middle Income,2000s
Albania,ALB,2007,3743.05529896187,2.93268248162317,15.966,Upper-Middle Income,2000s
Armenia,ARM,2007,2962.70234594569,4.40736089644516,10.394,Lower-Middle Income,2000s
Australia,AUS,2007,41128.2476618402,2.32761442623159,4.381,High Income,2000s
Austria,AUT,2007,46622.9622913635,2.16855528800756,4.909,High Income,2000s
Azerbaijan,AZE,2007,3851.33015175141,16.6997549618244,6.33,Upper-Middle Income,2000s
Burundi,BDI,2007,166.162744906755,8.41206285772543,2.404,Low Income,2000s
Belgium,BEL,2007,44319.165448813,1.82305630026809,7.459,High Income,2000s
Benin,BEN,2007,912.338247188342,1.29806813334152,0.902,Lower-Middle Income,2000s
Burkina Faso,BFA,2007,514.684451177238,-0.230627306273049,3.3,Low Income,2000s
Bangladesh,BGD,2007,537.955492792911,9.10698496905382,4.015,Low Income,2000s
Bulgaria,BGR,2007,5888.57081403932,8.40253419005893,6.878,Upper-Middle Income,2000s
Bahrain,BHR,2007,20908.4042548073,3.25666666666703,1.006,High Income,2000s
The Bahamas,BHS,2007,30051.8489587756,2.49257794939396,7.88,High Income,2000s
Bosnia and Herzegovina,BIH,2007,3931.48948737505,1.50077710611541,28.984,Upper-Middle Income,2000s
Belarus,BLR,2007,4735.48107556066,8.42675273505309,7.41,Upper-Middle Income,2000s
Belize,BLZ,2007,5762.21023302938,2.3180827464202,8.51,Upper-Middle Income,2000s
Bolivia,BOL,2007,1354.54905949929,8.70560923578869,2.614,Lower-Middle Income,2000s
Brazil,BRA,2007,7409.69003822861,3.64127299102652,9.28,Upper-Middle Income,2000s
Barbados,BRB,2007,17235.4396434785,4.03422982885069,7.41,High Income,2000s
Brunei Darussalam,BRN,2007,36217.3290706015,0.967774119525101,6.187,High Income,2000s
Bhutan,BTN,2007,1850.41570433398,5.15611138758462,3.7,Lower-Middle Income,2000s
Botswana,BWA,2007,5529.12574632532,7.08099847172692,16.976,Upper-Middle Income,2000s
Central African Republic,CAF,2007,380.887048839475,0.959917619457109,5.562,Low Income,2000s
Canada,CAN,2007,44660.0838892281,2.13838399266837,6.156,High Income,2000s
Switzerland,CHE,2007,64989.1553256031,0.732350603122236,3.641,High Income,2000s
Chile,CHL,2007,10346.4138184533,4.40779938398044,8.427,Upper-Middle Income,2000s
China,CHN,2007,2734.72709877693,4.81676767378834,4.35,Lower-Middle Income,2000s
Cote d'Ivoire,CIV,2007,1367.53817722326,1.89200629349597,6.284,Lower-Middle Income,2000s
Cameroon,CMR,2007,1325.67248215933,0.921402245650095,3.063,Lower-Middle Income,2000s
Democratic Republic of the Congo,COD,2007,294.101615124419,16.9451006541949,3.404,Low Income,2000s
"Congo, Rep.",COG,2007,2206.47101863414,2.65464645060702,19.909,Lower-Middle Income,2000s
Colombia,COL,2007,4769.926147194,5.54438485815155,11.204,Upper-Middle Income,2000s
Comoros,COM,2007,1289.73631056361,4.46616710098131,4.474,Lower-Middle Income,2000s
Cabo Verde,CPV,2007,3324.57675212498,4.41099704193488,13.294,Lower-Middle Income,2000s
Costa Rica,CRI,2007,6137.71199925542,9.35724456417157,4.557,Upper-Middle Income,2000s
Cyprus,CYP,2007,31244.87890625,2.37265183669719,3.946,High Income,2000s
Czechia,CZE,2007,18452.6532812196,2.8531243721117,5.316,High Income,2000s
Germany,DEU,2007,42350.9217211489,2.2983440070095,8.732,High Income,2000s
Djibouti,DJI,2007,969.573220191902,4.96597654553301,26.292,Lower-Middle Income,2000s
Denmark,DNK,2007,58631.6566433635,1.69326586220324,3.801,High Income,2000s
Dominican Republic,DOM,2007,4649.64558875814,6.14356655248047,5.158,Upper-Middle Income,2000s
Algeria,DZA,2007,4167.45169937531,3.67899574741699,13.79,Upper-Middle Income,2000s
Ecuador,ECU,2007,3478.92488770671,2.27618478002121,3.142,Upper-Middle Income,2000s
Egypt,EGY,2007,1547.74170735909,9.31896905799229,8.8,Lower-Middle Income,2000s
Spain,ESP,2007,32652.015594702,2.78679745804945,8.232,High Income,2000s
Estonia,EST,2007,16745.4308011148,6.60132603055637,4.592,High Income,2000s
Ethiopia,ETH,2007,237.146255996319,17.2404008340897,2.337,Low Income,2000s
Finland,FIN,2007,48473.0240091455,2.5106656524034,6.854,High Income,2000s
Fiji,FJI,2007,3762.74692789299,4.80370641306988,4.109,Upper-Middle Income,2000s
France,FRA,2007,41486.1907828787,1.48799805953859,8.008,High Income,2000s
Gabon,GAB,2007,8003.54289696049,5.03031883679951,18.257,Upper-Middle Income,2000s
United Kingdom,GBR,2007,50629.0799172887,2.38656150773327,5.399,High Income,2000s
Georgia,GEO,2007,2635.36650276116,9.24489745592404,13.28,Lower-Middle Income,2000s
Ghana,GHA,2007,1050.12461524926,10.7342665456292,5.104,Lower-Middle Income,2000s
Guinea,GIN,2007,650.148575304743,18.1755656108597,4.787,Low Income,2000s
"Gambia, The",GMB,2007,724.726407242432,5.36913473801957,10.425,Low Income,2000s
Guinea-Bissau,GNB,2007,519.069789794741,4.61743772241997,3.125,Low Income,2000s
Equatorial Guinea,GNQ,2007,12616.9532942011,2.80373831775704,7.592,High Income,2000s
Greece,GRC,2007,28440.7625328955,2.89500321516578,8.351,High Income,2000s
Guatemala,GTM,2007,2458.81573919384,6.82161753590326,2.847,Lower-Middle Income,2000s
Guyana,GUY,2007,3608.28685240188,12.2001544446648,10.84,Upper-Middle Income,2000s
"Hong Kong SAR, China",HKG,2007,30593.9511738646,2.03502713369511,4.01,High Income,2000s
Honduras,HND,2007,1577.73789197407,6.93621470895774,3.211,Lower-Middle Income,2000s
Croatia,HRV,2007,13755.8321073292,2.89928275583388,9.909,High Income,2000s
Haiti,HTI,2007,984.566983448521,6.55722772638066,16.8,Lower-Middle Income,2000s
Hungary,HUN,2007,13934.605460375,7.9587451654491,7.406,High Income,2000s
Indonesia,IDN,2007,1823.21976255073,6.40656087966005,8.06,Lower-Middle Income,2000s
India,IND,2007,1021.88707706826,6.37288135593231,7.562,Lower-Middle Income,2000s
Ireland,IRL,2007,61396.417461176,4.88574537540802,4.98,High Income,2000s
Iran,IRN,2007,4687.99166260718,17.3410404624277,10.772,Upper-Middle Income,2000s
Iraq,IRQ,2007,3128.99010329066,-10.0674925768978,8.646,Lower-Middle Income,2000s
Iceland,ISL,2007,70483.0117228535,5.05155736492146,2.251,High Income,2000s
Israel,ISR,2007,25721.2594077311,0.466226972936065,9.379,High Income,2000s
Italy,ITA,2007,37826.1754554823,1.82974112202403,6.076,High Income,2000s
Jamaica,JAM,2007,4716.48612542727,9.24482067275562,6.607,Upper-Middle Income,2000s
Jordan,JOR,2007,2506.20599484139,4.74390639021648,13.1,Lower-Middle Income,2000s
Japan,JPN,2007,35779.0245416427,0.060039454498669,3.888,High Income,2000s
Kazakhstan,KAZ,2007,6449.43931096532,10.8468362075557,7.26,Upper-Middle Income,2000s
Kenya,KEN,2007,840.201439476765,9.75888023027529,2.642,Low Income,2000s
Kyrgyzstan,KGZ,2007,721.771577544361,10.2301032660484,3.094,Low Income,2000s
Cambodia,KHM,2007,731.692295125426,8.70882770568049,1.257,Low Income,2000s
South Korea,KOR,2007,25078.4853957105,2.53457382137932,3.013,High Income,2000s
Kuwait,KWT,2007,45709.4132876371,5.48494983277596,1.5,High Income,2000s
Laos,LAO,2007,697.323013673925,4.66197269469701,1.068,Low Income,2000s
Liberia,LBR,2007,374.211308104278,11.3918966807102,2.232,Low Income,2000s
Libya,LBY,2007,11144.9448413435,6.25098782993553,18.771,High Income,2000s
St. Lucia,LCA,2007,7964.38211480117,2.82310373736929,14.0,Upper-Middle Income,2000s
Sri Lanka,LKA,2007,1578.63451125392,15.8421114924843,5.97,Lower-Middle Income,2000s
Lesotho,LSO,2007,861.188420899563,8.01243669043409,15.942,Low Income,2000s
Lithuania,LTU,2007,12295.1212779366,5.73717382799842,4.25,High Income,2000s
Luxembourg,LUX,2007,107475.320297978,2.31245861786127,4.065,High Income,2000s
Latvia,LVA,2007,13370.9789452508,10.0929775849169,6.052,High Income,2000s
"Macao SAR, China",MAC,2007,35400.2334659409,5.57149689143952,3.269,High Income,2000s
Morocco,MAR,2007,2755.5859375,2.04208512673344,9.56,Lower-Middle Income,2000s
Moldova,MDA,2007,1531.21618590748,12.3671668414302,2.749,Lower-Middle Income,2000s
Madagascar,MDG,2007,419.548001431865,10.2879663187671,3.202,Low Income,2000s
Maldives,MDV,2007,5758.10286933053,6.79477353930168,9.421,Upper-Middle Income,2000s
Mexico,MEX,2007,10134.3327138119,3.96684905458235,3.628,Upper-Middle Income,2000s
North Macedonia,MKD,2007,4204.11328760452,2.2517579830545,35.231,Upper-Middle Income,2000s
Mali,MLI,2007,670.853394973479,1.41200201714577,1.372,Low Income,2000s
Malta,MLT,2007,19444.1741958382,1.24921923797629,6.472,High Income,2000s
Myanmar,MMR,2007,419.375780725042,35.0245970717698,0.684,Low Income,2000s
Montenegro,MNE,2007,5971.84638953467,4.34712215656112,19.4,Upper-Middle Income,2000s
Mongolia,MNG,2007,1627.68787743359,9.63096309630964,7.2,Lower-Middle Income,2000s
Mozambique,MOZ,2007,507.874923914304,8.48948675497455,3.082,Low Income,2000s
Mauritania,MRT,2007,1405.15016203368,7.25410841304887,9.482,Lower-Middle Income,2000s
Mauritius,MUS,2007,6677.34962448608,8.82729272393294,8.475,Upper-Middle Income,2000s
Malawi,MWI,2007,475.180261659331,7.9522099086403,4.876,Low Income,2000s
Malaysia,MYS,2007,7168.93031942508,2.02735317779569,3.31,Upper-Middle Income,2000s
Namibia,NAM,2007,4379.04313682732,6.54788141101717,22.12,Upper-Middle Income,2000s
Niger,NER,2007,387.168065883301,0.0539592607581562,2.021,Low Income,2000s
Nigeria,NGA,2007,1815.52697545827,5.38800796858626,3.794,Lower-Middle Income,2000s
Nicaragua,NIC,2007,1350.38145753377,11.1269347446118,4.89,Lower-Middle Income,2000s
Netherlands,NLD,2007,52100.7996285947,1.61385859802102,4.153,High Income,2000s
Norway,NOR,2007,85502.2677087731,0.712589073634201,2.493,High Income,2000s
Nepal,NPL,2007,385.449767660642,2.26921924439074,10.642,Low Income,2000s
New Zealand,NZL,2007,32479.9817381467,2.37614310290659,3.661,High Income,2000s
Oman,OMN,2007,18792.653772482,5.8304841809271,4.309,High Income,2000s
Pakistan,PAK,2007,998.090114197524,7.59868441050774,0.398,Lower-Middle Income,2000s
Panama,PAN,2007,6317.8173051466,4.16863300298887,5.665,Upper-Middle Income,2000s
Peru,PER,2007,3581.0893081917,1.77998644680372,4.08,Upper-Middle Income,2000s
Philippines,PHL,2007,1712.65543282793,2.90000000000003,3.434,Lower-Middle Income,2000s
Papua New Guinea,PNG,2007,1370.753415829,0.91135045567524,2.169,Lower-Middle Income,2000s
Poland,POL,2007,11272.5293683383,2.4587431238539,9.551,High Income,2000s
Portugal,PRT,2007,22811.0564844365,2.45396528138743,7.965,High Income,2000s
Paraguay,PRY,2007,3211.93621659546,8.13047417698577,4.713,Lower-Middle Income,2000s
West Bank and Gaza,PSE,2007,1664.24571669276,1.85974379351111,18.282,Lower-Middle Income,2000s
Qatar,QAT,2007,65954.3419525051,13.7581625759964,0.52,High Income,2000s
Romania,ROU,2007,8360.33775916596,4.83732928313989,6.413,Upper-Middle Income,2000s
Russia,RUS,2007,9101.2392578125,9.00729868861079,6.002,Upper-Middle Income,2000s
Rwanda,RWA,2007,426.234183487629,9.08072205873158,11.58,Low Income,2000s
Saudi Arabia,SAU,2007,18596.1502627898,4.16782358431579,5.734,High Income,2000s
Sudan,SDN,2007,1444.37219238281,14.7542770780084,15.534,Lower-Middle Income,2000s
Senegal,SEN,2007,1188.93877808175,5.85330428467681,2.8,Lower-Middle Income,2000s
Singapore,SGP,2007,39432.8860198877,2.10980166714574,3.9,High Income,2000s
Solomon Islands,SLB,2007,1390.14870956707,7.66602013484806,1.978,Lower-Middle Income,2000s
Sierra Leone,SLE,2007,631.889926264998,11.6499744518106,4.022,Low Income,2000s
El Salvador,SLV,2007,2830.65693770733,4.57808572377153,6.41,Lower-Middle Income,2000s
Serbia,SRB,2007,6081.08765700202,6.39170644391413,18.06,Upper-Middle Income,2000s
Sao Tome and Principe,STP,2007,878.885791918745,18.5485136325779,16.021,Lower-Middle Income,2000s
Suriname,SUR,2007,5530.17615638309,6.42627934470524,9.017,Upper-Middle Income,2000s
Slovak Republic,SVK,2007,16110.4817265237,2.7567237163814,11.16,High Income,2000s
Slovenia,SVN,2007,23725.1596001515,3.65749563284099,4.818,High Income,2000s
Sweden,SWE,2007,53568.3057787832,2.21216883436733,6.161,High Income,2000s
Eswatini,SWZ,2007,3109.11097608864,8.07608827861589,28.24,Lower-Middle Income,2000s
Syria,SYR,2007,1937.61138578027,3.90770950443607,8.42,Lower-Middle Income,2000s
Chad,TCD,2007,980.483531485103,-8.9747396200927,0.839,Lower-Middle Income,2000s
Togo,TGO,2007,607.587886721352,0.945673271705214,3.822,Low Income,2000s
Thailand,THA,2007,3918.52817434581,2.24154095286803,1.18,Upper-Middle Income,2000s
Tajikistan,TJK,2007,516.997210618914,13.1491247062982,2.874,Low Income,2000s
Timor-Leste,TLS,2007,540.154630518785,10.3009020174895,3.523,Low Income,2000s
Tonga,TON,2007,2797.06560109144,5.84224874901387,1.21,Lower-Middle Income,2000s
Trinidad and Tobago,TTO,2007,16606.675360681,7.89438834757299,5.54,High Income,2000s
Tunisia,TUN,2007,3726.91672935667,2.96694432477349,12.365,Upper-Middle Income,2000s
Turkiye,TUR,2007,9766.91734545294,8.75618090972632,10.285,Upper-Middle Income,2000s
Tanzania,TZA,2007,543.198303222656,7.02551436974771,3.023,Low Income,2000s
Uganda,UGA,2007,401.389130865581,6.1385108328505,2.667,Low Income,2000s
Ukraine,UKR,2007,3160.32763671875,12.8387796190181,6.351,Lower-Middle Income,2000s
Uruguay,URY,2007,7222.05403645877,8.11464561179313,9.403,Upper-Middle Income,2000s
United States,USA,2007,48050.2237771135,2.85267248150138,4.622,High Income,2000s
St. Vincent and the Grenadines,VCT,2007,6398.19123532172,7.23614701584807,18.934,Upper-Middle Income,2000s
Viet Nam,VNM,2007,925.640338348717,8.34444889773837,2.026,Lower-Middle Income,2000s
Vanuatu,VUT,2007,2333.70506748914,3.93548387096774,6.855,Lower-Middle Income,2000s
Samoa,WSM,2007,3038.61904093377,5.57706393219629,5.425,Lower-Middle Income,2000s
Yemen,YEM,2007,890.305768114988,7.9051177898873,12.486,Lower-Middle Income,2000s
South Africa,ZAF,2007,6591.85535960564,6.17781214809388,22.26,Upper-Middle Income,2000s
Zambia,ZMB,2007,1118.73162626953,10.6573496000153,10.559,Lower-Middle Income,2000s
Afghanistan,AFG,2008,381.73323802844,26.4186641547443,7.879,Low Income,2000s
Angola,AGO,2008,4578.15526451517,12.4758291326397,16.152,Upper-Middle Income,2000s
Albania,ALB,2008,4498.50486763601,3.32087090389274,13.06,Upper-Middle Income,2000s
United Arab Emirates,ARE,2008,50054.1700681803,12.2504202448139,2.818,High Income,2000s
Armenia,ARM,2008,3777.66859313767,8.94995335353387,17.1,Upper-Middle Income,2000s
Australia,AUS,2008,49811.2067218988,4.35029726664093,4.242,High Income,2000s
Austria,AUT,2008,51581.3982361071,3.21595033239879,4.198,High Income,2000s
Azerbaijan,AZE,2008,5574.46810432575,20.8490871772712,5.86,Upper-Middle Income,2000s
Burundi,BDI,2008,189.502074570768,24.4069510353913,1.634,Low Income,2000s
Belgium,BEL,2008,48303.397956286,4.48944420508404,6.976,High Income,2000s
Benin,BEN,2008,1060.60254502099,7.94729876067854,0.895,Lower-Middle Income,2000s
Burkina Faso,BFA,2008,619.437533256264,10.6597978997424,3.501,Low Income,2000s
Bangladesh,BGD,2008,613.06204104124,8.90194489465153,4.49,Low Income,2000s
Bulgaria,BGR,2008,7271.30338858025,12.348719599402,5.609,Upper-Middle Income,2000s
Bahrain,BHR,2008,23299.4992780392,3.52600316363721,1.015,High Income,2000s
The Bahamas,BHS,2008,29392.3824416397,4.48955995375059,8.18,High Income,2000s
Bosnia and Herzegovina,BIH,2008,4841.69311934649,7.42704310332952,23.405,Upper-Middle Income,2000s
Belarus,BLR,2008,6376.17569162063,14.8378764828254,6.728,Upper-Middle Income,2000s
Belize,BLZ,2008,5711.81458859709,6.39443100250033,8.18,Upper-Middle Income,2000s
Bolivia,BOL,2008,1692.67248455876,14.0068107702519,2.603,Lower-Middle Income,2000s
Brazil,BRA,2008,8908.33338467948,5.67859390284168,8.268,Upper-Middle Income,2000s
Barbados,BRB,2008,17565.6929970592,8.10810810810779,8.12,High Income,2000s
Brunei Darussalam,BRN,2008,42156.5685838672,2.08498023715415,6.312,High Income,2000s
Bhutan,BTN,2008,1919.59774896395,8.32716049382712,3.848,Lower-Middle Income,2000s
Botswana,BWA,2008,5503.07395314313,12.7021883920075,16.293,Upper-Middle Income,2000s
Central African Republic,CAF,2008,437.24827472489,9.25895099417076,5.51,Low Income,2000s
Canada,CAN,2008,46710.2526864484,2.37027067444298,6.284,High Income,2000s
Switzerland,CHE,2008,74175.1927898555,2.42604117060157,3.35,High Income,2000s
Chile,CHL,2008,10683.2188772511,8.71626873039607,9.285,Upper-Middle Income,2000s
China,CHN,2008,3523.44302065213,5.92525137041091,4.59,Upper-Middle Income,2000s
Cote d'Ivoire,CIV,2008,1583.97066701372,6.30852769152578,6.382,Lower-Middle Income,2000s
Cameroon,CMR,2008,1492.14269801453,5.33780627627498,3.386,Lower-Middle Income,2000s
Democratic Republic of the Congo,COD,2008,352.900363371995,17.3013845700156,3.627,Low Income,2000s
"Congo, Rep.",COG,2008,2832.09177777643,4.95875092023151,19.962,Lower-Middle Income,2000s
Colombia,COL,2008,5541.83629665898,6.9968849555451,11.273,Upper-Middle Income,2000s
Comoros,COM,2008,1455.02768595586,1.7007817628453,4.416,Lower-Middle Income,2000s
Cabo Verde,CPV,2008,3908.64885822576,6.77443546371142,13.307,Upper-Middle Income,2000s
Costa Rica,CRI,2008,6937.24261596055,13.4244635507283,4.934,Upper-Middle Income,2000s
Cyprus,CYP,2008,35397.296875,4.66900841902485,3.756,High Income,2000s
Czechia,CZE,2008,22774.7045076205,6.3586638015237,4.392,High Income,2000s
Germany,DEU,2008,46379.1647953479,2.62837981637219,7.508,High Income,2000s
Djibouti,DJI,2008,1119.15233346969,11.9586206896551,26.183,Lower-Middle Income,2000s
Denmark,DNK,2008,64616.6657583663,3.41626794258374,3.683,High Income,2000s
Dominican Republic,DOM,2008,5023.58513403515,10.6446210953711,4.764,Upper-Middle Income,2000s
Algeria,DZA,2008,5180.91881514686,4.85859062814938,11.33,Upper-Middle Income,2000s
Ecuador,ECU,2008,4194.75750661981,8.40009593987462,3.917,Upper-Middle Income,2000s
Egypt,EGY,2008,1896.21594269779,18.3168316831684,8.517,Lower-Middle Income,2000s
Spain,ESP,2008,35603.248328071,4.07534335957339,11.254,High Income,2000s
Estonia,EST,2008,18205.9064113446,10.3623580313682,5.455,High Income,2000s
Ethiopia,ETH,2008,316.410475118075,44.3566858766951,2.326,Low Income,2000s
Finland,FIN,2008,53769.4726240385,4.06595355358379,6.369,High Income,2000s
Fiji,FJI,2008,3899.92231512129,7.73227857918421,4.187,Upper-Middle Income,2000s
France,FRA,2008,45464.8181385158,2.81286194914785,7.386,High Income,2000s
Gabon,GAB,2008,9688.64519690633,5.26430145575285,19.212,Upper-Middle Income,2000s
United Kingdom,GBR,2008,47652.4030691881,3.52140856342539,5.748,High Income,2000s
Georgia,GEO,2008,3324.7537205015,9.99948761552747,17.87,Lower-Middle Income,2000s
Ghana,GHA,2008,1182.65761256016,16.494639613412,5.144,Lower-Middle Income,2000s
Guinea,GIN,2008,703.532825784369,23.065612938798,4.803,Low Income,2000s
"Gambia, The",GMB,2008,859.127671411226,4.4436549094501,10.065,Low Income,2000s
Guinea-Bissau,GNB,2008,640.210331101753,10.4600731354706,3.157,Low Income,2000s
Equatorial Guinea,GNQ,2008,18210.5552970599,6.55176691184535,7.571,High Income,2000s
Greece,GRC,2008,31695.8331092209,4.1527970811029,7.664,High Income,2000s
Guatemala,GTM,2008,2763.05988172926,11.355761126315,2.898,Lower-Middle Income,2000s
Guyana,GUY,2008,4008.9628671603,8.10202206969276,11.018,Upper-Middle Income,2000s
"Hong Kong SAR, China",HKG,2008,31515.5292103443,4.30315484104921,3.56,High Income,2000s
Honduras,HND,2008,1732.49062702803,11.4034270813932,3.156,Lower-Middle Income,2000s
Croatia,HRV,2008,15888.0606949392,6.07696838798354,8.53,High Income,2000s
Haiti,HTI,2008,1094.66058421644,15.2817744823772,16.204,Lower-Middle Income,2000s
Hungary,HUN,2008,15762.6322515113,6.0425125388106,7.817,High Income,2000s
Indonesia,IDN,2008,2124.55483920618,10.2266663272483,7.208,Lower-Middle Income,2000s
India,IND,2008,992.519584923828,8.34926704907581,7.629,Lower-Middle Income,2000s
Ireland,IRL,2008,61353.1065629523,4.03568834941391,6.774,High Income,2000s
Iran,IRN,2008,5377.4115072957,25.4105090311987,10.63,Upper-Middle Income,2000s
Iraq,IRQ,2008,4542.96609046032,12.6628528269228,8.466,Upper-Middle Income,2000s
Iceland,ISL,2008,57489.3399795216,12.6943942775878,2.946,High Income,2000s
Israel,ISR,2008,30269.217773489,4.52744765138651,7.704,High Income,2000s
Italy,ITA,2008,40828.5795580937,3.34783258401022,6.723,High Income,2000s
Jamaica,JAM,2008,5029.80095281745,22.0228384991843,6.666,Upper-Middle Income,2000s
Jordan,JOR,2008,3241.6524135556,13.9712310012729,12.7,Lower-Middle Income,2000s
Japan,JPN,2008,39876.3039685725,1.3800788616492,4.002,High Income,2000s
Kazakhstan,KAZ,2008,8123.54705891736,17.139899777207,6.63,Upper-Middle Income,2000s
Kenya,KEN,2008,915.54435473604,26.2398166445063,2.751,Lower-Middle Income,2000s
Kyrgyzstan,KGZ,2008,966.388569370494,24.5201024234102,3.207,Lower-Middle Income,2000s
Cambodia,KHM,2008,866.283999789749,24.096851930605,0.825,Low Income,2000s
South Korea,KOR,2008,22252.3125108061,4.67389655533408,2.959,High Income,2000s
Kuwait,KWT,2008,55585.1889344442,10.5827097865144,1.75,High Income,2000s
Laos,LAO,2008,885.747376088762,7.62880887577516,0.944,Lower-Middle Income,2000s
Liberia,LBR,2008,451.713856283285,17.489448642993,2.221,Low Income,2000s
Libya,LBY,2008,13906.1407818125,10.3607288954998,19.041,High Income,2000s
St. Lucia,LCA,2008,8516.96075488787,5.54954769383937,12.72,Upper-Middle Income,2000s
Sri Lanka,LKA,2008,1973.58476901287,22.5644955300126,5.22,Lower-Middle Income,2000s
Lesotho,LSO,2008,898.482517882593,10.7156661309681,15.851,Lower-Middle Income,2000s
Lithuania,LTU,2008,14955.5345462921,10.9258856241655,5.826,High Income,2000s
Luxembourg,LUX,2008,120422.137934157,3.40187963025571,5.06,High Income,2000s
Latvia,LVA,2008,15677.6080864506,15.4023191064986,7.739,High Income,2000s
"Macao SAR, China",MAC,2008,38888.5118044503,8.61101858637,2.999,High Income,2000s
Morocco,MAR,2008,3183.20043945313,3.71484311494064,9.57,Lower-Middle Income,2000s
Moldova,MDA,2008,2110.55305353857,12.783047261882,2.097,Lower-Middle Income,2000s
Madagascar,MDG,2008,512.579800058444,9.29650839381057,3.431,Low Income,2000s
Maldives,MDV,2008,6757.43280929292,12.0414583505108,10.361,Upper-Middle Income,2000s
Mexico,MEX,2008,10523.7685403244,5.12498274575896,3.874,Upper-Middle Income,2000s
North Macedonia,MKD,2008,5026.4202989873,8.33189666968108,33.93,Upper-Middle Income,2000s
Mali,MLI,2008,767.19483895009,9.17098813667678,1.383,Low Income,2000s
Malta,MLT,2008,22315.3104212988,4.25862171897073,5.977,High Income,2000s
Myanmar,MMR,2008,658.442487229705,26.7995371934022,0.7,Low Income,2000s
Montenegro,MNE,2008,7359.95118960869,8.75872769588798,17.15,Upper-Middle Income,2000s
Mongolia,MNG,2008,2127.42678594737,27.9556650246306,5.565,Lower-Middle Income,2000s
Mozambique,MOZ,2008,592.159111184122,14.5028053002268,3.112,Low Income,2000s
Mauritania,MRT,2008,1635.5630623124,7.34663541249786,9.715,Lower-Middle Income,2000s
Mauritius,MUS,2008,8140.50808595895,9.73228317146887,7.17,Upper-Middle Income,2000s
Malawi,MWI,2008,554.048820396119,8.71260186609043,4.796,Low Income,2000s
Malaysia,MYS,2008,8371.82156086005,5.44078221100769,3.34,Upper-Middle Income,2000s
Namibia,NAM,2008,4204.78555422749,9.0946430719281,22.005,Upper-Middle Income,2000s
Niger,NER,2008,475.044955398162,11.3051098827019,1.584,Low Income,2000s
Nigeria,NGA,2008,2154.10543545364,11.5810751748252,3.792,Lower-Middle Income,2000s
Nicaragua,NIC,2008,1523.68437086409,19.8262031287429,6.2,Lower-Middle Income,2000s
Netherlands,NLD,2008,58246.7026905874,2.48650198289457,3.658,High Income,2000s
Norway,NOR,2008,97503.5407803783,3.75393081761005,2.521,High Income,2000s
Nepal,NPL,2008,464.817391891529,9.9078300530648,10.597,Low Income,2000s
New Zealand,NZL,2008,31324.7397977102,3.9589493731206,4.167,High Income,2000s
Oman,OMN,2008,26576.779241509,12.3754091529912,4.142,High Income,2000s
Pakistan,PAK,2008,1067.04324565284,20.2861210929554,0.423,Lower-Middle Income,2000s
Panama,PAN,2008,7347.59049046839,8.75868317728784,5.639,Upper-Middle Income,2000s
Peru,PER,2008,4197.58444634142,5.78587598206755,4.03,Upper-Middle Income,2000s
Philippines,PHL,2008,1959.29233534978,8.26044703595725,3.72,Lower-Middle Income,2000s
Papua New Guinea,PNG,2008,1624.79319935188,10.7614182326827,2.168,Lower-Middle Income,2000s
Poland,POL,2008,14048.5604672654,4.16497193524779,7.069,High Income,2000s
Portugal,PRT,2008,24949.0413566739,2.58850657657959,7.553,High Income,2000s
Paraguay,PRY,2008,4384.95469437803,10.1547846489023,4.415,Upper-Middle Income,2000s
West Bank and Gaza,PSE,2008,2035.20234121766,9.88999788691849,22.913,Lower-Middle Income,2000s
Qatar,QAT,2008,80781.4039187792,15.0501451570333,0.31,High Income,2000s
Romania,ROU,2008,10435.1561230787,7.85080255714482,5.787,Upper-Middle Income,2000s
Russia,RUS,2008,11635.2841796875,14.1107677840442,6.205,High Income,2000s
Rwanda,RWA,2008,528.326391755502,15.4382138709255,11.517,Low Income,2000s
Saudi Arabia,SAU,2008,22320.4888964331,9.87024816760266,5.085,High Income,2000s
Sudan,SDN,2008,1527.58239746094,14.2971224481434,15.566,Lower-Middle Income,2000s
Senegal,SEN,2008,1398.79218010021,7.34720236578406,2.816,Lower-Middle Income,2000s
Singapore,SGP,2008,40008.5720489092,6.63544058395309,3.96,High Income,2000s
Solomon Islands,SLB,2008,1525.84666261203,17.3200651968774,1.998,Lower-Middle Income,2000s
Sierra Leone,SLE,2008,705.359014080005,8.21112432289608,4.132,Low Income,2000s
El Salvador,SLV,2008,2983.24829577976,6.70792293515939,5.88,Lower-Middle Income,2000s
Serbia,SRB,2008,7376.73517910716,12.410986775178,13.67,Upper-Middle Income,2000s
Sao Tome and Principe,STP,2008,1081.8684584729,31.9901039492573,15.421,Lower-Middle Income,2000s
Suriname,SUR,2008,6576.08546307249,14.6671427437912,8.854,Upper-Middle Income,2000s
Slovak Republic,SVK,2008,18744.3192278346,4.59817976325028,9.514,High Income,2000s
Slovenia,SVN,2008,27461.9764165315,5.64742380573935,4.371,High Income,2000s
Sweden,SWE,2008,55817.1759726485,3.43704910602875,6.235,High Income,2000s
Eswatini,SWZ,2008,2946.8606613746,12.6574601863915,27.891,Lower-Middle Income,2000s
Syria,SYR,2008,2429.12477087189,15.7453252219709,10.94,Lower-Middle Income,2000s
Chad,TCD,2008,1166.36883453841,10.2969758221254,0.922,Lower-Middle Income,2000s
Togo,TGO,2008,718.948386717473,8.69482814363902,3.279,Low Income,2000s
Thailand,THA,2008,4309.13509292986,5.46848949649845,1.18,Upper-Middle Income,2000s
Tajikistan,TJK,2008,703.327375898643,20.4705219109964,4.942,Low Income,2000s
Timor-Leste,TLS,2008,628.153191495026,9.06423621948942,3.434,Low Income,2000s
Tonga,TON,2008,3218.45303993196,10.4469875128222,1.279,Lower-Middle Income,2000s
Trinidad and Tobago,TTO,2008,21298.9945258063,12.0303445477177,4.63,High Income,2000s
Tunisia,TUN,2008,4255.05008019523,4.34502807623045,12.444,Upper-Middle Income,2000s
Turkiye,TUR,2008,10913.4079047769,10.4441283764885,10.965,High Income,2000s
Tanzania,TZA,2008,675.977233886719,10.2783937621135,2.775,Low Income,2000s
Uganda,UGA,2008,472.842681495852,12.0508555482886,3.035,Low Income,2000s
Ukraine,UKR,2008,4017.806640625,25.226461707384,6.363,Upper-Middle Income,2000s
Uruguay,URY,2008,9423.96562595893,7.87707374730888,8.025,Upper-Middle Income,2000s
United States,USA,2008,48570.0459804586,3.839100296651,5.784,High Income,2000s
St. Vincent and the Grenadines,VCT,2008,6598.90531450859,10.0662418245849,18.79,Upper-Middle Income,2000s
Viet Nam,VNM,2008,1163.83195772873,23.1154483474477,1.889,Lower-Middle Income,2000s
Vanuatu,VUT,2008,2603.60883136724,4.84171322160149,5.663,Lower-Middle Income,2000s
Samoa,WSM,2008,3373.60639884263,11.565906838454,5.538,Lower-Middle Income,2000s
Yemen,YEM,2008,1071.63583282105,18.9762574318076,12.656,Lower-Middle Income,2000s
South Africa,ZAF,2008,6184.75474328399,9.90998456005467,22.407,Upper-Middle Income,2000s
Zambia,ZMB,2008,1375.50211006997,12.4455793463192,7.93,Lower-Middle Income,2000s
Afghanistan,AFG,2009,452.053705477043,-6.81116108898995,7.808,Low Income,2000s
Angola,AGO,2009,3645.14846562976,13.7302839288408,16.383,Upper-Middle Income,2000s
Albania,ALB,2009,4213.65007574693,2.26692209450826,13.674,Upper-Middle Income,2000s
United Arab Emirates,ARE,2009,37803.0663738777,1.5618131744907,2.932,High Income,2000s
Armenia,ARM,2009,2820.5926553347,3.40676682683801,19.295,Lower-Middle Income,2000s
Australia,AUS,2009,42954.8494884573,1.77112025681656,5.565,High Income,2000s
Austria,AUT,2009,47857.4446635266,0.506308827696504,5.371,High Income,2000s
Azerbaijan,AZE,2009,4950.39949009423,1.45704835970321,5.74,Upper-Middle Income,2000s
Burundi,BDI,2009,198.431524048225,10.5554355299529,1.622,Low Income,2000s
Belgium,BEL,2009,44923.3400135081,-0.0531456741254176,7.908,High Income,2000s
Benin,BEN,2009,1024.10277858112,0.896072355749069,0.95,Lower-Middle Income,2000s
Burkina Faso,BFA,2009,601.569520671859,2.60817666368314,3.723,Low Income,2000s
Bangladesh,BGD,2009,679.211477428056,5.42347236174679,5.0,Low Income,2000s
Bulgaria,BGR,2009,6988.27316296465,2.75320223914819,6.817,Upper-Middle Income,2000s
Bahrain,BHR,2009,19465.3140745038,2.79551283550411,1.07,High Income,2000s
The Bahamas,BHS,2009,27512.9130950084,2.06273473452681,14.25,High Income,2000s
Bosnia and Herzegovina,BIH,2009,4539.91863774968,-0.381464282453056,24.068,Upper-Middle Income,2000s
Belarus,BLR,2009,5352.48809190697,12.9456563410401,6.1,Upper-Middle Income,2000s
Belize,BLZ,2009,5399.67100001919,-1.10431044864355,8.323,Upper-Middle Income,2000s
Bolivia,BOL,2009,1731.18172112209,3.34645420142013,2.973,Lower-Middle Income,2000s
Brazil,BRA,2009,8678.6584730653,4.88803479876798,9.419,Upper-Middle Income,2000s
Barbados,BRB,2009,16294.9099491834,3.64386189258337,10.02,High Income,2000s
Brunei Darussalam,BRN,2009,30946.4673773828,1.03571774271613,6.457,High Income,2000s
Bhutan,BTN,2009,1918.39599211093,4.36112219119804,3.96,Lower-Middle Income,2000s
Botswana,BWA,2009,5082.93388332404,8.02729703109581,16.169,Upper-Middle Income,2000s
Central African Republic,CAF,2009,456.471673898404,3.52126227238642,5.575,Low Income,2000s
Canada,CAN,2009,40874.8831932903,0.299466803009299,8.46,High Income,2000s
Switzerland,CHE,2009,71568.3123885672,-0.480481936423304,4.109,High Income,2000s
Chile,CHL,2009,10098.8017167286,0.353045178360936,11.313,Upper-Middle Income,2000s
China,CHN,2009,3898.24459158811,-0.728165250932898,4.72,Upper-Middle Income,2000s
Cote d'Ivoire,CIV,2009,1540.45393569596,1.01950457731137,6.573,Lower-Middle Income,2000s
Cameroon,CMR,2009,1461.38999232337,3.04361847939999,3.743,Lower-Middle Income,2000s
Democratic Republic of the Congo,COD,2009,280.178991035792,2.79999999999981,3.882,Low Income,2000s
"Congo, Rep.",COG,2009,2271.15219175966,4.41500374795223,19.844,Lower-Middle Income,2000s
Colombia,COL,2009,5250.97292433518,4.20251661216481,12.066,Upper-Middle Income,2000s
Comoros,COM,2009,1410.30516959473,4.36234829325719,4.303,Lower-Middle Income,2000s
Cabo Verde,CPV,2009,3659.72046361628,0.991103480568084,13.517,Upper-Middle Income,2000s
Costa Rica,CRI,2009,6832.69829924138,7.84270167700653,7.824,Upper-Middle Income,2000s
Cyprus,CYP,2009,32236.44921875,0.326276652249793,5.594,High Income,2000s
Czechia,CZE,2009,19817.4215836554,1.01937735329229,6.662,High Income,2000s
Germany,DEU,2009,42471.8868625226,0.312739007368446,7.88,High Income,2000s
Djibouti,DJI,2009,1150.9375857489,1.67549587285962,26.325,Lower-Middle Income,2000s
Denmark,DNK,2009,58412.7472358513,1.30470991024335,6.409,High Income,2000s
Dominican Republic,DOM,2009,4973.95186999952,1.44215131834353,5.467,Upper-Middle Income,2000s
Algeria,DZA,2009,4235.42990456612,5.73706036145627,10.16,Upper-Middle Income,2000s
Ecuador,ECU,2009,4053.36331139298,5.15996829181047,4.608,Upper-Middle Income,2000s
Egypt,EGY,2009,2161.63964573927,11.7634954386443,9.087,Lower-Middle Income,2000s
Spain,ESP,2009,32279.8208476151,-0.28781308353524,17.857,High Income,2000s
Estonia,EST,2009,14712.4494217916,-0.0784083112809768,13.548,High Income,2000s
Ethiopia,ETH,2009,368.574712267445,8.48364404530282,2.326,Low Income,2000s
Finland,FIN,2009,47478.3495310999,-9.17360384430342e-07,8.249,High Income,2000s
Fiji,FJI,2009,3164.13275408169,3.13103559015967,4.309,Lower-Middle Income,2000s
France,FRA,2009,41728.0884164132,0.0876204781574653,9.122,High Income,2000s
Gabon,GAB,2009,7290.57526093114,1.88570754577918,19.76,Upper-Middle Income,2000s
United Kingdom,GBR,2009,39009.3715547821,1.96173173560109,7.683,High Income,2000s
Georgia,GEO,2009,2822.68939668797,1.7275146113791,20.71,Lower-Middle Income,2000s
Ghana,GHA,2009,1047.70430093586,19.2469482220857,5.362,Lower-Middle Income,2000s
Guinea,GIN,2009,662.185914665575,4.68438868976504,4.914,Low Income,2000s
"Gambia, The",GMB,2009,774.888030908091,4.56150687670983,9.778,Low Income,2000s
Guinea-Bissau,GNB,2009,583.190020139094,-1.65139733620775,3.163,Low Income,2000s
Equatorial Guinea,GNQ,2009,13232.5019378102,4.69106567747375,7.702,High Income,2000s
Greece,GRC,2009,29425.4573200263,1.21007269197809,9.546,High Income,2000s
Guatemala,GTM,2009,2611.64632773352,1.85910254733028,3.22,Lower-Middle Income,2000s
Guyana,GUY,2009,4209.13230624565,2.95230096381001,11.307,Upper-Middle Income,2000s
"Hong Kong SAR, China",HKG,2009,30697.5383861641,0.579441418472608,5.26,High Income,2000s
Honduras,HND,2009,1781.15703614674,5.49634273772208,3.292,Lower-Middle Income,2000s
Croatia,HRV,2009,14474.6519774194,2.37852845904674,9.202,High Income,2000s
Haiti,HTI,2009,1196.8528706018,0.393886040173341,15.398,Lower-Middle Income,2000s
Hungary,HUN,2009,13051.1831777184,4.21171171171171,10.03,High Income,2000s
Indonesia,IDN,2009,2218.48541852977,4.38641311792074,6.106,Lower-Middle Income,2000s
India,IND,2009,1094.94974598436,10.8823529411764,7.636,Lower-Middle Income,2000s
Ireland,IRL,2009,52133.0906162544,-4.44754686876746,12.609,High Income,2000s
Iran,IRN,2009,5415.52280553446,13.5515548281506,12.113,Upper-Middle Income,2000s
Iraq,IRQ,2009,3714.71205987194,6.8736154721255,8.415,Upper-Middle Income,2000s
Iceland,ISL,2009,41483.7843682814,12.0031298461743,7.22,High Income,2000s
Israel,ISR,2009,28508.4938886475,3.3676231727125,9.534,High Income,2000s
Italy,ITA,2009,37099.6133958219,0.774768131387381,7.749,High Income,2000s
Jamaica,JAM,2009,4428.38153333557,9.59224598930482,7.314,Upper-Middle Income,2000s
Jordan,JOR,2009,3435.8337590698,-0.739069743144777,12.9,Lower-Middle Income,2000s
Japan,JPN,2009,41308.9968370512,-1.35283672951719,5.068,High Income,2000s
Kazakhstan,KAZ,2009,6938.01175663001,7.31607858288578,6.55,Upper-Middle Income,2000s
Kenya,KEN,2009,1047.9678324485,9.23412592394652,2.816,Lower-Middle Income,2000s
Kyrgyzstan,KGZ,2009,870.198894546917,6.83656248105368,3.343,Low Income,2000s
Cambodia,KHM,2009,875.748936193569,-1.24171754189637,0.579,Lower-Middle Income,2000s
South Korea,KOR,2009,19937.3029137734,2.7564965449393,3.363,High Income,2000s
Kuwait,KWT,2009,37907.1001320042,4.60959548447787,1.64,High Income,2000s
Laos,LAO,2009,935.03237283283,0.141187674980385,0.835,Lower-Middle Income,2000s
Lebanon,LBN,2009,7090.85493856621,1.19509671165543,6.355,Upper-Middle Income,2000s
Liberia,LBR,2009,448.386367025545,7.42764305914919,2.241,Low Income,2000s
Libya,LBY,2009,9551.05403869755,2.45990025609948,19.29,Upper-Middle Income,2000s
St. Lucia,LCA,2009,8250.52180732734,-0.156936087168669,15.37,Upper-Middle Income,2000s
Sri Lanka,LKA,2009,2026.65939950702,3.46496322106074,5.85,Lower-Middle Income,2000s
Lesotho,LSO,2009,878.847950537772,-16.8596910540644,16.115,Lower-Middle Income,2000s
Lithuania,LTU,2009,11854.3711053096,4.45304456518535,13.785,High Income,2000s
Luxembourg,LUX,2009,109419.746953106,0.368041997888887,5.194,High Income,2000s
Latvia,LVA,2009,11996.0322729773,3.53410672858934,17.515,High Income,2000s
"Macao SAR, China",MAC,2009,40354.2810293673,1.16906695453767,3.58,High Income,2000s
Morocco,MAR,2009,3119.58862304688,0.971862998667636,8.96,Lower-Middle Income,2000s
Moldova,MDA,2009,1898.43975710988,-0.0627185967108899,3.024,Lower-Middle Income,2000s
Madagascar,MDG,2009,446.315238370592,8.95421802392949,3.885,Low Income,2000s
Maldives,MDV,2009,6734.03165601895,4.53017659132801,11.697,Upper-Middle Income,2000s
Mexico,MEX,2009,8423.56933214711,5.29735584228856,5.356,Upper-Middle Income,2000s
North Macedonia,MKD,2009,4799.78722768888,-0.739633963061192,32.351,Upper-Middle Income,2000s
Mali,MLI,2009,787.482564287398,2.46375188572299,1.406,Low Income,2000s
Malta,MLT,2009,21176.3218262672,2.08432746082343,6.896,High Income,2000s
Myanmar,MMR,2009,758.442935789255,1.47234311385647,0.712,Low Income,2000s
Montenegro,MNE,2009,6700.11405052395,3.46672373207793,19.09,Upper-Middle Income,2000s
Mongolia,MNG,2009,1703.32756790019,7.6195059351941,5.86,Lower-Middle Income,2000s
Mozambique,MOZ,2009,547.697144193651,3.78861330914625,3.207,Low Income,2000s
Mauritania,MRT,2009,1435.43010811893,2.22092032381779,10.214,Lower-Middle Income,2000s
Mauritius,MUS,2009,7426.88645617593,2.51609128145113,7.257,Upper-Middle Income,2000s
Malawi,MWI,2009,625.869729869625,8.42204427696655,4.732,Low Income,2000s
Malaysia,MYS,2009,7191.43287234626,0.583308405623702,3.62,Upper-Middle Income,2000s
Namibia,NAM,2009,4302.91374148376,9.45172651521705,22.271,Upper-Middle Income,2000s
Niger,NER,2009,461.131533961487,0.582906590801122,1.208,Low Income,2000s
Nigeria,NGA,2009,1820.48633854782,12.5378277304689,3.763,Lower-Middle Income,2000s
Nicaragua,NIC,2009,1467.08288052845,3.68700160498797,8.16,Lower-Middle Income,2000s
Netherlands,NLD,2009,53172.0261581418,1.18977687021548,4.352,High Income,2000s
Norway,NOR,2009,80347.5700665184,2.19738586853568,3.1,High Income,2000s
Nepal,NPL,2009,473.078751198621,11.0948237386987,10.582,Low Income,2000s
New Zealand,NZL,2009,28276.7255416225,2.1156511055456,6.121,High Income,2000s
Oman,OMN,2009,20655.9180249218,3.46881023754893,3.977,High Income,2000s
Pakistan,PAK,2009,963.788066395225,13.6477650639761,0.535,Lower-Middle Income,2000s
Panama,PAN,2009,7796.92618363433,2.409053040822,5.857,Upper-Middle Income,2000s
Peru,PER,2009,4181.18755462253,2.936231535967,3.96,Upper-Middle Income,2000s
Philippines,PHL,2009,1864.45043406471,4.21903052064628,3.858,Lower-Middle Income,2000s
Papua New Guinea,PNG,2009,1568.83193368607,6.91832532601224,2.089,Lower-Middle Income,2000s
Poland,POL,2009,11556.3026866026,3.79539242483399,8.131,High Income,2000s
Portugal,PRT,2009,23151.2154130712,-0.835530021504157,9.432,High Income,2000s
Paraguay,PRY,2009,3941.84815479431,2.59194673430567,5.46,Upper-Middle Income,2000s
West Bank and Gaza,PSE,2009,2191.78178736868,2.75393485083151,20.452,Lower-Middle Income,2000s
Qatar,QAT,2009,60785.7351551657,-4.86327801622565,0.31,High Income,2000s
Romania,ROU,2009,8548.4543409242,5.58742004264393,6.859,Upper-Middle Income,2000s
Russia,RUS,2009,8562.82421875,11.6473295764118,8.301,Upper-Middle Income,2000s
Rwanda,RWA,2009,564.039095842449,12.9443978401712,11.625,Low Income,2000s
Saudi Arabia,SAU,2009,17718.3911648365,5.0572227614833,5.377,High Income,2000s
Sudan,SDN,2009,1178.22180175781,11.256758706301,13.0,Lower-Middle Income,2000s
Senegal,SEN,2009,1308.69404336205,-2.2480214785534,2.807,Lower-Middle Income,2000s
Singapore,SGP,2009,38926.8054365453,0.589142019610516,5.86,High Income,2000s
Solomon Islands,SLB,2009,1554.70671006386,7.09271716876286,2.02,Lower-Middle Income,2000s
Sierra Leone,SLE,2009,652.845806767943,7.46901898540982,4.268,Low Income,2000s
El Salvador,SLV,2009,2910.18651752011,1.05595029731201,7.33,Lower-Middle Income,2000s
Serbia,SRB,2009,6414.0448463847,8.11695092238082,16.116,Upper-Middle Income,2000s
South Sudan,SSD,2009,1323.22068747862,5.00627361534047,12.438,Lower-Middle Income,2000s
Sao Tome and Principe,STP,2009,1128.28046213305,16.9574758025945,15.136,Lower-Middle Income,2000s
Suriname,SUR,2009,7129.5768626291,-0.133636646714877,8.72,Upper-Middle Income,2000s
Slovak Republic,SVK,2009,16586.7527805228,1.61510464058238,12.023,High Income,2000s
Slovenia,SVN,2009,24501.7897290425,0.839262246793887,5.858,High Income,2000s
Sweden,SWE,2009,46707.6425044751,-0.494460544378051,8.351,High Income,2000s
Eswatini,SWZ,2009,3189.79679956637,7.44823423445754,27.488,Lower-Middle Income,2000s
Syria,SYR,2009,2462.20193643202,2.92089711805367,8.14,Lower-Middle Income,2000s
Chad,TCD,2009,1035.63719694254,9.95242290748864,0.943,Lower-Middle Income,2000s
Togo,TGO,2009,720.693768151415,3.71360592035809,2.847,Low Income,2000s
Thailand,THA,2009,4135.43986952819,-0.845716092316721,1.49,Upper-Middle Income,2000s
Tajikistan,TJK,2009,664.795655734657,6.44823481066697,7.028,Low Income,2000s
Timor-Leste,TLS,2009,686.579329690731,0.669681185965433,3.289,Low Income,2000s
Tonga,TON,2009,2914.23774004564,1.42685972070534,1.419,Lower-Middle Income,2000s
Trinidad and Tobago,TTO,2009,14634.0565003912,6.97808725251547,5.28,High Income,2000s
Tunisia,TUN,2009,4080.09032448781,3.66490330642919,13.29,Upper-Middle Income,2000s
Turkiye,TUR,2009,9076.92472236977,6.25097663090626,14.026,Upper-Middle Income,2000s
Tanzania,TZA,2009,693.823547363281,12.1422278742988,2.5,Low Income,2000s
Uganda,UGA,2009,798.947089938247,13.0172561889185,3.6,Low Income,2000s
Ukraine,UKR,2009,2607.08764648438,15.8811924594476,8.84,Lower-Middle Income,2000s
Uruguay,URY,2009,9881.39573127081,7.06221874388574,7.74,Upper-Middle Income,2000s
United States,USA,2009,47194.9433547336,-0.355546266299747,9.254,High Income,2000s
St. Vincent and the Grenadines,VCT,2009,6463.78777336717,0.421539125687215,19.365,Upper-Middle Income,2000s
Venezuela,VEN,2009,11596.6021921731,27.080941446613,6.097,High Income,2000s
Viet Nam,VNM,2009,1226.16976051536,6.71698269988629,1.737,Lower-Middle Income,2000s
Vanuatu,VUT,2009,2546.38324565986,4.29706572955357,4.565,Lower-Middle Income,2000s
Samoa,WSM,2009,3279.18269477295,6.32495336235228,5.646,Lower-Middle Income,2000s
Yemen,YEM,2009,969.243509864478,5.40776098077522,12.762,Lower-Middle Income,2000s
South Africa,ZAF,2009,6374.70560042992,7.23809523809527,23.523,Upper-Middle Income,2000s
Zambia,ZMB,2009,1136.24168316848,13.3952546325895,10.583,Lower-Middle Income,2000s
Afghanistan,AFG,2010,560.621505463146,2.17853752389418,7.809,Low Income,2010s
Angola,AGO,2010,4101.63715566712,14.4696564932576,16.595,Upper-Middle Income,2010s
Albania,ALB,2010,4149.14469936847,3.62710091517479,14.086,Upper-Middle Income,2010s
United Arab Emirates,ARE,2010,44795.2949302268,0.877983288285867,2.798,High Income,2010s
Armenia,ARM,2010,3041.34450723339,8.17636138473951,19.523,Lower-Middle Income,2010s
Australia,AUS,2010,52313.8939041213,2.9183370211222,5.214,High Income,2010s
Austria,AUT,2010,46611.1393420232,1.81353438995061,4.883,High Income,2010s
Azerbaijan,AZE,2010,5843.5337683582,5.72687224669605,5.63,Upper-Middle Income,2010s
Burundi,BDI,2010,216.727705301976,6.49326591473993,1.615,Low Income,2010s
Belgium,BEL,2010,44197.393671162,2.18929920422458,8.293,High Income,2010s
Benin,BEN,2010,973.244254931526,2.20783532536523,1.04,Low Income,2010s
Burkina Faso,BFA,2010,624.957252224766,-0.764230734676768,3.725,Low Income,2010s
Bangladesh,BGD,2010,757.385280361508,8.12667639169917,3.379,Low Income,2010s
Bulgaria,BGR,2010,6853.94805511171,2.43899060504117,10.279,Upper-Middle Income,2010s
Bahrain,BHR,2010,21819.3291098099,1.96188468334623,1.13,High Income,2010s
The Bahamas,BHS,2010,27473.100430502,1.34402738392835,14.435,High Income,2010s
Bosnia and Herzegovina,BIH,2010,4506.47828548389,1.99621236745886,27.312,Upper-Middle Income,2010s
Belarus,BLR,2010,6034.67885177216,7.735748043125,6.052,Upper-Middle Income,2010s
Belize,BLZ,2010,5461.40735999001,0.917977378808887,8.412,Upper-Middle Income,2010s
Bolivia,BOL,2010,1929.78373077158,2.5032760584424,2.609,Lower-Middle Income,2010s
Brazil,BRA,2010,11403.2840038694,5.03872690108074,8.42,Upper-Middle Income,2010s
Barbados,BRB,2010,20610.5150721363,5.82421853311866,10.69,High Income,2010s
Brunei Darussalam,BRN,2010,34937.5555357155,0.35686913201756,6.487,High Income,2010s
Bhutan,BTN,2010,2435.5798056672,7.03638316073018,3.32,Lower-Middle Income,2010s
Botswana,BWA,2010,6215.73216077919,6.94887658743103,17.86,Upper-Middle Income,2010s
Central African Republic,CAF,2010,476.873786950728,1.49102370047802,5.658,Low Income,2010s
Canada,CAN,2010,47560.6666009406,1.77687154092627,8.178,High Income,2010s
Switzerland,CHE,2010,76531.3729407691,0.688238707219974,4.808,High Income,2010s
Chile,CHL,2010,12632.8704724192,1.4107110795432,8.547,High Income,2010s
China,CHN,2010,4629.24551710077,3.17532475269199,4.53,Upper-Middle Income,2010s
Cote d'Ivoire,CIV,2010,1553.54887048143,1.22645612135479,6.607,Lower-Middle Income,2010s
Cameroon,CMR,2010,1398.58702025047,1.27538046242338,4.11,Lower-Middle Income,2010s
Democratic Republic of the Congo,COD,2010,352.400398754692,7.10000000000037,4.098,Low Income,2010s
"Congo, Rep.",COG,2010,2946.55798067708,0.391525011227612,19.3,Lower-Middle Income,2010s
Colombia,COL,2010,6398.2958447102,2.27200227892008,11.153,Upper-Middle Income,2010s
Comoros,COM,2010,1386.5742428453,3.35475770328919,4.19,Lower-Middle Income,2010s
Cabo Verde,CPV,2010,3579.46006137809,2.07866470906423,10.67,Lower-Middle Income,2010s
Costa Rica,CRI,2010,8265.78820275582,5.66275708420021,7.171,Upper-Middle Income,2010s
Cyprus,CYP,2010,31105.02734375,2.43004084102254,6.359,High Income,2010s
Czechia,CZE,2010,20160.4355077059,1.47272727272728,7.281,High Income,2010s
Germany,DEU,2010,42396.9665976293,1.1038103778926,7.043,High Income,2010s
Djibouti,DJI,2010,1213.23352553429,3.95007875923886,26.368,Lower-Middle Income,2010s
Denmark,DNK,2010,58104.5445594981,2.31092436974786,7.746,High Income,2010s
Dominican Republic,DOM,2010,5478.62470398954,6.32993220146146,5.212,Upper-Middle Income,2010s
Algeria,DZA,2010,4912.78585503672,3.91106195534028,9.96,Upper-Middle Income,2010s
Ecuador,ECU,2010,4520.30959039763,3.55437734567842,4.088,Upper-Middle Income,2010s
Egypt,EGY,2010,2455.08194645282,11.2651882653185,8.757,Lower-Middle Income,2010s
Spain,ESP,2010,30658.7422282912,1.79986457728768,19.86,High Income,2010s
Estonia,EST,2010,14663.7041018705,2.97204512015693,16.707,High Income,2010s
Ethiopia,ETH,2010,330.619412798644,8.14926402965082,2.295,Low Income,2010s
Finland,FIN,2010,46506.2919016566,1.18413523154646,8.394,High Income,2010s
Fiji,FJI,2010,3449.14452883369,3.6890122967076,4.345,Lower-Middle Income,2010s
France,FRA,2010,40694.8211697025,1.53112270420918,9.279,High Income,2010s
Gabon,GAB,2010,8356.74662013345,1.46154402720469,20.39,Upper-Middle Income,2010s
United Kingdom,GBR,2010,39778.3220528565,2.49265472467065,7.973,High Income,2010s
Georgia,GEO,2010,3281.72930937343,7.11017897486099,20.203,Lower-Middle Income,2010s
Ghana,GHA,2010,1263.89251760539,10.7333898354915,5.384,Lower-Middle Income,2010s
Guinea,GIN,2010,659.235326211315,15.0502688559001,5.018,Low Income,2010s
"Gambia, The",GMB,2010,801.033372714536,5.04968075857402,9.673,Low Income,2010s
Guinea-Bissau,GNB,2010,600.194298540768,2.51785140171701,3.121,Low Income,2010s
Equatorial Guinea,GNQ,2010,13720.1658723222,7.78916547991184,7.847,High Income,2010s
Greece,GRC,2010,26653.0488008626,4.71298907760395,12.719,High Income,2010s
Guatemala,GTM,2010,2805.25960237322,3.8595090983316,3.497,Lower-Middle Income,2010s
Guyana,GUY,2010,4581.76179693492,3.73337757704246,11.632,Upper-Middle Income,2010s
"Hong Kong SAR, China",HKG,2010,32550.136489179,2.29289088604673,4.329,High Income,2010s
Honduras,HND,2010,1893.32722662035,4.69889064976226,4.119,Lower-Middle Income,2010s
Croatia,HRV,2010,13729.7654965022,1.03055505333574,11.62,High Income,2010s
Haiti,HTI,2010,1209.72733503094,4.82734190074673,15.244,Lower-Middle Income,2010s
Hungary,HUN,2010,13189.8433874768,4.85555795691956,11.172,High Income,2010s
Indonesia,IDN,2010,3065.68348377765,5.13420639015885,5.614,Lower-Middle Income,2010s
India,IND,2010,1347.51939071367,11.9893899204244,7.631,Lower-Middle Income,2010s
Ireland,IRL,2010,48623.9666422487,-0.918388645376774,14.534,High Income,2010s
Iran,IRN,2010,6291.19443655454,10.0893629287979,13.679,Upper-Middle Income,2010s
Iraq,IRQ,2010,4461.75196161555,2.8777472527476,8.267,Upper-Middle Income,2010s
Iceland,ISL,2010,43776.4677400475,5.39673113167477,7.564,High Income,2010s
Israel,ISR,2010,31439.0887027614,2.70270270270273,8.48,High Income,2010s
Italy,ITA,2010,35856.8625485539,1.52551602118248,8.363,High Income,2010s
Jamaica,JAM,2010,4809.977380312,12.6105519975603,7.63,Upper-Middle Income,2010s
Jordan,JOR,2010,3718.46571622945,4.84551875852116,12.5,Lower-Middle Income,2010s
Japan,JPN,2010,44968.1562349739,-0.728243207517779,5.102,High Income,2010s
Kazakhstan,KAZ,2010,8793.07589980782,7.40046356341396,5.77,Upper-Middle Income,2010s
Kenya,KEN,2010,1091.51873101194,3.96138889115385,2.793,Lower-Middle Income,2010s
Kyrgyzstan,KGZ,2010,876.954476440354,7.96772225579684,3.503,Low Income,2010s
Cambodia,KHM,2010,952.274616324008,3.99639528107218,0.771,Low Income,2010s
South Korea,KOR,2010,24071.2620526362,2.93928652655686,3.324,High Income,2010s
Kuwait,KWT,2010,39212.252220155,4.49640287769787,1.82,High Income,2010s
Laos,LAO,2010,1125.91610151261,5.98254521550082,0.708,Lower-Middle Income,2010s
Lebanon,LBN,2010,7625.81051551165,3.98347941855833,6.768,Upper-Middle Income,2010s
Liberia,LBR,2010,492.252808033724,7.28992796890218,2.266,Low Income,2010s
Libya,LBY,2010,11600.9068649472,2.79989500109268,19.321,Upper-Middle Income,2010s
St. Lucia,LCA,2010,8673.68720340529,3.25034409180129,17.118,Upper-Middle Income,2010s
Sri Lanka,LKA,2010,2808.36244503709,6.2176488930462,4.784,Lower-Middle Income,2010s
Lesotho,LSO,2010,1119.47557793042,-2.40524254598706,16.068,Lower-Middle Income,2010s
Lithuania,LTU,2010,11829.122609457,1.31921362055463,17.814,Upper-Middle Income,2010s
Luxembourg,LUX,2010,110885.991378721,2.2736791162154,4.423,High Income,2010s
Latvia,LVA,2010,11188.4191700977,-1.08463595015155,19.482,Upper-Middle Income,2010s
"Macao SAR, China",MAC,2010,52596.2250160214,2.80947242060843,2.84,High Income,2010s
Morocco,MAR,2010,3067.9853515625,0.993557401226392,9.09,Lower-Middle Income,2010s
Moldova,MDA,2010,2436.79935102421,7.48385086350851,2.972,Lower-Middle Income,2010s
Madagascar,MDG,2010,450.009391645726,9.24732173644116,4.28,Low Income,2010s
Maldives,MDV,2010,7173.59601844692,6.14988536750173,10.875,Upper-Middle Income,2010s
Mexico,MEX,2010,9728.80078377082,4.15672722680174,5.303,Upper-Middle Income,2010s
North Macedonia,MKD,2010,4833.36586759968,1.50997522027613,33.135,Upper-Middle Income,2010s
Mali,MLI,2010,797.151541135109,1.10892690670186,1.375,Low Income,2010s
Malta,MLT,2010,21946.6069636029,1.51563513618532,6.861,High Income,2010s
Myanmar,MMR,2010,1010.53417343401,7.71838195873614,0.725,Lower-Middle Income,2010s
Montenegro,MNE,2010,6678.63930800758,0.654946570148479,19.649,Upper-Middle Income,2010s
Mongolia,MNG,2010,2625.21881402433,10.0462065881651,6.549,Lower-Middle Income,2010s
Mozambique,MOZ,2010,496.185839392659,12.4255421735156,3.259,Low Income,2010s
Mauritania,MRT,2010,1659.96369705455,6.28354087427704,10.093,Lower-Middle Income,2010s
Mauritius,MUS,2010,8113.17670740212,2.93236301369857,7.654,Upper-Middle Income,2010s
Malawi,MWI,2010,683.124694716799,7.41159092883827,4.78,Low Income,2010s
Malaysia,MYS,2010,8899.34505544675,1.62285235577035,3.32,Upper-Middle Income,2010s
Namibia,NAM,2010,5418.21633365814,4.8749198764395,22.12,Upper-Middle Income,2010s
Niger,NER,2010,474.425692340831,0.804073080882659,0.718,Low Income,2010s
Nigeria,NGA,2010,2202.25672957344,13.7400521363694,3.744,Lower-Middle Income,2010s
Nicaragua,NIC,2010,1526.56706951408,5.45513425887423,7.83,Lower-Middle Income,2010s
Netherlands,NLD,2010,51305.7338533973,1.27530569556679,4.991,High Income,2010s
Norway,NOR,2010,88163.2085931423,2.41890639481003,3.527,High Income,2010s
Nepal,NPL,2010,585.278491984574,9.32650410745395,10.563,Low Income,2010s
New Zealand,NZL,2010,33761.9009639947,2.30202385958572,6.557,High Income,2010s
Oman,OMN,2010,23570.1798147325,3.25657959078624,3.911,High Income,2010s
Pakistan,PAK,2010,987.304571124485,12.9388705634889,0.653,Low Income,2010s
Panama,PAN,2010,8331.46422259967,3.491288726188,5.845,Upper-Middle Income,2010s
Peru,PER,2010,5072.11494019615,1.52832059732901,3.6,Upper-Middle Income,2010s
Philippines,PHL,2010,2162.91375885614,3.78983634797591,3.605,Lower-Middle Income,2010s
Papua New Guinea,PNG,2010,1866.86889851208,6.01360893567856,2.002,Lower-Middle Income,2010s
Poland,POL,2010,12567.7317676382,2.58069370250548,9.578,High Income,2010s
Portugal,PRT,2010,22551.935098809,1.40257289895369,10.771,High Income,2010s
Paraguay,PRY,2010,4750.96273669458,4.65116279069765,4.569,Upper-Middle Income,2010s
West Bank and Gaza,PSE,2010,2557.07562356699,3.74915727597096,21.416,Lower-Middle Income,2010s
Qatar,QAT,2010,76462.6119486736,-2.42525675161714,0.45,High Income,2010s
Romania,ROU,2010,8399.5374234284,6.09141668601891,6.959,Upper-Middle Income,2010s
Russia,RUS,2010,10674.990234375,6.84939230255025,7.407,Upper-Middle Income,2010s
Rwanda,RWA,2010,593.624927744346,-0.246128693436934,11.637,Low Income,2010s
Saudi Arabia,SAU,2010,22028.3901426586,5.33941733020905,5.55,High Income,2010s
Sudan,SDN,2010,1305.63598632813,12.9776663898014,15.168,Lower-Middle Income,2010s
Senegal,SEN,2010,1275.88357492357,1.22868119673344,2.795,Lower-Middle Income,2010s
Singapore,SGP,2010,47236.683084953,2.82884527612958,4.12,High Income,2010s
Solomon Islands,SLB,2010,1685.14535823757,1.05148163321038,1.617,Lower-Middle Income,2010s
Sierra Leone,SLE,2010,685.039673490948,7.18566275668163,4.34,Low Income,2010s
El Salvador,SLV,2010,3040.07300952878,1.17933576873673,4.893,Lower-Middle Income,2010s
Serbia,SRB,2010,5970.92660940072,6.14255360247248,19.204,Upper-Middle Income,2010s
South Sudan,SSD,2010,1498.27034985194,1.16962180301108,12.473,Lower-Middle Income,2010s
Sao Tome and Principe,STP,2010,1045.20958234528,13.34005235378,14.628,Lower-Middle Income,2010s
Suriname,SUR,2010,7943.60482816915,6.94108221639996,7.15,Upper-Middle Income,2010s
Slovak Republic,SVK,2010,16899.448680529,0.957018132975143,14.387,High Income,2010s
Slovenia,SVN,2010,23329.8417691156,1.80117022137134,7.236,High Income,2010s
Sweden,SWE,2010,52542.5759090299,1.15798802715626,8.61,High Income,2010s
Eswatini,SWZ,2010,3922.74039390733,4.50923691774369,26.856,Lower-Middle Income,2010s
Syria,SYR,2010,2730.61477118949,4.3974138315007,8.61,Lower-Middle Income,2010s
Chad,TCD,2010,1141.80069268412,-2.07786574641866,0.911,Lower-Middle Income,2010s
Togo,TGO,2010,704.986772286079,1.44594517430864,2.379,Low Income,2010s
Thailand,THA,2010,4973.86288823778,3.24758842443723,0.622,Upper-Middle Income,2010s
Tajikistan,TJK,2010,737.338883219356,6.44531440780658,7.037,Low Income,2010s
Timor-Leste,TLS,2010,813.060220670369,6.76597680236481,3.301,Low Income,2010s
Tonga,TON,2010,3416.08356601207,3.53491239189831,1.501,Lower-Middle Income,2010s
Trinidad and Tobago,TTO,2010,16815.424737361,10.5492003179988,4.033,High Income,2010s
Tunisia,TUN,2010,4291.86120891575,3.33897963601069,13.049,Upper-Middle Income,2010s
Turkiye,TUR,2010,10698.9699409757,8.56644420552976,11.879,Upper-Middle Income,2010s
Tanzania,TZA,2010,736.530151367188,6.20015595647403,3.03,Low Income,2010s
Uganda,UGA,2010,823.488144282,3.97655288478168,3.623,Low Income,2010s
Ukraine,UKR,2010,3039.63232421875,9.37293105078978,8.1,Lower-Middle Income,2010s
Uruguay,URY,2010,12641.0576849008,6.69870886978132,7.158,High Income,2010s
United States,USA,2010,48642.6100179312,1.6400434423899,9.633,High Income,2010s
St. Vincent and the Grenadines,VCT,2010,6551.96835992405,0.747109026311474,19.924,Upper-Middle Income,2010s
Venezuela,VEN,2010,13646.3046622664,28.1874647092039,7.112,High Income,2010s
Viet Nam,VNM,2010,1683.16182443979,9.20746648778413,1.114,Lower-Middle Income,2010s
Vanuatu,VUT,2010,2815.18828985779,2.76269469477348,4.681,Lower-Middle Income,2010s
Samoa,WSM,2010,3524.2479246203,0.777007268777692,5.621,Lower-Middle Income,2010s
Yemen,YEM,2010,1155.20305261418,11.1748338605044,12.777,Lower-Middle Income,2010s
South Africa,ZAF,2010,7973.47195771517,4.06749555950263,24.683,Upper-Middle Income,2010s
Zambia,ZMB,2010,1451.10616017155,8.50176133365265,13.19,Lower-Middle Income,2010s
Zimbabwe,ZWE,2010,902.010759067388,3.02267002518892,5.469,Low Income,2010s
Afghanistan,AFG,2011,606.694676337726,11.8041858089129,7.83,Low Income,2010s
Angola,AGO,2011,5184.15269149912,13.4824679218511,16.77,Upper-Middle Income,2010s
Albania,ALB,2011,4465.70914328865,3.42807130141501,13.481,Upper-Middle Income,2010s
United Arab Emirates,ARE,2011,51921.904511613,0.87734659568512,2.587,High Income,2010s
Armenia,ARM,2011,3349.55309771906,7.65000807859294,18.884,Lower-Middle Income,2010s
Australia,AUS,2011,62799.3895017032,3.30384784681081,5.083,High Income,2010s
Austria,AUT,2011,51116.8953522042,3.2865791487538,4.637,High Income,2010s
Azerbaijan,AZE,2011,7189.81869211976,7.8583333333334,5.42,Upper-Middle Income,2010s
Burundi,BDI,2011,230.069761381132,9.5921660597967,1.602,Low Income,2010s
Belgium,BEL,2011,47760.8298776546,3.5320821072274,7.14,High Income,2010s
Benin,BEN,2011,1059.41358852588,2.7042390774728,2.647,Lower-Middle Income,2010s
Burkina Faso,BFA,2011,725.024767725475,2.75976724854534,3.827,Low Income,2010s
Bangladesh,BGD,2011,837.336944695647,11.3951651552399,3.737,Low Income,2010s
Bulgaria,BGR,2011,7849.58061302818,4.21990346601872,11.26,Upper-Middle Income,2010s
Bahrain,BHR,2011,25032.7867743333,-0.40004069748808,1.21,High Income,2010s
The Bahamas,BHS,2011,27090.8376801379,3.1987814166032,14.52,High Income,2010s
Bosnia and Herzegovina,BIH,2011,4982.69375768263,3.67125,27.582,Upper-Middle Income,2010s
Belarus,BLR,2011,6527.6593428786,53.2286983118174,6.024,Upper-Middle Income,2010s
Belize,BLZ,2011,5596.05222152289,1.602056156402,8.424,Upper-Middle Income,2010s
Bolivia,BOL,2011,2315.52121930607,9.88446419823883,2.255,Lower-Middle Income,2010s
Brazil,BRA,2011,13396.6263158041,6.6364496221309,7.578,High Income,2010s
Barbados,BRB,2011,20508.1498810382,9.4322024017722,11.19,High Income,2010s
Brunei Darussalam,BRN,2011,46382.8274255349,0.13791156316954,6.506,High Income,2010s
Bhutan,BTN,2011,2787.97967608562,8.848985699468,3.23,Lower-Middle Income,2010s
Botswana,BWA,2011,7287.38295334919,8.45987233408583,18.049,Upper-Middle Income,2010s
Central African Republic,CAF,2011,534.057281471636,1.1944757244985,5.638,Low Income,2010s
Canada,CAN,2011,52223.8588398531,2.91213508872351,7.637,High Income,2010s
Switzerland,CHE,2011,90476.7589651577,0.2313492076509,4.409,High Income,2010s
Chile,CHL,2011,14487.3927832032,3.34121694259302,7.492,High Income,2010s
China,CHN,2011,5703.76027973346,5.55389892257493,4.55,Upper-Middle Income,2010s
Cote d'Ivoire,CIV,2011,1596.62826565998,4.9124339505245,7.144,Lower-Middle Income,2010s
Cameroon,CMR,2011,1513.96056994878,2.93969946305091,3.988,Lower-Middle Income,2010s
Democratic Republic of the Congo,COD,2011,372.514273875789,15.316515913949,4.317,Low Income,2010s
"Congo, Rep.",COG,2011,3396.16505817952,1.75958704273803,19.435,Lower-Middle Income,2010s
Colombia,COL,2011,7400.9940695669,3.4150334477625,10.288,Upper-Middle Income,2010s
Comoros,COM,2011,1531.43789372951,1.8426630075619,4.12,Lower-Middle Income,2010s
Cabo Verde,CPV,2011,4002.01386888785,4.47388342165023,10.956,Upper-Middle Income,2010s
Costa Rica,CRI,2011,9276.39107511347,4.87799830970702,9.518,Upper-Middle Income,2010s
Cyprus,CYP,2011,32485.798828125,3.28944939564211,7.942,High Income,2010s
Czechia,CZE,2011,22049.1080788682,1.9172191363555,6.712,High Income,2010s
Germany,DEU,2011,47630.9761883572,2.07517283735874,5.967,High Income,2010s
Djibouti,DJI,2011,1306.34552844977,5.0687139477798,26.31,Lower-Middle Income,2010s
Denmark,DNK,2011,61809.737898222,2.7586822605125,7.769,High Income,2010s
Dominican Republic,DOM,2011,5826.51014109195,5.79676809206533,6.087,Upper-Middle Income,2010s
Algeria,DZA,2011,5916.31364364343,4.5242115050527,9.96,Upper-Middle Income,2010s
Ecuador,ECU,2011,5153.6916424375,4.4745326579584,3.458,Upper-Middle Income,2010s
Egypt,EGY,2011,2590.64384891965,10.0649259874818,11.849,Lower-Middle Income,2010s
Spain,ESP,2011,31824.6219134777,3.1961018883379,21.39,High Income,2010s
Estonia,EST,2011,17555.5455239426,4.9819013145361,12.328,High Income,2010s
Ethiopia,ETH,2011,343.024942351887,33.2499598823344,2.27,Low Income,2010s
Finland,FIN,2011,51060.3242589767,3.41680754255211,7.781,High Income,2010s
Fiji,FJI,2011,4139.60288609702,7.278117827085,4.406,Upper-Middle Income,2010s
France,FRA,2011,43929.7840873812,2.11159795175,9.228,High Income,2010s
Gabon,GAB,2011,10219.1139339454,1.26331707837421,19.895,Upper-Middle Income,2010s
United Kingdom,GBR,2011,42295.9273835322,3.8561124468282,8.195,High Income,2010s
Georgia,GEO,2011,4119.66818307193,8.5429333333333,19.632,Upper-Middle Income,2010s
Ghana,GHA,2011,1507.43573198753,8.7284593709302,4.213,Lower-Middle Income,2010s
Guinea,GIN,2011,636.694958747648,21.3169268542577,5.024,Low Income,2010s
"Gambia, The",GMB,2011,710.608411468152,4.7958826618311,10.276,Low Income,2010s
Guinea-Bissau,GNB,2011,719.539573498937,5.046102263202,3.072,Low Income,2010s
Equatorial Guinea,GNQ,2011,17198.2136668275,4.805389221557,7.837,High Income,2010s
Greece,GRC,2011,25504.7866510124,3.3298532335065,17.973,High Income,2010s
Guatemala,GTM,2011,3168.98370607705,6.214123930671,3.169,Lower-Middle Income,2010s
Guyana,GUY,2011,4947.22170589917,4.9777356370697,11.811,Upper-Middle Income,2010s
"Hong Kong SAR, China",HKG,2011,35142.4879344543,5.3052489299392,3.422,High Income,2010s
Honduras,HND,2011,2073.66121088074,6.7622795731476,4.474,Lower-Middle Income,2010s
Croatia,HRV,2011,14691.558296292,2.2727272727273,13.678,High Income,2010s
Haiti,HTI,2011,1312.03953552013,6.33279483849042,14.506,Lower-Middle Income,2010s
Hungary,HUN,2011,14211.460557822,3.9299209893507,11.029,High Income,2010s
Indonesia,IDN,2011,3579.46442466152,5.35604849112582,5.153,Lower-Middle Income,2010s
India,IND,2011,1445.46127486037,8.91179336483371,7.609,Lower-Middle Income,2010s
Ireland,IRL,2011,52613.8540355689,2.5489783020855,15.354,High Income,2010s
Iran,IRN,2011,8025.68743364356,26.2933856738608,12.491,Upper-Middle Income,2010s
Iraq,IRQ,2011,5775.54229080293,5.801455370853,8.193,Upper-Middle Income,2010s
Iceland,ISL,2011,48254.953927254,4.0010266434312,7.028,High Income,2010s
Israel,ISR,2011,34522.5215979073,3.48837209302323,7.139,High Income,2010s
Italy,ITA,2011,38432.3742820019,2.78063272879323,8.359,High Income,2010s
Jamaica,JAM,2011,5232.63644918132,7.555856465809,8.034,Upper-Middle Income,2010s
Jordan,JOR,2011,3946.85503855525,4.1624416292779,12.9,Lower-Middle Income,2010s
Japan,JPN,2011,48760.0789494211,-0.27245561610124,4.55,High Income,2010s
Kazakhstan,KAZ,2011,11287.1464926039,8.4529046617679,5.39,Upper-Middle Income,2010s
Kenya,KEN,2011,1096.14499807675,14.0224913014704,2.699,Lower-Middle Income,2010s
Kyrgyzstan,KGZ,2011,1117.40174350185,16.6363262731495,3.644,Lower-Middle Income,2010s
Cambodia,KHM,2011,1088.98152823081,5.4784474961745,0.577,Lower-Middle Income,2010s
South Korea,KOR,2011,26175.2398553363,4.0259650043609,2.992,High Income,2010s
Kuwait,KWT,2011,49169.6063813095,4.8394034987095,2.051,High Income,2010s
Laos,LAO,2011,1361.54704394913,7.5689885610998,0.96,Lower-Middle Income,2010s
Lebanon,LBN,2011,7834.96257108993,4.97148571692384,7.352,Upper-Middle Income,2010s
Liberia,LBR,2011,568.087865520004,8.488167518494,2.211,Low Income,2010s
Libya,LBY,2011,7593.8391525702,15.5184815317561,19.504,Upper-Middle Income,2010s
St. Lucia,LCA,2011,9128.99442011613,2.76940794144093,18.86,Upper-Middle Income,2010s
Sri Lanka,LKA,2011,3224.95745150496,6.7167684358854,4.118,Lower-Middle Income,2010s
Lesotho,LSO,2011,1280.73390931581,5.0366305210156,16.115,Lower-Middle Income,2010s
Lithuania,LTU,2011,14261.8433787325,4.13027562645085,15.39,High Income,2010s
Luxembourg,LUX,2011,119025.057203467,3.41068341068342,5.122,High Income,2010s
Latvia,LVA,2011,12902.574053337,4.37073559939223,16.206,High Income,2010s
"Macao SAR, China",MAC,2011,67046.7284292101,5.80624616691043,2.56,High Income,2010s
Morocco,MAR,2011,3301.98876953125,0.9069249096918,8.91,Lower-Middle Income,2010s
Moldova,MDA,2011,2941.36224066021,7.6872510335619,2.677,Lower-Middle Income,2010s
Madagascar,MDG,2011,506.163691559309,9.48254048582992,2.516,Low Income,2010s
Maldives,MDV,2011,7424.520410971,11.2734146055937,10.043,Upper-Middle Income,2010s
Mexico,MEX,2011,10664.4944032313,3.40737824605742,5.175,Upper-Middle Income,2010s
North Macedonia,MKD,2011,5416.86672931659,3.9047542206974,31.502,Upper-Middle Income,2010s
Mali,MLI,2011,938.292902583696,2.95564395229392,1.403,Low Income,2010s
Malta,MLT,2011,23516.9691234302,2.9629852819288,6.388,High Income,2010s
Myanmar,MMR,2011,1213.62898703376,5.0214601462073,0.749,Lower-Middle Income,2010s
Montenegro,MNE,2011,7265.51668681954,3.4501431124869,19.759,Upper-Middle Income,2010s
Mongolia,MNG,2011,3736.04201455077,8.41121495327101,4.769,Lower-Middle Income,2010s
Mozambique,MOZ,2011,618.17649286789,11.1666056127874,3.295,Low Income,2010s
Mauritania,MRT,2011,1931.19975525465,5.68631959575954,9.976,Lower-Middle Income,2010s
Mauritius,MUS,2011,9324.24232310496,6.52249254869341,7.447,Upper-Middle Income,2010s
Malawi,MWI,2011,763.061000394572,7.6228226284852,4.829,Low Income,2010s
Malaysia,MYS,2011,10217.1068585031,3.1744709215131,3.05,Upper-Middle Income,2010s
Namibia,NAM,2011,5834.7917675794,5.005595180812,19.481,Upper-Middle Income,2010s
New Caledonia,NCL,2011,38835.9401851385,2.42899693753383,13.988,High Income,2010s
Niger,NER,2011,510.75956176268,2.9423851401332,0.316,Low Income,2010s
Nigeria,NGA,2011,2418.41316975875,10.8261371880017,3.77,Lower-Middle Income,2010s
Nicaragua,NIC,2011,1679.71192084633,8.082387980991,6.613,Lower-Middle Income,2010s
Netherlands,NLD,2011,54701.7728030611,2.34107017751373,4.977,High Income,2010s
Norway,NOR,2011,101221.813476644,1.2849515880916,3.196,High Income,2010s
Nepal,NPL,2011,785.518656222132,9.2270754612596,10.627,Low Income,2010s
New Zealand,NZL,2011,38431.7766788499,4.0279066739204,6.491,High Income,2010s
Oman,OMN,2011,25188.0074151885,4.0421886711639,3.95,High Income,2010s
Pakistan,PAK,2011,1131.73513834324,11.9160927116277,0.796,Lower-Middle Income,2010s
Panama,PAN,2011,9662.29590911979,5.8758024367877,4.03,Upper-Middle Income,2010s
Peru,PER,2011,5861.35793645245,3.36931095333853,3.477,Upper-Middle Income,2010s
Philippines,PHL,2011,2383.91892522087,4.7184170471842,3.592,Lower-Middle Income,2010s
Papua New Guinea,PNG,2011,2288.37591141234,4.44083401028971,2.62,Lower-Middle Income,2010s
Poland,POL,2011,13867.6669408192,4.23940149625932,9.576,High Income,2010s
Portugal,PRT,2011,23246.5425416481,3.65301100430724,12.715,High Income,2010s
Paraguay,PRY,2011,5805.40154542925,8.2539682539683,4.67,Upper-Middle Income,2010s
West Bank and Gaza,PSE,2011,2880.79843707909,2.8772435849594,17.597,Lower-Middle Income,2010s
Qatar,QAT,2011,103261.510293068,1.13836623529202,0.56,High Income,2010s
Romania,ROU,2011,9560.6755277458,5.7892532881588,7.177,Upper-Middle Income,2010s
Russia,RUS,2011,14305.33203125,8.4404648593257,6.571,High Income,2010s
Rwanda,RWA,2011,651.133677964662,3.0801706924026,11.756,Low Income,2010s
Saudi Arabia,SAU,2011,27126.7498747702,5.8262163739404,5.77,High Income,2010s
Sudan,SDN,2011,1332.6572265625,18.0966171221351,17.44,Lower-Middle Income,2010s
Senegal,SEN,2011,1374.67591873844,3.40322829786971,2.853,Lower-Middle Income,2010s
Singapore,SGP,2011,53891.4570264372,5.25115624639373,3.89,High Income,2010s
Solomon Islands,SLB,2011,1924.05795643133,7.34270706018,1.292,Lower-Middle Income,2010s
Sierra Leone,SLE,2011,761.146365577281,6.79138291952621,4.388,Low Income,2010s
El Salvador,SLV,2011,3330.60049486653,5.1289237668161,4.297,Lower-Middle Income,2010s
Serbia,SRB,2011,7082.2861666075,11.1373976342129,22.959,Upper-Middle Income,2010s
South Sudan,SSD,2011,1448.98435006408,46.8521757193597,12.585,Lower-Middle Income,2010s
Sao Tome and Principe,STP,2011,1219.80189089671,14.3271667616801,14.229,Lower-Middle Income,2010s
Suriname,SUR,2011,7949.88867218383,17.7117796414558,7.54,Upper-Middle Income,2010s
Slovak Republic,SVK,2011,18469.4354316836,3.9192859914629,13.634,High Income,2010s
Slovenia,SVN,2011,24940.6284841605,1.8028517194191,8.166,High Income,2010s
Sweden,SWE,2011,60379.4814599322,2.9611507382214,7.804,High Income,2010s
Eswatini,SWZ,2011,4225.06049411911,6.10742714590251,26.105,Upper-Middle Income,2010s
Syria,SYR,2011,2952.14349372257,4.7531638888563,8.626,Lower-Middle Income,2010s
Chad,TCD,2011,1308.1421872538,2.0292405367826,0.92,Lower-Middle Income,2010s
Togo,TGO,2011,783.988944671672,3.5635147290396,1.982,Low Income,2010s
Thailand,THA,2011,5373.6232832898,3.80879058139634,0.66,Upper-Middle Income,2010s
Tajikistan,TJK,2011,833.601978202852,12.4315490430406,7.04,Low Income,2010s
Timor-Leste,TLS,2011,939.045238884406,13.499840238577,3.385,Low Income,2010s
Tonga,TON,2011,3849.99375750134,6.27075302995691,1.594,Lower-Middle Income,2010s
Trinidad and Tobago,TTO,2011,19151.0870229722,5.1071328926456,3.425,High Income,2010s
Tunisia,TUN,2011,4420.64772206537,3.24002842009531,18.334,Upper-Middle Income,2010s
Turkiye,TUR,2011,11373.6355760885,6.471879671151,9.789,Upper-Middle Income,2010s
Tanzania,TZA,2011,775.392761230469,12.6909694699162,3.47,Low Income,2010s
Uganda,UGA,2011,835.620060555838,16.5643496174515,3.523,Low Income,2010s
Ukraine,UKR,2011,3656.69799804688,7.95572466274652,7.851,Lower-Middle Income,2010s
Uruguay,URY,2011,15132.2675725587,8.0928320630299,6.307,High Income,2010s
United States,USA,2011,50024.868799398,3.156841568622,8.949,High Income,2010s
Uzbekistan,UZB,2011,2087.86386135694,13.7797446476602,4.96,Lower-Middle Income,2010s
St. Vincent and the Grenadines,VCT,2011,6527.68996854448,3.1860311155246,20.006,Upper-Middle Income,2010s
Venezuela,VEN,2011,10843.9229703167,26.0902123160959,6.902,Upper-Middle Income,2010s
Viet Nam,VNM,2011,1950.92504174913,18.6777322770707,0.999,Lower-Middle Income,2010s
Vanuatu,VUT,2011,3163.1861645138,0.8737931047811,4.811,Lower-Middle Income,2010s
Samoa,WSM,2011,3821.50678264479,5.23541591478434,5.68,Lower-Middle Income,2010s
Yemen,YEM,2011,1186.47500581215,19.5435617131144,13.311,Lower-Middle Income,2010s
South Africa,ZAF,2011,8646.05571071635,5.0008533879502,24.639,Upper-Middle Income,2010s
Zambia,ZMB,2011,1624.86817763443,6.4293968107234,10.548,Lower-Middle Income,2010s
Zimbabwe,ZWE,2011,1037.77565157218,3.4661297281749,5.368,Lower-Middle Income,2010s
Afghanistan,AFG,2012,651.417134470046,6.44121280934117,7.875,Low Income,2010s
Angola,AGO,2012,5702.45306277434,10.2779049218839,16.539,Upper-Middle Income,2010s
Albania,ALB,2012,4280.93316338873,2.03159268395296,13.376,Upper-Middle Income,2010s
United Arab Emirates,ARE,2012,53141.6124340099,0.662268900269008,2.323,High Income,2010s
Armenia,ARM,2012,3511.56399687426,2.55802007757907,17.511,Lower-Middle Income,2010s
Australia,AUS,2012,68301.4402512587,1.76278299052228,5.225,High Income,2010s
Austria,AUT,2012,48250.4059142637,2.48567562177014,4.909,High Income,2010s
Azerbaijan,AZE,2012,7495.86527658099,1.06621339720302,5.19,Upper-Middle Income,2010s
Burundi,BDI,2012,231.098787811507,18.161045306545,1.593,Low Income,2010s
Belgium,BEL,2012,44874.1709182123,2.83966343445899,7.542,High Income,2010s
Benin,BEN,2012,1071.5258366283,6.74468253340712,2.458,Lower-Middle Income,2010s
Burkina Faso,BFA,2012,731.470138867833,3.8181524025238,3.849,Low Income,2010s
Bangladesh,BGD,2012,859.680536375497,6.21750422069283,4.07,Low Income,2010s
Bulgaria,BGR,2012,7431.95789508871,2.95456829831012,12.27,Upper-Middle Income,2010s
Bahrain,BHR,2012,26438.6733230428,2.75739669962979,1.2,High Income,2010s
The Bahamas,BHS,2012,28552.0242683151,1.97336755976254,14.02,High Income,2010s
Bosnia and Herzegovina,BIH,2012,4693.78899115381,2.05267452001717,28.01,Upper-Middle Income,2010s
Belarus,BLR,2012,6953.21591683101,59.2197360232518,5.962,Upper-Middle Income,2010s
Belize,BLZ,2012,5732.66519942347,1.30058074547858,8.378,Upper-Middle Income,2010s
Bolivia,BOL,2012,2575.59857098084,4.51560291399375,2.066,Lower-Middle Income,2010s
Brazil,BRA,2012,12521.7238454434,5.40349914036997,7.251,High Income,2010s
Barbados,BRB,2012,20804.1150004694,4.53334753888774,11.59,High Income,2010s
Brunei Darussalam,BRN,2012,46968.5971164922,0.111766261400306,6.571,High Income,2010s
Bhutan,BTN,2012,2751.2128864294,10.919656944683,2.05,Lower-Middle Income,2010s
Botswana,BWA,2012,6595.53845015424,7.53690261091916,17.916,Upper-Middle Income,2010s
Central African Republic,CAF,2012,544.395849142785,5.47829594346117,5.58,Low Income,2010s
Canada,CAN,2012,52670.3447335415,1.51567823124516,7.392,High Income,2010s
Switzerland,CHE,2012,85836.2076767359,-0.692552018105163,4.491,High Income,2010s
Chile,CHL,2012,15241.9069981119,3.00744840213047,6.79,High Income,2010s
China,CHN,2012,6405.0574241349,2.6195243264554,4.58,Upper-Middle Income,2010s
Cote d'Ivoire,CIV,2012,1546.9460184731,1.30451119915606,7.223,Lower-Middle Income,2010s
Cameroon,CMR,2012,1449.09874362279,2.73529677529539,3.836,Lower-Middle Income,2010s
Democratic Republic of the Congo,COD,2012,409.931424783784,9.72182806273364,4.485,Low Income,2010s
"Congo, Rep.",COG,2012,3732.32737320389,5.01018773134471,19.491,Lower-Middle Income,2010s
Colombia,COL,2012,8108.59838244229,3.16930188840055,9.959,Upper-Middle Income,2010s
Comoros,COM,2012,1490.31511351281,6.31474450315177,4.091,Lower-Middle Income,2010s
Cabo Verde,CPV,2012,3736.81517011087,2.54039644167108,11.145,Lower-Middle Income,2010s
Costa Rica,CRI,2012,10126.9991024177,4.49545314354605,9.11,Upper-Middle Income,2010s
Cyprus,CYP,2012,28991.935546875,2.38905410042316,12.097,High Income,2010s
Czechia,CZE,2012,20014.0354015165,3.28762306610411,6.979,High Income,2010s
Germany,DEU,2012,44718.0159214069,2.00848884782956,5.372,High Income,2010s
Djibouti,DJI,2012,1400.19357858954,3.73120950756887,26.179,Lower-Middle Income,2010s
Denmark,DNK,2012,58443.7747103968,2.3979148566464,7.798,High Income,2010s
Dominican Republic,DOM,2012,6013.81965002603,3.69449707884776,6.722,Upper-Middle Income,2010s
Algeria,DZA,2012,6033.64884689543,8.89145091062317,10.97,Upper-Middle Income,2010s
Ecuador,ECU,2012,5634.08393191094,5.10172180958665,3.235,Upper-Middle Income,2010s
Egypt,EGY,2012,2996.0677072015,7.11172943343082,12.597,Lower-Middle Income,2010s
Spain,ESP,2012,28456.4438151477,2.44612782366808,24.789,High Income,2010s
Estonia,EST,2012,17568.2137969714,3.93339987296985,10.021,High Income,2010s
Ethiopia,ETH,2012,452.101031885754,23.600417677317,2.252,Low Income,2010s
Finland,FIN,2012,47551.6740841369,2.80833622561573,7.689,High Income,2010s
Fiji,FJI,2012,4341.40338748749,3.42337523401979,4.375,Upper-Middle Income,2010s
France,FRA,2012,40863.5814412333,1.95419531613509,9.841,High Income,2010s
Gabon,GAB,2012,9296.96587941088,2.65241828695626,19.661,Upper-Middle Income,2010s
United Kingdom,GBR,2012,42688.3263728372,2.5732347965453,8.279,High Income,2010s
Georgia,GEO,2012,4530.69533409431,-0.943658853270964,19.653,Upper-Middle Income,2010s
Ghana,GHA,2012,1543.77524235764,11.1863409441067,3.126,Lower-Middle Income,2010s
Guinea,GIN,2012,699.353377212197,15.2262941038638,4.874,Low Income,2010s
"Gambia, The",GMB,2012,692.579361628102,4.25432199813899,10.346,Low Income,2010s
Guinea-Bissau,GNB,2012,635.461653303881,2.13054580274503,3.135,Low Income,2010s
Equatorial Guinea,GNQ,2012,17308.5723924575,3.65662048278806,7.761,High Income,2010s
Greece,GRC,2012,21624.346052551,1.50152696177758,24.731,High Income,2010s
Guatemala,GTM,2012,3286.61959336267,3.78180754679678,2.765,Lower-Middle Income,2010s
Guyana,GUY,2012,5444.39751913913,2.39193521312334,12.029,Upper-Middle Income,2010s
"Hong Kong SAR, China",HKG,2012,36730.796195815,4.05390950903844,3.285,High Income,2010s
Honduras,HND,2012,2126.03474686503,5.19618615531848,3.755,Lower-Middle Income,2010s
Croatia,HRV,2012,13507.7805260991,3.41207349081358,16.046,High Income,2010s
Haiti,HTI,2012,1361.39396587374,5.01804155429246,14.1,Lower-Middle Income,2010s
Hungary,HUN,2012,12950.1594488143,5.65214517088646,11.003,High Income,2010s
Indonesia,IDN,2012,3632.27254030331,4.2795142691943,4.468,Lower-Middle Income,2010s
India,IND,2012,1429.32199520032,9.47899691419801,7.645,Lower-Middle Income,2010s
Ireland,IRL,2012,49335.8408099555,1.69474116680366,15.451,High Income,2010s
Iran,IRN,2012,8114.08099831877,27.2568127242908,12.275,Upper-Middle Income,2010s
Iraq,IRQ,2012,6477.59618450955,6.08909641595043,7.965,Upper-Middle Income,2010s
Iceland,ISL,2012,46594.9869146614,5.18589988750698,6.0,High Income,2010s
Israel,ISR,2012,33321.4300881602,1.67553715750052,6.762,High Income,2010s
Italy,ITA,2012,34854.3949441965,3.04136333226775,10.655,High Income,2010s
Jamaica,JAM,2012,5340.83333232158,6.87397708674309,8.695,Upper-Middle Income,2010s
Jordan,JOR,2012,4169.50470054618,4.5152295667099,12.2,Upper-Middle Income,2010s
Japan,JPN,2012,49145.2804308193,-0.0440645104432602,4.358,High Income,2010s
Kazakhstan,KAZ,2012,12018.7966527993,5.19568369035073,5.29,Upper-Middle Income,2010s
Kenya,KEN,2012,1285.00536171512,9.37777003547598,2.678,Lower-Middle Income,2010s
Kyrgyzstan,KGZ,2012,1168.62244675446,2.76844236540957,3.786,Lower-Middle Income,2010s
Cambodia,KHM,2012,1192.80263041673,2.93431609293951,0.505,Lower-Middle Income,2010s
South Korea,KOR,2012,26600.5477433903,2.18707104433314,2.812,High Income,2010s
Kuwait,KWT,2012,52155.2225833921,3.25514600287211,2.227,High Income,2010s
Laos,LAO,2012,1563.5650771337,4.2551267783209,1.208,Lower-Middle Income,2010s
Lebanon,LBN,2012,8406.98405608118,6.58147447683677,7.952,Upper-Middle Income,2010s
Liberia,LBR,2012,638.368751462083,6.83178703418548,2.146,Low Income,2010s
Libya,LBY,2012,14975.8902795144,6.05980392156864,19.03,High Income,2010s
St. Lucia,LCA,2012,9260.30006551714,4.17763587102515,19.06,Upper-Middle Income,2010s
Sri Lanka,LKA,2012,3327.77613691283,7.54291373239437,3.88,Lower-Middle Income,2010s
Lesotho,LSO,2012,1217.93071228944,6.05143662139967,15.761,Lower-Middle Income,2010s
Lithuania,LTU,2012,14288.1853493139,3.08998277055417,13.365,High Income,2010s
Luxembourg,LUX,2012,112584.676270958,2.66284165508021,5.03,High Income,2010s
Latvia,LVA,2012,13329.3499931271,2.25778924374585,15.047,High Income,2010s
"Macao SAR, China",MAC,2012,76058.0224963659,6.10738928336549,1.97,High Income,2010s
Morocco,MAR,2012,3164.17724609375,1.28712240079219,8.99,Lower-Middle Income,2010s
Moldova,MDA,2012,3044.8084324815,4.54633427355302,2.189,Lower-Middle Income,2010s
Madagascar,MDG,2012,493.511162904211,5.71384434191053,0.599,Low Income,2010s
Maldives,MDV,2012,7461.29703686309,10.884695658563,9.134,Upper-Middle Income,2010s
Mexico,MEX,2012,10744.1335242686,4.11150981070289,4.892,Upper-Middle Income,2010s
North Macedonia,MKD,2012,5049.8265386157,3.31605566687647,31.096,Upper-Middle Income,2010s
Mali,MLI,2012,872.506092465564,5.32312847064058,1.462,Low Income,2010s
Malta,MLT,2012,22878.3130866521,2.37582057760386,6.203,High Income,2010s
Myanmar,MMR,2012,1202.6658960055,1.46758322674679,0.768,Lower-Middle Income,2010s
Montenegro,MNE,2012,6552.48071710904,4.14524724981119,19.808,Upper-Middle Income,2010s
Mongolia,MNG,2012,4328.89001905655,14.3303348325838,3.905,Upper-Middle Income,2010s
Mozambique,MOZ,2012,685.685748199513,2.60245456956618,3.304,Low Income,2010s
Mauritania,MRT,2012,1859.11733247641,4.90242727217997,9.864,Lower-Middle Income,2010s
Mauritius,MUS,2012,9421.52514098225,3.85216033315983,7.472,Upper-Middle Income,2010s
Malawi,MWI,2012,558.46208832772,21.2712650013779,4.949,Low Income,2010s
Malaysia,MYS,2012,10600.5744240026,1.66357102479206,3.04,Upper-Middle Income,2010s
Namibia,NAM,2012,5942.64680978673,6.72199777334886,16.771,Upper-Middle Income,2010s
New Caledonia,NCL,2012,35559.5672006157,1.74967234600262,14.116,High Income,2010s
Niger,NER,2012,528.510104469655,0.455089820359289,2.177,Low Income,2010s
Nigeria,NGA,2012,2633.19734671361,12.2242413020584,3.761,Lower-Middle Income,2010s
Nicaragua,NIC,2012,1784.69836017555,7.1935505333896,5.208,Lower-Middle Income,2010s
Netherlands,NLD,2012,50473.9442002689,2.45554765291614,5.821,High Income,2010s
Norway,NOR,2012,102175.919298374,0.696864111498263,3.129,High Income,2010s
Nepal,NPL,2012,788.202937148377,9.45980980357125,10.632,Low Income,2010s
New Zealand,NZL,2012,40053.6991536369,1.05991318445632,6.931,High Income,2010s
Oman,OMN,2012,24642.2978768596,2.94773495257209,3.753,High Income,2010s
Pakistan,PAK,2012,1204.36475491585,9.68235186055684,3.667,Lower-Middle Income,2010s
Panama,PAN,2012,11064.8063662003,5.69819959165992,3.691,Upper-Middle Income,2010s
Peru,PER,2012,6519.37852981527,3.61121294940163,3.238,Upper-Middle Income,2010s
Philippines,PHL,2012,2614.61644401308,3.02696391124796,3.504,Lower-Middle Income,2010s
Papua New Guinea,PNG,2012,2635.0873631547,4.53720508166972,2.634,Lower-Middle Income,2010s
Poland,POL,2012,13087.420943321,3.56037151702793,10.031,High Income,2010s
Portugal,PRT,2012,20593.4274224109,2.77333854051586,15.509,High Income,2010s
Paraguay,PRY,2012,5642.16991672846,3.67591897974496,4.085,Upper-Middle Income,2010s
West Bank and Gaza,PSE,2012,3067.43872735614,2.77908768282492,19.202,Lower-Middle Income,2010s
Qatar,QAT,2012,108470.387023229,2.31534853431661,0.48,High Income,2010s
Romania,ROU,2012,8929.95366231474,3.33492267693442,6.794,Upper-Middle Income,2010s
Russia,RUS,2012,15401.8515625,5.07474300799149,5.484,High Income,2010s
Rwanda,RWA,2012,706.817269168561,10.2710182318876,11.671,Low Income,2010s
Saudi Arabia,SAU,2012,28733.4375513452,2.86627029905053,5.622,High Income,2010s
Sudan,SDN,2012,1019.22210693359,35.5590574147024,16.973,Lower-Middle Income,2010s
Senegal,SEN,2012,1326.83798848379,1.41822871177854,3.896,Lower-Middle Income,2010s
Singapore,SGP,2012,55547.5553077786,4.58084479423094,3.72,High Income,2010s
Solomon Islands,SLB,2012,2066.25738638356,5.91200602491155,0.984,Lower-Middle Income,2010s
Sierra Leone,SLE,2012,937.504428180231,6.58776239392585,4.378,Low Income,2010s
El Salvador,SLV,2012,3497.91256915509,1.72973481581383,3.843,Lower-Middle Income,2010s
Serbia,SRB,2012,6263.04086072815,7.33038589596646,24.0,Upper-Middle Income,2010s
South Sudan,SSD,2012,1109.26050083408,45.5258978371706,12.803,Lower-Middle Income,2010s
Sao Tome and Principe,STP,2012,1192.0202911189,10.6379353431628,13.59,Lower-Middle Income,2010s
Suriname,SUR,2012,8851.24050668908,5.00686319367273,8.1,Upper-Middle Income,2010s
Slovak Republic,SVK,2012,17516.9691054078,3.6061026352289,13.966,High Income,2010s
Slovenia,SVN,2012,22442.1417859955,2.59741386039003,8.841,High Income,2010s
Sweden,SWE,2012,57749.5615420853,0.888377506923735,7.976,High Income,2010s
Eswatini,SWZ,2012,4224.54789174487,8.93964682788212,25.226,Upper-Middle Income,2010s
Syria,SYR,2012,1897.66115018696,36.7022953364139,13.8,Lower-Middle Income,2010s
Chad,TCD,2012,1354.34344701937,7.51662364663833,0.886,Lower-Middle Income,2010s
Togo,TGO,2012,762.39162379069,2.57718174055848,2.029,Low Income,2010s
Thailand,THA,2012,5725.52802835463,3.01489950334985,0.58,Upper-Middle Income,2010s
Tajikistan,TJK,2012,952.452819695469,5.83116601031462,7.022,Low Income,2010s
Timor-Leste,TLS,2012,1022.61906675901,11.8003096701544,3.47,Lower-Middle Income,2010s
Tonga,TON,2012,4384.17058724217,1.14753853706055,1.638,Upper-Middle Income,2010s
Trinidad and Tobago,TTO,2012,20332.1389531925,9.26028137068292,3.718,High Income,2010s
Tunisia,TUN,2012,4297.26782454273,4.6118443220664,17.63,Upper-Middle Income,2010s
Turkiye,TUR,2012,11776.7593362033,8.89156996512163,9.21,Upper-Middle Income,2010s
Tanzania,TZA,2012,861.969909667969,16.0010938506338,3.223,Low Income,2010s
Uganda,UGA,2012,795.222867553127,12.6790377224659,3.551,Low Income,2010s
Ukraine,UKR,2012,3951.34228515625,0.568727971803862,7.529,Lower-Middle Income,2010s
Uruguay,URY,2012,16259.5940814256,8.09776580573602,6.451,High Income,2010s
United States,USA,2012,51708.4011556577,2.06933726526067,8.069,High Income,2010s
Uzbekistan,UZB,2012,2307.34649117185,13.2088026688373,4.87,Lower-Middle Income,2010s
St. Vincent and the Grenadines,VCT,2012,6713.80768643865,2.59844414147101,19.833,Upper-Middle Income,2010s
Venezuela,VEN,2012,12607.2361246243,21.0689956331876,6.601,High Income,2010s
Viet Nam,VNM,2012,2185.11767654291,9.09470339557192,1.027,Lower-Middle Income,2010s
Vanuatu,VUT,2012,3004.78416664293,1.34740362877658,4.936,Lower-Middle Income,2010s
Samoa,WSM,2012,3934.60320799981,2.0490188352116,8.752,Lower-Middle Income,2010s
Yemen,YEM,2012,1245.05068272078,9.88538714484871,13.473,Lower-Middle Income,2010s
South Africa,ZAF,2012,8076.97678479741,5.73797139141739,24.727,Upper-Middle Income,2010s
Zambia,ZMB,2012,1710.05061343728,6.57589970757698,7.85,Lower-Middle Income,2010s
Zimbabwe,ZWE,2012,1239.22709745709,3.72532666110646,5.057,Lower-Middle Income,2010s
Afghanistan,AFG,2013,637.087099117099,7.38577178397855,7.921,Low Income,2010s
Angola,AGO,2013,5688.57916215215,8.77781429332623,16.464,Upper-Middle Income,2010s
Albania,ALB,2013,4542.92903556739,1.93762080205223,15.866,Upper-Middle Income,2010s
United Arab Emirates,ARE,2013,53247.2409495441,1.1011183637571,2.125,High Income,2010s
Armenia,ARM,2013,3680.16692158886,5.7896677854465,16.576,Lower-Middle Income,2010s
Australia,AUS,2013,68476.6788496118,2.44988248109259,5.663,High Income,2010s
Austria,AUT,2013,50305.3545774973,2.00015616900597,5.367,High Income,2010s
Azerbaijan,AZE,2013,7875.34536661549,2.41571745279419,4.97,Upper-Middle Income,2010s
Burundi,BDI,2013,234.844770150871,7.93795807492417,1.584,Low Income,2010s
Belgium,BEL,2013,46964.5946777056,1.11309594027539,8.425,High Income,2010s
Benin,BEN,2013,1168.92699279226,0.428888888888883,2.198,Lower-Middle Income,2010s
Burkina Faso,BFA,2013,759.762065168498,0.533738507090536,4.054,Low Income,2010s
Bangladesh,BGD,2013,958.262989798283,7.53040640913172,4.426,Low Income,2010s
Bulgaria,BGR,2013,7795.98092108928,0.890093540913096,12.941,Upper-Middle Income,2010s
Bahrain,BHR,2013,26989.7601148469,3.30001156888442,1.184,High Income,2010s
The Bahamas,BHS,2013,27642.7419759179,0.722414784530551,16.18,High Income,2010s
Bosnia and Herzegovina,BIH,2013,5034.56634817068,-0.0930456838317588,27.49,Upper-Middle Income,2010s
Belarus,BLR,2013,7998.0802045456,18.3122610377873,5.942,Upper-Middle Income,2010s
Belize,BLZ,2013,5957.34953619006,0.50974776898322,8.349,Upper-Middle Income,2010s
Bolivia,BOL,2013,2870.02377000756,5.73640023719606,2.437,Lower-Middle Income,2010s
Brazil,BRA,2013,12458.8903396625,6.204310666401,7.071,High Income,2010s
Barbados,BRB,2013,20410.2065438568,1.81410436049096,11.55,High Income,2010s
Brunei Darussalam,BRN,2013,44003.0644273461,0.389205053123632,6.709,High Income,2010s
Bhutan,BTN,2013,2679.95217201538,8.77638345268212,2.87,Lower-Middle Income,2010s
Botswana,BWA,2013,6666.91219583487,5.88460707056816,18.167,Upper-Middle Income,2010s
Central African Republic,CAF,2013,364.36696260838,6.98879341970198,5.566,Low Income,2010s
Canada,CAN,2013,52638.1187235237,0.938291897815316,7.143,High Income,2010s
Switzerland,CHE,2013,87304.3305813557,-0.217323155115672,4.747,High Income,2010s
Chile,CHL,2013,15683.5486369155,1.7895555398459,6.361,High Income,2010s
China,CHN,2013,7147.03518622344,2.62105001748114,4.6,Upper-Middle Income,2010s
Cote d'Ivoire,CIV,2013,1786.15862031324,2.58117037252935,4.255,Lower-Middle Income,2010s
Cameroon,CMR,2013,1575.92882118897,2.0503471800174,3.686,Lower-Middle Income,2010s
Democratic Republic of the Congo,COD,2013,460.370334930107,0.80822310148711,4.469,Low Income,2010s
"Congo, Rep.",COG,2013,3697.41705884249,4.63161619729461,19.845,Lower-Middle Income,2010s
Colombia,COL,2013,8279.10255642981,2.01699224310383,9.246,Upper-Middle Income,2010s
Comoros,COM,2013,1603.32797107303,-4.29487331536756,3.98,Lower-Middle Income,2010s
Cabo Verde,CPV,2013,3960.97596791345,1.50654285701407,11.398,Lower-Middle Income,2010s
Costa Rica,CRI,2013,10803.2401962173,5.23133614174428,8.218,Upper-Middle Income,2010s
Cyprus,CYP,2013,27764.73046875,-0.399357676464425,16.131,High Income,2010s
Czechia,CZE,2013,20260.4954999375,1.4382978723404,6.953,High Income,2010s
Germany,DEU,2013,47206.8353514242,1.50472330251876,5.316,High Income,2010s
Djibouti,DJI,2013,2075.94498424748,-12.563149225034,26.149,Lower-Middle Income,2010s
Denmark,DNK,2013,61377.5940590412,0.789071780078062,7.384,High Income,2010s
Dominican Republic,DOM,2013,6136.59429329301,4.830950967408,7.351,Upper-Middle Income,2010s
Algeria,DZA,2013,5979.60138960585,3.25423910998847,9.82,Upper-Middle Income,2010s
Ecuador,ECU,2013,6109.29031510341,2.72177577710371,3.083,Upper-Middle Income,2010s
Egypt,EGY,2013,3025.52563552448,9.4697198106492,13.154,Lower-Middle Income,2010s
Spain,ESP,2013,29228.846559842,1.40858109183018,26.094,High Income,2010s
Estonia,EST,2013,19310.3874900757,2.78056658954987,8.631,High Income,2010s
Ethiopia,ETH,2013,484.039833104062,7.46402192944517,2.251,Low Income,2010s
Finland,FIN,2013,49691.0145200739,1.47828615688809,8.193,High Income,2010s
Fiji,FJI,2013,4572.44377544245,2.91354193603992,4.356,Upper-Middle Income,2010s
France,FRA,2013,42669.1795111893,0.863715497861804,9.913,High Income,2010s
Gabon,GAB,2013,9197.70106323947,0.505441058915615,19.736,Upper-Middle Income,2010s
United Kingdom,GBR,2013,43606.9837896348,2.29166666666659,7.752,High Income,2010s
Georgia,GEO,2013,4712.00229382665,-0.512058410947092,19.416,Upper-Middle Income,2010s
Ghana,GHA,2013,2294.79584693743,11.6661923071729,2.173,Lower-Middle Income,2010s
Guinea,GIN,2013,748.455020824734,11.8875884481828,4.944,Low Income,2010s
"Gambia, The",GMB,2013,653.862713272743,5.69912989637382,9.454,Low Income,2010s
Guinea-Bissau,GNB,2013,654.304534409417,1.20712555668405,3.173,Low Income,2010s
Equatorial Guinea,GNQ,2013,16304.0713196418,2.94887694639662,7.675,High Income,2010s
Greece,GRC,2013,21573.3449762805,-0.921269454256899,27.686,High Income,2010s
Guatemala,GTM,2013,3444.15802275864,4.34337131279521,3.017,Lower-Middle Income,2010s
Guyana,GUY,2013,5556.91231156932,1.90125181860582,12.296,Upper-Middle Income,2010s
"Hong Kong SAR, China",HKG,2013,38403.7777145477,4.33799342105267,3.4,High Income,2010s
Honduras,HND,2013,2081.12843527945,5.16189898581494,5.646,Lower-Middle Income,2010s
Croatia,HRV,2013,14134.9474982889,2.21658206429779,17.231,High Income,2010s
Haiti,HTI,2013,1457.83221179626,4.76502404779142,13.704,Lower-Middle Income,2010s
Hungary,HUN,2013,13739.4620151401,1.73319984983101,10.177,High Income,2010s
Indonesia,IDN,2013,3566.60284506078,6.41249457900391,4.336,Lower-Middle Income,2010s
India,IND,2013,1432.84397512195,10.0178784746102,7.678,Lower-Middle Income,2010s
Ireland,IRL,2013,52537.6108648692,0.515099484900573,13.735,High Income,2010s
Iran,IRN,2013,6222.74194840326,36.6030355191029,10.595,Upper-Middle Income,2010s
Iraq,IRQ,2013,6650.35282247395,1.87949800749469,9.222,Upper-Middle Income,2010s
Iceland,ISL,2013,50173.3360061057,3.87227923748249,5.376,High Income,2010s
Israel,ISR,2013,37034.3161080785,1.58976347421476,6.137,High Income,2010s
Italy,ITA,2013,35701.6746002376,1.21999342274306,12.149,High Income,2010s
Jamaica,JAM,2013,5124.21301411137,9.34150076569673,9.698,Upper-Middle Income,2010s
Jordan,JOR,2013,4311.21916713038,4.82462314269537,12.6,Upper-Middle Income,2010s
Japan,JPN,2013,40898.6478964744,0.335037912184741,4.038,High Income,2010s
Kazakhstan,KAZ,2013,13478.459627612,5.94283871648418,5.2,High Income,2010s
Kenya,KEN,2013,1370.87885214659,5.71749357037733,2.762,Lower-Middle Income,2010s
Kyrgyzstan,KGZ,2013,1269.66303464348,6.61375202358082,3.881,Lower-Middle Income,2010s
Cambodia,KHM,2013,1305.6600972686,2.94162509547349,0.438,Lower-Middle Income,2010s
South Korea,KOR,2013,28449.3591104972,1.30134754547413,3.067,High Income,2010s
Kuwait,KWT,2013,49651.0439275077,2.68229684085039,2.465,High Income,2010s
Laos,LAO,2013,1812.51774424651,6.37142717782947,1.469,Lower-Middle Income,2010s
Lebanon,LBN,2013,8162.37929361396,4.82101956297399,8.477,Upper-Middle Income,2010s
Liberia,LBR,2013,710.744570927863,7.577306817414,2.08,Low Income,2010s
Libya,LBY,2013,11951.7134126011,2.60581802719517,19.311,Upper-Middle Income,2010s
St. Lucia,LCA,2013,9577.21733754358,1.46856511035428,22.21,Upper-Middle Income,2010s
Sri Lanka,LKA,2013,3739.43181100202,6.90845034828452,4.186,Lower-Middle Income,2010s
Lesotho,LSO,2013,1151.03735837227,4.86511899496385,15.926,Lower-Middle Income,2010s
Lithuania,LTU,2013,15636.5252586048,1.04747937065344,11.77,High Income,2010s
Luxembourg,LUX,2013,120000.140729859,1.73403963519162,6.045,High Income,2010s
Latvia,LVA,2013,14484.4715282132,-0.029454778257828,11.867,High Income,2010s
"Macao SAR, China",MAC,2013,87107.8313063626,5.50057779178484,1.82,High Income,2010s
Morocco,MAR,2013,3379.7431640625,1.88065466724086,9.23,Lower-Middle Income,2010s
Moldova,MDA,2013,3321.04397795719,4.59787897363127,1.894,Lower-Middle Income,2010s
Madagascar,MDG,2013,515.301589361832,5.8264294445198,0.995,Low Income,2010s
Maldives,MDV,2013,8236.08177944126,3.8056300091943,8.295,Upper-Middle Income,2010s
Mexico,MEX,2013,11216.8008505428,3.80639069747204,4.921,Upper-Middle Income,2010s
North Macedonia,MKD,2013,5626.26115664893,2.78500056726109,29.017,Upper-Middle Income,2010s
Mali,MLI,2013,901.920957644831,-0.606736356351563,1.517,Low Income,2010s
Malta,MLT,2013,25415.5566867731,1.1802843636655,6.115,High Income,2010s
Myanmar,MMR,2013,1199.09561597055,5.64303883425501,0.775,Lower-Middle Income,2010s
Montenegro,MNE,2013,7102.77882895852,2.20589268141178,19.585,Upper-Middle Income,2010s
Mongolia,MNG,2013,4340.14310544449,10.4906567588241,4.231,Upper-Middle Income,2010s
Mozambique,MOZ,2013,686.505672517351,4.26135250941963,3.345,Low Income,2010s
Mauritania,MRT,2013,1934.24103064714,4.12910173783393,9.926,Lower-Middle Income,2010s
Mauritius,MUS,2013,9877.13865958834,3.54329573934839,7.322,Upper-Middle Income,2010s
Malawi,MWI,2013,496.947368267313,27.2833333333334,4.978,Low Income,2010s
Malaysia,MYS,2013,10713.6407638899,2.10501231233612,3.14,Upper-Middle Income,2010s
Namibia,NAM,2013,5346.62131149967,5.60092502290401,19.028,Upper-Middle Income,2010s
New Caledonia,NCL,2013,36671.1566752621,1.27761318992718,14.39,High Income,2010s
Niger,NER,2013,552.103334363117,2.29723114955317,1.401,Low Income,2010s
Nigeria,NGA,2013,2872.79083379398,8.49551838265669,3.711,Lower-Middle Income,2010s
Nicaragua,NIC,2013,1835.43996363715,7.13546785289407,5.28,Lower-Middle Income,2010s
Netherlands,NLD,2013,52602.2860520766,2.50689852657875,7.241,High Income,2010s
Norway,NOR,2013,103553.840134417,2.12048620353112,3.425,High Income,2010s
Nepal,NPL,2013,803.269595420477,9.04016311917645,10.666,Low Income,2010s
New Zealand,NZL,2013,43000.4646849189,1.13442266445817,5.839,High Income,2010s
Oman,OMN,2013,23458.0233840053,1.05354820265932,3.553,High Income,2010s
Pakistan,PAK,2013,1225.4340119198,7.69215611899565,2.954,Lower-Middle Income,2010s
Panama,PAN,2013,12273.3224983788,4.0271599157106,3.674,Upper-Middle Income,2010s
Peru,PER,2013,6746.80025696601,2.76789666082002,3.575,Upper-Middle Income,2010s
Philippines,PHL,2013,2781.27957677397,2.58268766141795,3.497,Lower-Middle Income,2010s
Papua New Guinea,PNG,2013,2560.77458976327,4.9603174603175,2.698,Lower-Middle Income,2010s
Poland,POL,2013,13621.9023794031,0.991982606332335,10.293,High Income,2010s
Portugal,PRT,2013,21676.4859642714,0.274416666666663,16.237,High Income,2010s
Paraguay,PRY,2013,6435.68342733004,2.68385738718582,4.385,Upper-Middle Income,2010s
West Bank and Gaza,PSE,2013,3315.29753909282,1.72439933626931,19.894,Lower-Middle Income,2010s
Qatar,QAT,2013,103697.062789144,3.22197756829293,0.28,High Income,2010s
Romania,ROU,2013,9497.67411615237,3.9847123554813,7.096,Upper-Middle Income,2010s
Russia,RUS,2013,15941.4482421875,6.75466833903486,5.513,High Income,2010s
Rwanda,RWA,2013,704.92421851123,5.92426867984854,11.768,Low Income,2010s
Saudi Arabia,SAU,2013,27865.465604962,3.51104209799866,5.6,High Income,2010s
Sudan,SDN,2013,1138.62780761719,36.5223449139154,16.273,Lower-Middle Income,2010s
Senegal,SEN,2013,1379.83196553924,0.710245486695176,5.012,Lower-Middle Income,2010s
Singapore,SGP,2013,56967.4257940383,2.36439793742726,3.86,High Income,2010s
Solomon Islands,SLB,2013,2161.38627543917,5.3913638858756,0.694,Lower-Middle Income,2010s
Sierra Leone,SLE,2013,1117.47183075115,5.52412877994266,4.376,Lower-Middle Income,2010s
El Salvador,SLV,2013,3582.26694005169,0.757669184522973,3.693,Lower-Middle Income,2010s
Serbia,SRB,2013,7040.41812068781,7.69426362896655,22.154,Upper-Middle Income,2010s
South Sudan,SSD,2013,1650.18943353528,-0.0580909784225664,12.665,Lower-Middle Income,2010s
Sao Tome and Principe,STP,2013,1382.5757842916,8.10583270875476,12.476,Lower-Middle Income,2010s
Suriname,SUR,2013,9043.19281529222,1.92343604108305,6.6,Upper-Middle Income,2010s
Slovak Republic,SVK,2013,18312.7805149823,1.40047368963025,14.226,High Income,2010s
Slovenia,SVN,2013,23236.9655321695,1.76920085881907,10.103,High Income,2010s
Sweden,SWE,2013,60843.9888799369,-0.044292970148682,8.052,High Income,2010s
Eswatini,SWZ,2013,3949.94310039907,5.62130623468948,24.556,Lower-Middle Income,2010s
Syria,SYR,2013,985.892669227054,40.0318378290723,14.5,Low Income,2010s
Chad,TCD,2013,1304.88742971475,0.222671564624551,0.955,Lower-Middle Income,2010s
Togo,TGO,2013,826.542799987227,1.82539475909162,2.084,Low Income,2010s
Thailand,THA,2013,6018.08244729255,2.18488618530687,0.249,Upper-Middle Income,2010s
Tajikistan,TJK,2013,1028.19704279396,5.00964645344951,7.019,Lower-Middle Income,2010s
Timor-Leste,TLS,2013,1204.56843320518,11.0849085109954,3.57,Lower-Middle Income,2010s
Tonga,TON,2013,4219.24670113014,0.77562932236742,1.75,Upper-Middle Income,2010s
Trinidad and Tobago,TTO,2013,21304.9777496628,5.19981740465611,2.683,High Income,2010s
Tunisia,TUN,2013,4369.79345826358,5.31623531326689,15.934,Upper-Middle Income,2010s
Turkiye,TUR,2013,12635.5570016068,7.49309030547693,9.713,High Income,2010s
Tanzania,TZA,2013,963.05712890625,7.87072364573959,2.93,Low Income,2010s
Uganda,UGA,2013,818.285427416713,4.90520875694557,1.91,Low Income,2010s
Ukraine,UKR,2013,4129.89697265625,-0.238948626045407,7.17,Upper-Middle Income,2010s
Uruguay,URY,2013,18335.2594772322,8.57513504005397,6.444,High Income,2010s
United States,USA,2013,53179.0127634561,1.46483265562717,7.375,High Income,2010s
Uzbekistan,UZB,2013,2461.97947403595,11.8414333622049,4.86,Lower-Middle Income,2010s
St. Vincent and the Grenadines,VCT,2013,7072.46737188939,0.805127804267928,19.356,Upper-Middle Income,2010s
Venezuela,VEN,2013,8656.35669723668,40.6394275161589,7.54,Upper-Middle Income,2010s
Viet Nam,VNM,2013,2359.51736472828,6.59267475899192,1.316,Lower-Middle Income,2010s
Vanuatu,VUT,2013,2979.79608084399,1.45893371757921,5.038,Lower-Middle Income,2010s
Samoa,WSM,2013,4023.5254013825,0.61008572090503,8.772,Upper-Middle Income,2010s
Yemen,YEM,2013,1378.75002954928,10.9684421500198,13.673,Lower-Middle Income,2010s
South Africa,ZAF,2013,7331.65467384919,5.78016910069176,24.561,Upper-Middle Income,2010s
Zambia,ZMB,2013,1820.71854827391,6.97767605490307,7.272,Lower-Middle Income,2010s
Zimbabwe,ZWE,2013,1362.99498323368,1.63495041543822,4.948,Lower-Middle Income,2010s
Afghanistan,AFG,2014,625.054941813938,4.67399603536344,7.915,Low Income,2010s
Angola,AGO,2014,5649.68762469139,7.2803873036112,16.372,Upper-Middle Income,2010s
Albania,ALB,2014,4793.59751131525,1.62586504402613,18.055,Upper-Middle Income,2010s
United Arab Emirates,ARE,2014,52725.2358407934,2.34626865671642,1.999,High Income,2010s
Armenia,ARM,2014,3852.11800610384,2.98130868933672,17.498,Lower-Middle Income,2010s
Australia,AUS,2014,62817.2061751737,2.48792932080492,6.078,High Income,2010s
Austria,AUT,2014,51314.9722616322,1.60581182954473,5.674,High Income,2010s
Azerbaijan,AZE,2014,7890.84028062087,1.37344181533176,4.91,Upper-Middle Income,2010s
Burundi,BDI,2014,250.544492155185,4.40535234185293,1.572,Low Income,2010s
Belgium,BEL,2014,47995.7786961339,0.340002833356921,8.523,High Income,2010s
Benin,BEN,2014,1204.39918670094,-0.54875755094818,1.952,Lower-Middle Income,2010s
Burkina Faso,BFA,2014,764.861675106225,-0.258089517535291,4.255,Low Income,2010s
Bangladesh,BGD,2014,1094.46199702838,6.99163889220848,4.417,Lower-Middle Income,2010s
Bulgaria,BGR,2014,8069.60005667684,-1.41818380264839,11.424,Upper-Middle Income,2010s
Bahrain,BHR,2014,26451.7965647453,2.64755321246188,1.144,High Income,2010s
The Bahamas,BHS,2014,29137.2175632622,1.51375643050831,13.8,High Income,2010s
Bosnia and Herzegovina,BIH,2014,5206.06573475132,-0.897194054194333,27.517,Upper-Middle Income,2010s
Belarus,BLR,2014,8341.31809294883,18.1195543526734,5.908,Upper-Middle Income,2010s
Belize,BLZ,2014,6128.12053089077,1.20139964481057,8.244,Upper-Middle Income,2010s
Bolivia,BOL,2014,3041.43503162408,5.76660074579143,2.021,Lower-Middle Income,2010s
Brazil,BRA,2014,12274.9941630213,6.32904015516138,6.755,Upper-Middle Income,2010s
Barbados,BRB,2014,20192.7084081797,1.76950322089728,12.17,High Income,2010s
Brunei Darussalam,BRN,2014,41026.5084247957,-0.207108731719822,6.862,High Income,2010s
Bhutan,BTN,2014,2849.49998647303,8.27106093949327,2.63,Lower-Middle Income,2010s
Botswana,BWA,2014,7122.36423421503,4.40225309243427,18.484,Upper-Middle Income,2010s
Central African Republic,CAF,2014,409.8504859647,14.8986841797549,5.633,Low Income,2010s
Canada,CAN,2014,50960.8431174661,1.90663590717861,7.023,High Income,2010s
Switzerland,CHE,2014,88724.9909402638,-0.0132025387515945,4.826,High Income,2010s
Chile,CHL,2014,14529.6767206336,4.71867527854671,6.761,High Income,2010s
China,CHN,2014,7781.06597484974,1.9216416278852,4.63,Upper-Middle Income,2010s
Cote d'Ivoire,CIV,2014,1991.36539423404,0.448682076766141,3.274,Lower-Middle Income,2010s
Cameroon,CMR,2014,1649.4433905949,1.85489850366776,3.534,Lower-Middle Income,2010s
Democratic Republic of the Congo,COD,2014,489.175952097319,1.24303889760802,4.436,Low Income,2010s
"Congo, Rep.",COG,2014,3601.2365808718,0.912139545450097,19.696,Lower-Middle Income,2010s
Colombia,COL,2014,8187.20824890084,2.89883787761737,8.799,Upper-Middle Income,2010s
Comoros,COM,2014,1615.71723662012,7.54755379096711,3.984,Lower-Middle Income,2010s
Cabo Verde,CPV,2014,3985.60706548134,-0.238778144990623,11.689,Upper-Middle Income,2010s
Costa Rica,CRI,2014,10911.497878334,4.51920098516953,8.499,Upper-Middle Income,2010s
Cyprus,CYP,2014,26993.103515625,-1.35498885446314,16.277,High Income,2010s
Czechia,CZE,2014,20038.4163180257,0.343988589646793,6.108,High Income,2010s
Germany,DEU,2014,48959.5991203133,0.906794000434245,4.979,High Income,2010s
Djibouti,DJI,2014,2214.62084142432,1.34186494340162,26.16,Lower-Middle Income,2010s
Denmark,DNK,2014,62520.4509747011,0.56402054044954,6.925,High Income,2010s
Dominican Republic,DOM,2014,6496.45166971142,2.99864226125218,6.719,Upper-Middle Income,2010s
Algeria,DZA,2014,6094.69392314956,2.91692692067458,10.207,Upper-Middle Income,2010s
Ecuador,ECU,2014,6405.79979300441,3.58922016616663,3.48,Upper-Middle Income,2010s
Egypt,EGY,2014,3133.39102265541,10.0702154687481,13.105,Lower-Middle Income,2010s
Spain,ESP,2014,29707.765509467,-0.151114837527234,24.441,High Income,2010s
Estonia,EST,2014,20581.7898991695,-0.106175146521709,7.352,High Income,2010s
Ethiopia,ETH,2014,549.986577082588,6.89001951597191,2.361,Low Income,2010s
Finland,FIN,2014,50073.7760815871,1.04119621178439,8.663,High Income,2010s
Fiji,FJI,2014,5293.35676680464,0.519306474579106,4.323,Upper-Middle Income,2010s
France,FRA,2014,43148.0459288416,0.507758822937989,10.273,High Income,2010s
Gabon,GAB,2014,9201.36276648105,4.69045751826284,19.873,Upper-Middle Income,2010s
United Kingdom,GBR,2014,47746.2421759562,1.45112016293279,6.398,High Income,2010s
Georgia,GEO,2014,4830.33486170249,3.06881210379543,17.439,Upper-Middle Income,2010s
Ghana,GHA,2014,1949.90832923846,15.4896160333318,4.403,Lower-Middle Income,2010s
Guinea,GIN,2014,765.146999389279,6.1505055670642,5.044,Low Income,2010s
"Gambia, The",GMB,2014,568.00453558864,5.94799935696626,8.191,Low Income,2010s
Guinea-Bissau,GNB,2014,652.022501029449,-1.50924460570494,3.285,Low Income,2010s
Equatorial Guinea,GNQ,2014,15548.6624656619,4.30999866149107,7.669,High Income,2010s
Greece,GRC,2014,21474.7257123892,-1.31226096405525,26.708,High Income,2010s
Guatemala,GTM,2014,3689.14510410202,3.4183616966296,2.717,Lower-Middle Income,2010s
Guyana,GUY,2014,5472.68820452237,0.852630497539914,12.637,Upper-Middle Income,2010s
"Hong Kong SAR, China",HKG,2014,40315.3739510191,4.42364532019699,3.296,High Income,2010s
Honduras,HND,2014,2179.88171977271,6.12924930313022,7.078,Lower-Middle Income,2010s
Croatia,HRV,2014,14186.7295493276,-0.215196159576268,17.209,High Income,2010s
Haiti,HTI,2014,1460.18898613914,3.43816659958601,13.808,Lower-Middle Income,2010s
Hungary,HUN,2014,14352.501883174,-0.227566270988219,7.725,High Income,2010s
Indonesia,IDN,2014,3441.06808464008,6.39492882396559,4.049,Lower-Middle Income,2010s
India,IND,2014,1553.88396075118,6.66565671867899,7.656,Lower-Middle Income,2010s
Ireland,IRL,2014,57214.5379785709,0.190916398713745,11.858,High Income,2010s
Iran,IRN,2014,5672.06372896319,16.6065532357449,10.68,Upper-Middle Income,2010s
Iraq,IRQ,2014,6249.39226978969,2.23597407904679,10.59,Upper-Middle Income,2010s
Iceland,ISL,2014,55140.364935793,2.04461481539333,4.897,High Income,2010s
Israel,ISR,2014,38343.3046626235,0.467557251908503,5.789,High Income,2010s
Italy,ITA,2014,36028.3494022349,0.241047429826756,12.683,High Income,2010s
Jamaica,JAM,2014,4975.11325459872,8.27407886231419,9.046,Upper-Middle Income,2010s
Jordan,JOR,2014,4191.18050084986,2.89947905006057,11.9,Upper-Middle Income,2010s
Japan,JPN,2014,38475.3952461838,2.75922671353253,3.589,High Income,2010s
Kazakhstan,KAZ,2014,12427.7094576939,6.84944977003358,5.06,High Income,2010s
Kenya,KEN,2014,1482.81566253497,6.87815499275949,2.767,Lower-Middle Income,2010s
Kyrgyzstan,KGZ,2014,1264.52668823891,7.5342472977589,4.02,Lower-Middle Income,2010s
Cambodia,KHM,2014,1431.56396469993,3.85568861424207,0.692,Lower-Middle Income,2010s
South Korea,KOR,2014,30667.0912467447,1.27477446401322,3.082,High Income,2010s
Kuwait,KWT,2014,44368.7813457751,2.90892672858625,2.9,High Income,2010s
Laos,LAO,2014,1981.03910900473,4.12924306873771,1.733,Lower-Middle Income,2010s
Lebanon,LBN,2014,7577.6413302369,1.8546042134091,8.84,Upper-Middle Income,2010s
Liberia,LBR,2014,706.714490064507,9.86111285574904,2.079,Low Income,2010s
Libya,LBY,2014,8926.42074591474,2.43294141599225,19.295,Upper-Middle Income,2010s
St. Lucia,LCA,2014,10044.8218377677,3.51695551369241,21.583,Upper-Middle Income,2010s
Sri Lanka,LKA,2014,3972.04375736464,3.1790022823606,4.157,Lower-Middle Income,2010s
Lesotho,LSO,2014,1173.5377928819,5.37028961008587,16.066,Lower-Middle Income,2010s
Lithuania,LTU,2014,16446.1647181663,0.103758009433708,10.698,High Income,2010s
Luxembourg,LUX,2014,123678.702143275,0.628543985440717,6.044,High Income,2010s
Latvia,LVA,2014,15185.814581236,0.620490636732421,10.846,High Income,2010s
"Macao SAR, China",MAC,2014,88355.3181764446,6.04823452094076,1.67,High Income,2010s
Morocco,MAR,2014,3435.40698242188,0.442310053557048,9.7,Lower-Middle Income,2010s
Moldova,MDA,2014,3289.95758568777,5.08878554625869,1.45,Lower-Middle Income,2010s
Madagascar,MDG,2014,505.684922503435,6.08040811088302,1.385,Low Income,2010s
Maldives,MDV,2014,8939.07416571472,2.12000175718134,7.461,Upper-Middle Income,2010s
Mexico,MEX,2014,11391.3773497683,4.01861608078679,4.819,Upper-Middle Income,2010s
North Macedonia,MKD,2014,5925.38592218015,-0.281705032928494,28.215,Upper-Middle Income,2010s
Mali,MLI,2014,947.915033288325,0.883814547137841,1.476,Low Income,2010s
Malta,MLT,2014,27424.5765646694,0.310306472181665,5.737,High Income,2010s
Myanmar,MMR,2014,1293.00042319714,4.953299184844,0.763,Lower-Middle Income,2010s
Montenegro,MNE,2014,7342.17339453427,-0.710514051710227,18.054,Upper-Middle Income,2010s
Mongolia,MNG,2014,4126.23975800524,12.2539808129759,4.798,Upper-Middle Income,2010s
Mozambique,MOZ,2014,697.142680444123,2.55974875844295,3.377,Low Income,2010s
Mauritania,MRT,2014,1713.00865264234,3.53436856147324,10.026,Lower-Middle Income,2010s
Mauritius,MUS,2014,10490.3315563853,3.21769191994684,7.467,Upper-Middle Income,2010s
Malawi,MWI,2014,529.5133440206,23.7920649469687,4.967,Low Income,2010s
Malaysia,MYS,2014,11013.3107334403,3.14299050879095,2.88,Upper-Middle Income,2010s
Namibia,NAM,2014,5378.32326241205,5.35016966859602,18.521,Upper-Middle Income,2010s
New Caledonia,NCL,2014,37816.9558599295,0.178851060785511,14.59,High Income,2010s
Niger,NER,2014,565.30989731175,-0.930287259984466,0.524,Low Income,2010s
Nigeria,NGA,2014,3088.72131316169,8.04741087967907,3.9,Lower-Middle Income,2010s
Nicaragua,NIC,2014,1958.37047579547,6.03596861798425,4.52,Lower-Middle Income,2010s
Netherlands,NLD,2014,53457.2234864322,0.976035079699679,7.419,High Income,2010s
Norway,NOR,2014,97666.6951838749,2.04170286707211,3.486,High Income,2010s
Nepal,NPL,2014,821.455224911731,8.36415469659563,10.62,Low Income,2010s
New Zealand,NZL,2014,44618.266973847,1.227507505974,5.428,High Income,2010s
Oman,OMN,2014,23160.6502252547,1.01401483924156,3.453,High Income,2010s
Pakistan,PAK,2014,1266.61340849959,7.18938402847028,1.827,Lower-Middle Income,2010s
Panama,PAN,2014,13213.1989591137,2.62652699929151,4.391,High Income,2010s
Peru,PER,2014,6667.13410360861,3.41194579807465,3.208,Upper-Middle Income,2010s
Philippines,PHL,2014,2866.83803761407,3.59782343864211,3.6,Lower-Middle Income,2010s
Papua New Guinea,PNG,2014,2723.17529825196,5.22211720226841,2.54,Lower-Middle Income,2010s
Poland,POL,2014,14262.2841914116,0.0538213132399802,8.971,High Income,2010s
Portugal,PRT,2014,22120.6850127107,-0.278153367467428,13.88,High Income,2010s
Paraguay,PRY,2014,6652.25478942461,5.02882767456766,5.034,Upper-Middle Income,2010s
West Bank and Gaza,PSE,2014,3352.11259506043,1.73298510037447,20.526,Lower-Middle Income,2010s
Qatar,QAT,2014,95840.6898934238,3.34972085659523,0.2,High Income,2010s
Romania,ROU,2014,10031.7710755404,1.06830987684298,6.802,Upper-Middle Income,2010s
Russia,RUS,2014,14055.47265625,7.82016970013845,5.212,High Income,2010s
Rwanda,RWA,2014,724.957526520906,2.35449052820358,11.837,Low Income,2010s
Saudi Arabia,SAU,2014,27805.4850319422,2.24185348779063,5.877,High Income,2010s
Sudan,SDN,2014,1275.43835449219,36.9066427863595,15.41,Lower-Middle Income,2010s
Senegal,SEN,2014,1398.89137601382,-1.09025507446895,5.849,Lower-Middle Income,2010s
Singapore,SGP,2014,57564.8023114977,1.03316955857629,3.74,High Income,2010s
Solomon Islands,SLB,2014,2164.95289873002,5.16590237925171,0.73,Lower-Middle Income,2010s
Sierra Leone,SLE,2014,1117.7586465721,4.63931171409667,4.678,Lower-Middle Income,2010s
El Salvador,SLV,2014,3666.01248913873,1.14134467538233,4.154,Lower-Middle Income,2010s
Serbia,SRB,2014,6886.67809068704,2.08244793880154,19.223,Upper-Middle Income,2010s
South Sudan,SSD,2014,1242.73450181032,1.6742990629552,12.561,Lower-Middle Income,2010s
Sao Tome and Principe,STP,2014,1489.67633417608,6.99849943966421,11.428,Lower-Middle Income,2010s
Suriname,SUR,2014,9108.18905406764,3.38341272749477,6.94,Upper-Middle Income,2010s
Slovak Republic,SVK,2014,18770.9289896545,-0.0761653295419871,11.536,High Income,2010s
Slovenia,SVN,2014,24013.0682060959,0.19934382657075,9.668,High Income,2010s
Sweden,SWE,2014,59583.4584491714,-0.179638494114635,7.954,High Income,2010s
Eswatini,SWZ,2014,3771.07228381938,5.68134885776447,23.931,Lower-Middle Income,2010s
Syria,SYR,2014,1060.59105886854,10.9271141804297,14.782,Lower-Middle Income,2010s
Chad,TCD,2014,1278.78981422494,1.6819731392567,0.984,Lower-Middle Income,2010s
Togo,TGO,2014,855.584809246574,0.19087507624975,2.141,Low Income,2010s
Thailand,THA,2014,5801.1978916205,1.8951418189878,0.576,Upper-Middle Income,2010s
Tajikistan,TJK,2014,1081.54402932039,6.10442765129667,7.024,Lower-Middle Income,2010s
Timor-Leste,TLS,2014,1224.74956308733,0.726275016139465,3.618,Lower-Middle Income,2010s
Tonga,TON,2014,4136.59013792529,2.51087633253706,1.914,Upper-Middle Income,2010s
Trinidad and Tobago,TTO,2014,21908.3014555644,5.68441814595659,2.477,High Income,2010s
Tunisia,TUN,2014,4458.97895464547,4.62555099534031,14.259,Upper-Middle Income,2010s
Turkiye,TUR,2014,12209.3862327674,8.85457271364316,9.901,Upper-Middle Income,2010s
Tanzania,TZA,2014,1022.74841308594,6.13161432988012,2.125,Lower-Middle Income,2010s
Uganda,UGA,2014,896.054795546394,3.07570668958641,2.357,Low Income,2010s
Ukraine,UKR,2014,3054.908203125,12.0718562874251,9.27,Lower-Middle Income,2010s
Uruguay,URY,2014,18322.4276767157,8.87735333229828,6.547,High Income,2010s
United States,USA,2014,54973.4207515712,1.62222297740817,6.168,High Income,2010s
Uzbekistan,UZB,2014,2674.9628382103,9.28309356162695,5.09,Lower-Middle Income,2010s
St. Vincent and the Grenadines,VCT,2014,7168.82875342911,0.193858560794015,19.237,Upper-Middle Income,2010s
Venezuela,VEN,2014,7096.22047105512,62.1686499794829,6.821,Upper-Middle Income,2010s
Viet Nam,VNM,2014,2546.38464459903,4.08455446637617,1.256,Lower-Middle Income,2010s
Vanuatu,VUT,2014,2973.09026493408,0.798863838097023,5.137,Lower-Middle Income,2010s
Samoa,WSM,2014,3982.68080202084,-0.40681608842489,8.72,Upper-Middle Income,2010s
Yemen,YEM,2014,1430.16420964026,8.10472583623915,13.467,Lower-Middle Income,2010s
South Africa,ZAF,2014,6856.73137092522,6.13282953059149,24.89,Upper-Middle Income,2010s
Zambia,ZMB,2014,1707.48573136694,7.80687553566333,6.576,Lower-Middle Income,2010s
Zimbabwe,ZWE,2014,1372.91526173161,-0.19778481012661,4.774,Lower-Middle Income,2010s
Afghanistan,AFG,2015,565.569730408751,-0.661709164713741,9.032,Low Income,2010s
Angola,AGO,2015,3641.72893919944,9.35597215533783,16.472,Lower-Middle Income,2010s
Albania,ALB,2015,4199.53912925398,1.89617402592356,17.193,Upper-Middle Income,2010s
United Arab Emirates,ARE,2015,44910.334995523,4.06996608361593,1.793,High Income,2010s
Armenia,ARM,2015,3512.39350276709,3.73169119261693,18.261,Lower-Middle Income,2010s
Australia,AUS,2015,56970.3613028094,1.50836803138463,6.055,High Income,2010s
Austria,AUT,2015,43915.228020857,0.896563335260319,5.802,High Income,2010s
Azerbaijan,AZE,2015,5500.50364628486,4.02768573742725,4.96,Upper-Middle Income,2010s
Burundi,BDI,2015,254.402585226788,5.54468891259779,1.449,Low Income,2010s
Belgium,BEL,2015,40893.804537772,0.561429152790157,8.482,High Income,2010s
Benin,BEN,2015,1002.41886879614,0.218785923536245,1.886,Low Income,2010s
Burkina Faso,BFA,2015,630.124750752312,0.724838981070516,4.472,Low Income,2010s
Bangladesh,BGD,2015,1224.38647668165,6.19428022984983,4.397,Lower-Middle Income,2010s
Bulgaria,BGR,2015,7268.65445473873,-0.104633261008479,9.143,Upper-Middle Income,2010s
Bahrain,BHR,2015,23734.0551143019,1.84862742374976,1.164,High Income,2010s
The Bahamas,BHS,2015,30719.405417469,1.86148302863371,12.0,High Income,2010s
Bosnia and Herzegovina,BIH,2015,4662.25869219448,-1.03602303425474,27.695,Upper-Middle Income,2010s
Belarus,BLR,2015,5967.05595058777,13.5344897649734,5.881,Upper-Middle Income,2010s
Belize,BLZ,2015,6154.62264230369,-0.861584009427747,7.578,Upper-Middle Income,2010s
Bolivia,BOL,2015,2996.01289811344,4.05961041135644,3.111,Lower-Middle Income,2010s
Brazil,BRA,2015,8936.1955889444,9.02990102416136,8.538,Upper-Middle Income,2010s
Barbados,BRB,2015,20424.2087530019,-1.11278992510958,9.803,High Income,2010s
Brunei Darussalam,BRN,2015,30625.1287744656,-0.488347420743522,7.703,High Income,2010s
Bhutan,BTN,2015,2954.04081911097,4.54814395082205,2.45,Lower-Middle Income,2010s
Botswana,BWA,2015,6141.20394726616,3.06203169580557,18.915,Upper-Middle Income,2010s
Central African Republic,CAF,2015,366.322853938121,1.40297017136816,5.775,Low Income,2010s
Canada,CAN,2015,43594.1941045394,1.12524136094277,6.945,High Income,2010s
Switzerland,CHE,2015,83806.4476003837,-1.14390867228178,4.801,High Income,2010s
Chile,CHL,2015,13433.9202987032,4.34877353217044,6.605,High Income,2010s
China,CHN,2015,8175.33285077393,1.43702380935654,4.65,Upper-Middle Income,2010s
Cote d'Ivoire,CIV,2015,1814.71855088017,1.25149954781467,2.573,Lower-Middle Income,2010s
Cameroon,CMR,2015,1415.00009710569,2.67623531419899,3.518,Lower-Middle Income,2010s
Democratic Republic of the Congo,COD,2015,495.826633014883,0.74419899478147,4.441,Low Income,2010s
"Congo, Rep.",COG,2015,2439.35189403696,3.16909796750829,20.02,Lower-Middle Income,2010s
Colombia,COL,2015,6248.51490534512,4.98983115849529,8.572,Upper-Middle Income,2010s
Comoros,COM,2015,1329.37048235986,-0.117173884190069,4.031,Lower-Middle Income,2010s
Cabo Verde,CPV,2015,3415.06266730931,0.131187999024544,11.923,Lower-Middle Income,2010s
Costa Rica,CRI,2015,11714.7105980732,0.801982005099623,8.415,Upper-Middle Income,2010s
Cyprus,CYP,2015,23088.44140625,-2.0969976905311,15.026,High Income,2010s
Czechia,CZE,2015,17931.5987670768,0.309364548494975,5.048,High Income,2010s
Germany,DEU,2015,41929.7549110722,0.514426137125456,4.612,High Income,2010s
Djibouti,DJI,2015,2376.12554719873,-0.522166521445793,26.063,Lower-Middle Income,2010s
Denmark,DNK,2015,53094.0133607574,0.452034153691574,6.278,High Income,2010s
Dominican Republic,DOM,2015,6800.95309395474,0.836746346724556,7.605,Upper-Middle Income,2010s
Algeria,DZA,2015,4685.05902729002,4.78444700693889,11.206,Upper-Middle Income,2010s
Ecuador,ECU,2015,5976.1596805651,3.96664623255357,3.616,Upper-Middle Income,2010s
Egypt,EGY,2015,3306.98159414141,10.370490343517,13.052,Lower-Middle Income,2010s
Spain,ESP,2015,25982.4416197775,-0.500365709903242,22.057,High Income,2010s
Estonia,EST,2015,17722.1557669523,-0.49232600654737,6.412,High Income,2010s
Ethiopia,ETH,2015,597.912113218663,9.56889955968623,2.442,Low Income,2010s
Finland,FIN,2015,42560.3456767103,-0.207928839905268,9.376,High Income,2010s
Fiji,FJI,2015,5097.53106864695,1.37488542621446,4.288,Upper-Middle Income,2010s
France,FRA,2015,36702.4323733379,0.0375143805125181,10.354,High Income,2010s
Gabon,GAB,2015,7047.12654634355,-0.338795188753406,19.943,Upper-Middle Income,2010s
United Kingdom,GBR,2015,45255.3449216209,0.36804684232536,5.552,High Income,2010s
Georgia,GEO,2015,4086.6223465965,4.00357820695097,16.506,Lower-Middle Income,2010s
Ghana,GHA,2015,1722.77282833606,17.1499695007878,6.806,Lower-Middle Income,2010s
Guinea,GIN,2015,747.356966759448,11.7800825029834,5.15,Low Income,2010s
"Gambia, The",GMB,2015,619.536364296461,6.8084549457961,7.226,Low Income,2010s
Guinea-Bissau,GNB,2015,645.066837207039,1.47672048910485,3.168,Low Income,2010s
Equatorial Guinea,GNQ,2015,9068.91003238645,1.67663085315988,7.778,Upper-Middle Income,2010s
Greece,GRC,2015,17980.7298238137,-1.73588804765275,24.981,High Income,2010s
Guatemala,GTM,2015,3893.50533299068,2.3887203283955,2.506,Lower-Middle Income,2010s
Guyana,GUY,2015,5640.41560569466,-1.00173432776374,13.009,Upper-Middle Income,2010s
"Hong Kong SAR, China",HKG,2015,42432.1619740441,2.99084819322581,3.314,High Income,2010s
Honduras,HND,2015,2271.20265980349,3.15783117980923,6.147,Lower-Middle Income,2010s
Croatia,HRV,2015,12283.7840620053,-0.464499004644911,16.15,Upper-Middle Income,2010s
Haiti,HTI,2015,1411.12684746796,6.73184069658997,13.785,Lower-Middle Income,2010s
Hungary,HUN,2015,12782.9412577973,-0.0616446800641672,6.813,High Income,2010s
Indonesia,IDN,2015,3288.22269725538,6.36312061196646,4.514,Lower-Middle Income,2010s
India,IND,2015,1583.99815907985,4.90697344127256,7.629,Lower-Middle Income,2010s
Ireland,IRL,2015,64250.1385181257,-0.330959783371788,9.908,High Income,2010s
Iran,IRN,2015,4952.73355532178,12.4846815611533,11.166,Upper-Middle Income,2010s
Iraq,IRQ,2015,4440.14189252367,1.39333028780309,10.865,Upper-Middle Income,2010s
Iceland,ISL,2015,53505.6964079339,1.63305558181326,3.979,High Income,2010s
Israel,ISR,2015,36213.1041481958,-0.617342577642765,5.176,High Income,2010s
Italy,ITA,2015,30639.8829751432,0.0387903996579733,11.896,High Income,2010s
Jamaica,JAM,2015,5339.30718256806,3.69154228855725,8.825,Upper-Middle Income,2010s
Jordan,JOR,2015,4042.75678097555,-0.876851359704049,13.075,Lower-Middle Income,2010s
Japan,JPN,2015,34960.6393843385,0.795279630579839,3.385,High Income,2010s
Kazakhstan,KAZ,2015,10196.1226255982,6.67828585615236,4.93,Upper-Middle Income,2010s
Kenya,KEN,2015,1489.11959777284,6.58215429284779,2.762,Lower-Middle Income,2010s
Kyrgyzstan,KGZ,2015,1105.65193844261,6.50331838993384,4.138,Lower-Middle Income,2010s
Cambodia,KHM,2015,1547.32010444393,1.22393195511119,0.393,Lower-Middle Income,2010s
South Korea,KOR,2015,30171.7906545222,0.70633177245575,3.546,High Income,2010s
Kuwait,KWT,2015,29882.2126495698,3.27170166092133,2.2,High Income,2010s
Laos,LAO,2015,2121.01339097363,1.27735427102992,2.006,Lower-Middle Income,2010s
Lebanon,LBN,2015,7714.1099998804,-3.74914524799629,9.312,Upper-Middle Income,2010s
Liberia,LBR,2015,692.590082351257,7.74869687621322,2.557,Low Income,2010s
Libya,LBY,2015,7458.48917756374,10.4022933588151,19.69,Upper-Middle Income,2010s
St. Lucia,LCA,2015,10334.9860823918,-0.983600952696996,20.84,Upper-Middle Income,2010s
Sri Lanka,LKA,2015,4057.7158346231,3.76836783062096,4.519,Lower-Middle Income,2010s
Lesotho,LSO,2015,1121.19851342518,3.21844513655931,16.223,Lower-Middle Income,2010s
Lithuania,LTU,2015,14269.8039878287,-0.884097405500596,9.12,High Income,2010s
Luxembourg,LUX,2015,105462.012584423,0.474743161437779,6.796,High Income,2010s
Latvia,LVA,2015,13321.9753140616,0.174242243625186,9.873,High Income,2010s
"Macao SAR, China",MAC,2015,69902.9605741233,4.56056338028173,1.81,High Income,2010s
Morocco,MAR,2015,3146.24780273438,1.5579071134626,9.46,Lower-Middle Income,2010s
Moldova,MDA,2015,2749.55137054338,9.67624033101859,1.781,Lower-Middle Income,2010s
Madagascar,MDG,2015,445.320069480568,7.40419174202129,1.785,Low Income,2010s
Maldives,MDV,2015,9644.90655028145,0.953206658777607,6.611,Upper-Middle Income,2010s
Mexico,MEX,2015,10021.2386118827,2.72064064964023,4.311,Upper-Middle Income,2010s
North Macedonia,MKD,2015,5262.68671928674,-0.299920475631462,26.395,Upper-Middle Income,2010s
Mali,MLI,2015,838.11986940103,1.45069057605961,1.404,Low Income,2010s
Malta,MLT,2015,25529.6813337717,1.10054826378929,5.389,High Income,2010s
Myanmar,MMR,2015,1166.73305547935,9.45417189526018,0.766,Lower-Middle Income,2010s
Montenegro,MNE,2015,6421.00307345999,1.54869158222486,17.555,Upper-Middle Income,2010s
Mongolia,MNG,2015,3838.92126989984,5.73568281938327,4.861,Lower-Middle Income,2010s
Mozambique,MOZ,2015,610.563774706589,3.55075967356746,3.426,Low Income,2010s
Mauritania,MRT,2015,1554.94897871782,3.25472688117631,10.104,Lower-Middle Income,2010s
Mauritius,MUS,2015,9630.5437837507,1.28654970760232,7.41,Upper-Middle Income,2010s
Malawi,MWI,2015,539.605363240686,21.8673475542553,4.953,Low Income,2010s
Malaysia,MYS,2015,9648.6797937523,2.10438980238359,3.1,Upper-Middle Income,2010s
Namibia,NAM,2015,4774.10650865775,3.39401538410559,20.791,Upper-Middle Income,2010s
New Caledonia,NCL,2015,30858.7237060533,0.570508141048402,13.621,High Income,2010s
Niger,NER,2015,485.662574175279,-0.576090369833189,0.556,Low Income,2010s
Nigeria,NGA,2015,2585.73360671797,9.00943498007706,4.134,Lower-Middle Income,2010s
Nicaragua,NIC,2015,2074.45620634731,3.99737996694396,4.7,Lower-Middle Income,2010s
Netherlands,NLD,2015,45793.8135434697,0.600248147278776,6.872,High Income,2010s
Norway,NOR,2015,74809.9658049898,2.17113665389527,4.296,High Income,2010s
Nepal,NPL,2015,875.543635474862,7.86890895590891,10.643,Low Income,2010s
New Zealand,NZL,2015,38665.3723018158,0.292704628136101,5.415,High Income,2010s
Oman,OMN,2015,18808.3077921839,0.0652901330286599,3.403,High Income,2010s
Pakistan,PAK,2015,1380.47020838317,2.52932817254229,3.566,Lower-Middle Income,2010s
Panama,PAN,2015,14082.6548434996,0.137492058461504,4.335,High Income,2010s
Peru,PER,2015,6231.71150338894,3.39809194746308,3.272,Upper-Middle Income,2010s
Philippines,PHL,2015,2909.85818010301,0.674192536845408,3.068,Lower-Middle Income,2010s
Papua New Guinea,PNG,2015,2484.5963398603,5.99595778127107,2.507,Lower-Middle Income,2010s
Poland,POL,2015,12637.5220324406,-0.874125874125862,7.475,Upper-Middle Income,2010s
Portugal,PRT,2015,19215.7813014347,0.48793862390472,12.405,High Income,2010s
Paraguay,PRY,2015,5879.33792308762,3.12900274473925,4.556,Upper-Middle Income,2010s
West Bank and Gaza,PSE,2015,3272.15432360708,1.43161145810476,23.005,Lower-Middle Income,2010s
Qatar,QAT,2015,68985.2433380102,1.8140772393776,0.17,High Income,2010s
Romania,ROU,2015,8977.01748158196,-0.594156437495203,6.812,Upper-Middle Income,2010s
Russia,RUS,2015,9277.7138671875,15.5343959935701,5.615,Upper-Middle Income,2010s
Rwanda,RWA,2015,733.998629882494,2.52850284192421,11.831,Low Income,2010s
Saudi Arabia,SAU,2015,23256.1549553531,1.22269318552328,5.6,High Income,2010s
Sudan,SDN,2015,1292.37963867188,16.9095706050977,14.39,Lower-Middle Income,2010s
Senegal,SEN,2015,1218.00613555438,0.135211933635165,6.757,Lower-Middle Income,2010s
Singapore,SGP,2015,55645.6068614606,-0.521975611895763,3.79,High Income,2010s
Solomon Islands,SLB,2015,2045.47721526649,-0.57446928635949,0.736,Lower-Middle Income,2010s
Sierra Leone,SLE,2015,964.575980888989,6.68943562498681,4.483,Low Income,2010s
El Salvador,SLV,2015,3790.34089108162,-0.731384487387957,3.998,Lower-Middle Income,2010s
Serbia,SRB,2015,5820.3215576888,1.39235822000187,17.66,Upper-Middle Income,2010s
South Sudan,SSD,2015,1080.14718624765,52.7663304192143,12.464,Lower-Middle Income,2010s
Sao Tome and Principe,STP,2015,1298.10946596396,5.24587835022454,10.591,Lower-Middle Income,2010s
Suriname,SUR,2015,8813.61705392067,6.89390359168238,7.22,Upper-Middle Income,2010s
Slovak Republic,SVK,2015,16442.0760860018,-0.325219777427673,11.492,High Income,2010s
Slovenia,SVN,2015,20697.2748530619,-0.525552285820877,8.962,High Income,2010s
Sweden,SWE,2015,51188.1652120493,-0.0467847449832812,7.432,High Income,2010s
Eswatini,SWZ,2015,3419.82276559528,4.95124493704919,23.431,Lower-Middle Income,2010s
Syria,SYR,2015,847.731631942565,38.4611429599733,14.244,Low Income,2010s
Chad,TCD,2015,993.990730610869,4.37712665065654,1.032,Low Income,2010s
Togo,TGO,2015,751.051987587248,2.58500390801595,2.204,Low Income,2010s
Thailand,THA,2015,5688.85335397884,-0.900424963291569,0.597,Upper-Middle Income,2010s
Tajikistan,TJK,2015,956.916310930656,5.7145594964971,7.033,Low Income,2010s
Timor-Leste,TLS,2015,1319.59295003154,0.552796026277853,3.678,Lower-Middle Income,2010s
Tonga,TON,2015,4123.90323993332,-1.05399831971283,2.022,Lower-Middle Income,2010s
Trinidad and Tobago,TTO,2015,19887.2327716498,4.66121598098264,2.428,High Income,2010s
Tunisia,TUN,2015,4014.94773686432,4.437371273215,15.159,Lower-Middle Income,2010s
Turkiye,TUR,2015,11064.6494504662,7.67085364845885,10.304,Upper-Middle Income,2010s
Tanzania,TZA,2015,939.127319335938,5.58816952959298,2.009,Low Income,2010s
Uganda,UGA,2015,862.934610355811,5.58968606251725,2.681,Low Income,2010s
Ukraine,UKR,2015,2094.47387695313,48.6998646434424,9.14,Lower-Middle Income,2010s
Uruguay,URY,2015,17125.9016800298,8.66626987079328,7.488,High Income,2010s
United States,USA,2015,56572.9188996063,0.118627135552451,5.28,High Income,2010s
Uzbekistan,UZB,2015,2803.19018021751,8.75188196737508,5.15,Lower-Middle Income,2010s
St. Vincent and the Grenadines,VCT,2015,7353.73556054184,-1.73361194953959,19.135,Upper-Middle Income,2010s
Venezuela,VEN,2015,4103.1384987005,121.738085297503,6.139,Lower-Middle Income,2010s
Viet Nam,VNM,2015,2577.56885340113,0.631200905175754,1.848,Lower-Middle Income,2010s
Vanuatu,VUT,2015,2854.89412272653,2.48326875660439,5.168,Lower-Middle Income,2010s
Samoa,WSM,2015,4084.36083819933,0.724470134874729,8.901,Lower-Middle Income,2010s
South Africa,ZAF,2015,6112.27382485974,4.51869094892506,25.149,Upper-Middle Income,2010s
Zambia,ZMB,2015,1295.87788680068,10.1105928909618,5.951,Lower-Middle Income,2010s
Zimbabwe,ZWE,2015,1387.12632595026,-2.43096842383404,5.399,Lower-Middle Income,2010s
Afghanistan,AFG,2016,522.082215583898,4.38389195513914,10.116,Low Income,2010s
Angola,AGO,2016,2051.81462126253,30.6944150806719,16.572,Lower-Middle Income,2010s
Albania,ALB,2016,4457.63412207495,1.27543168367423,15.418,Upper-Middle Income,2010s
United Arab Emirates,ARE,2016,42721.0999383185,1.61748808904197,1.64,High Income,2010s
Armenia,ARM,2016,3524.42476874707,-1.40360755900899,17.617,Lower-Middle Income,2010s
Australia,AUS,2016,50084.4440606385,1.27699365720306,5.711,High Income,2010s
Austria,AUT,2016,45061.4993920192,0.891591752655362,6.064,High Income,2010s
Azerbaijan,AZE,2016,3880.6852276838,12.4433748584372,5.0,Lower-Middle Income,2010s
Burundi,BDI,2016,232.937812100153,5.55768961400965,1.352,Low Income,2010s
Belgium,BEL,2016,41854.5498296444,1.97385264653162,7.83,High Income,2010s
Benin,BEN,2016,1010.5338961993,-0.793310145785624,1.834,Low Income,2010s
Burkina Faso,BFA,2016,663.742364842886,0.441041448058809,4.598,Low Income,2010s
Bangladesh,BGD,2016,1649.28380858601,5.51352572692995,4.35,Lower-Middle Income,2010s
Bulgaria,BGR,2016,7822.49923292968,-0.798649886453617,7.575,Upper-Middle Income,2010s
Bahrain,BHR,2016,23800.001440631,2.78679347602044,1.19,High Income,2010s
The Bahamas,BHS,2016,30616.5363157284,-0.346376929989396,12.7,High Income,2010s
Bosnia and Herzegovina,BIH,2016,4928.5665903114,-1.58410000000001,25.408,Upper-Middle Income,2010s
Belarus,BLR,2016,5039.77560949445,11.8365807653496,5.844,Upper-Middle Income,2010s
Belize,BLZ,2016,6140.86713919469,0.663427167917601,7.0,Upper-Middle Income,2010s
Bolivia,BOL,2016,3035.87347732132,3.62321431764138,3.498,Lower-Middle Income,2010s
Brazil,BRA,2016,8836.28546025694,8.73914352329393,11.58,Upper-Middle Income,2010s
Barbados,BRB,2016,20295.5672072046,1.28192813061895,8.247,High Income,2010s
Brunei Darussalam,BRN,2016,26663.2972950602,-0.278693265753083,8.537,High Income,2010s
Bhutan,BTN,2016,3152.30905106786,3.21988689395717,2.707,Lower-Middle Income,2010s
Botswana,BWA,2016,6749.05994339013,2.81495791361943,19.328,Upper-Middle Income,2010s
Central African Republic,CAF,2016,387.176203444318,4.94543276106518,5.793,Low Income,2010s
Canada,CAN,2016,42314.0615817218,1.42875954701085,7.038,High Income,2010s
Switzerland,CHE,2016,82153.0745447889,-0.434618664285814,4.918,High Income,2010s
Chile,CHL,2016,13649.8520452803,3.78619355893118,6.926,High Income,2010s
China,CHN,2016,8254.86859320357,2.00000182191943,4.56,Upper-Middle Income,2010s
Cote d'Ivoire,CIV,2016,1862.59597081287,0.723178457513308,1.896,Lower-Middle Income,2010s
Cameroon,CMR,2016,1441.7201725688,0.874190383288856,3.529,Lower-Middle Income,2010s
Democratic Republic of the Congo,COD,2016,459.765036590388,2.88585107289988,4.528,Low Income,2010s
"Congo, Rep.",COG,2016,2093.10728558843,3.19056179723773,20.298,Lower-Middle Income,2010s
Colombia,COL,2016,5959.84250367574,7.51346024627674,8.922,Upper-Middle Income,2010s
Comoros,COM,2016,1365.48403444497,0.797517430888487,4.117,Lower-Middle Income,2010s
Cabo Verde,CPV,2016,3608.96605234906,-1.40781637091705,12.085,Lower-Middle Income,2010s
Costa Rica,CRI,2016,12091.0301606154,-0.0174788505908217,8.085,Upper-Middle Income,2010s
Cyprus,CYP,2016,24280.056640625,-1.42916666666665,13.006,High Income,2010s
Czechia,CZE,2016,18753.9686718096,0.683504209385702,3.952,High Income,2010s
Germany,DEU,2016,42948.9381932694,0.491747008445174,4.104,High Income,2010s
Djibouti,DJI,2016,2510.4300076241,2.40252905434889,25.982,Lower-Middle Income,2010s
Denmark,DNK,2016,54500.9260410217,0.250000000000031,5.989,High Income,2010s
Dominican Republic,DOM,2016,7160.44200982307,1.61416607245222,7.284,Upper-Middle Income,2010s
Algeria,DZA,2016,4424.98529027556,6.39769480268756,10.202,Upper-Middle Income,2010s
Ecuador,ECU,2016,5917.63771271481,1.72826463324532,4.597,Upper-Middle Income,2010s
Egypt,EGY,2016,3270.6287768197,13.8136062148289,12.45,Lower-Middle Income,2010s
Spain,ESP,2016,26755.6061149398,-0.202598000426452,19.635,High Income,2010s
Estonia,EST,2016,18666.3736521706,0.148684907627372,6.882,High Income,2010s
Ethiopia,ETH,2016,641.651523286233,6.62813337230924,2.556,Low Income,2010s
Finland,FIN,2016,43451.2562442158,0.356684500891695,8.818,High Income,2010s
Fiji,FJI,2016,5363.79026679243,3.86322538221277,4.319,Upper-Middle Income,2010s
France,FRA,2016,37024.2157133669,0.183334861123764,10.057,High Income,2010s
Gabon,GAB,2016,6677.07003901644,2.10670712784054,20.117,Upper-Middle Income,2010s
United Kingdom,GBR,2016,41257.9085545556,1.0084173681141,4.909,High Income,2010s
Georgia,GEO,2016,4143.40125686315,2.13492713939121,16.604,Upper-Middle Income,2010s
Ghana,GHA,2016,1912.47991339951,17.4546347070868,5.256,Lower-Middle Income,2010s
Guinea,GIN,2016,711.996509782316,8.17268112275132,4.997,Low Income,2010s
"Gambia, The",GMB,2016,650.056501323611,7.22879272057922,6.244,Low Income,2010s
Guinea-Bissau,GNB,2016,679.665386626818,1.50312055861088,3.139,Low Income,2010s
Equatorial Guinea,GNQ,2016,7453.19797948517,1.41193915479015,7.798,Upper-Middle Income,2010s
Greece,GRC,2016,17919.2426377048,-0.825653978391033,23.514,High Income,2010s
Guatemala,GTM,2016,4060.13784737643,4.44844199942827,2.583,Lower-Middle Income,2010s
Guyana,GUY,2016,5870.87823759835,0.836008061506207,13.263,Upper-Middle Income,2010s
"Hong Kong SAR, China",HKG,2016,43734.1980702999,2.40930743862224,3.392,High Income,2010s
Honduras,HND,2016,2307.34468351082,2.72461223295289,6.727,Lower-Middle Income,2010s
Croatia,HRV,2016,12820.1653893008,-1.12500000000002,13.015,High Income,2010s
Haiti,HTI,2016,1318.40268167953,11.5029073942666,13.902,Lower-Middle Income,2010s
Hungary,HUN,2016,13215.8605277789,0.394769306686392,5.115,High Income,2010s
Indonesia,IDN,2016,3521.46943457574,3.52580452815451,4.301,Lower-Middle Income,2010s
India,IND,2016,1707.50892912243,4.94821634062141,7.611,Lower-Middle Income,2010s
Ireland,IRL,2016,64129.5571542383,0.0201247735963237,8.374,High Income,2010s
Iran,IRN,2016,5710.59947089104,7.24542548952979,12.618,Upper-Middle Income,2010s
Iraq,IRQ,2016,4334.42096404188,0.556521397155511,10.82,Upper-Middle Income,2010s
Iceland,ISL,2016,62854.0906407932,1.69692761997751,2.978,High Income,2010s
Israel,ISR,2016,37671.5389138798,-0.535168195718695,4.723,High Income,2010s
Italy,ITA,2016,31391.5692898108,-0.09401665691575,11.688,High Income,2010s
Jamaica,JAM,2016,5302.29553353854,2.35102197485846,8.634,Upper-Middle Income,2010s
Jordan,JOR,2016,3986.71677010853,-0.778430463054142,15.275,Lower-Middle Income,2010s
Japan,JPN,2016,39375.4731620781,-0.127258844489754,3.132,High Income,2010s
Kazakhstan,KAZ,2016,7475.56688689424,14.3610942386248,4.96,Upper-Middle Income,2010s
Kenya,KEN,2016,1554.12610314423,6.29724953814625,2.757,Lower-Middle Income,2010s
Kyrgyzstan,KGZ,2016,1103.27489428412,0.388838296895799,4.294,Lower-Middle Income,2010s
Cambodia,KHM,2016,1675.19555711109,3.01913975139128,0.716,Lower-Middle Income,2010s
South Korea,KOR,2016,30832.0628072516,0.971685739912168,3.65,High Income,2010s
Kuwait,KWT,2016,27323.6890735517,3.19839776658374,2.16,High Income,2010s
Laos,LAO,2016,2303.22156035363,1.59691227583204,2.634,Lower-Middle Income,2010s
Lebanon,LBN,2016,8089.012088155,-0.783359624361508,9.794,Upper-Middle Income,2010s
Liberia,LBR,2016,714.613063145659,8.83424868336488,3.081,Low Income,2010s
Libya,LBY,2016,7525.80299308216,25.8538742124461,19.559,Upper-Middle Income,2010s
St. Lucia,LCA,2016,10638.1269396653,-3.07821765676927,19.932,Upper-Middle Income,2010s
Sri Lanka,LKA,2016,4149.19190775593,3.9588884659307,4.242,Upper-Middle Income,2010s
Lesotho,LSO,2016,992.491840678465,6.59650490696543,16.138,Low Income,2010s
Lithuania,LTU,2016,14934.2702840428,0.905525075460342,7.862,High Income,2010s
Luxembourg,LUX,2016,106899.293549552,0.290833333333317,6.669,High Income,2010s
Latvia,LVA,2016,13838.5266823272,0.140633334505327,9.643,High Income,2010s
"Macao SAR, China",MAC,2016,68911.6755919628,2.36895749705898,1.939,High Income,2010s
Morocco,MAR,2016,3140.85546875,1.63531114327064,9.3,Lower-Middle Income,2010s
Moldova,MDA,2016,2847.08794770479,6.35930898037931,1.591,Lower-Middle Income,2010s
Madagascar,MDG,2016,453.970714522463,6.03575858154679,1.949,Low Income,2010s
Maldives,MDV,2016,9947.80744731739,0.502509413611612,5.771,Upper-Middle Income,2010s
Mexico,MEX,2016,9097.92397674769,2.8217078474766,3.853,Upper-Middle Income,2010s
North Macedonia,MKD,2016,5598.48622617967,-0.239290787684501,24.312,Upper-Middle Income,2010s
Mali,MLI,2016,872.468587171653,-1.79964707083386,1.367,Low Income,2010s
Malta,MLT,2016,26459.0770929988,0.642702771527304,4.694,High Income,2010s
Myanmar,MMR,2016,1229.19713491328,6.92882525816076,1.058,Lower-Middle Income,2010s
Montenegro,MNE,2016,6968.01539365317,-0.271385023385176,17.732,Upper-Middle Income,2010s
Mongolia,MNG,2016,3619.90026383792,0.733272227314397,7.235,Lower-Middle Income,2010s
Mozambique,MOZ,2016,441.489734819071,17.4180418197597,3.65,Low Income,2010s
Mauritania,MRT,2016,1565.76575722696,1.47171045650004,10.287,Lower-Middle Income,2010s
Mauritius,MUS,2016,10095.1225574156,0.977675134718965,6.814,Upper-Middle Income,2010s
Malawi,MWI,2016,450.506105510719,21.7111132136499,5.011,Low Income,2010s
Malaysia,MYS,2016,9476.53409809923,2.09056659525742,3.44,Upper-Middle Income,2010s
Namibia,NAM,2016,4395.68776162376,6.72858234593338,23.352,Upper-Middle Income,2010s
New Caledonia,NCL,2016,30782.8544433514,0.578317435520754,12.679,High Income,2010s
Niger,NER,2016,502.706475406446,1.65388922387806,0.55,Low Income,2010s
Nigeria,NGA,2016,2070.4127339595,15.6968126387972,4.499,Lower-Middle Income,2010s
Nicaragua,NIC,2016,2131.68704828322,3.52317317628473,3.9,Lower-Middle Income,2010s
Netherlands,NLD,2016,46808.5291492503,0.316666666666652,6.007,High Income,2010s
Norway,NOR,2016,70867.3609970749,3.55000000000007,4.68,High Income,2010s
Nepal,NPL,2016,877.256454696737,8.7903433200464,10.714,Low Income,2010s
New Zealand,NZL,2016,40113.7195382428,0.646240284454524,5.147,High Income,2010s
Oman,OMN,2016,17110.1897460545,1.10920805807027,3.266,High Income,2010s
Pakistan,PAK,2016,1424.69161195897,3.7651191635658,2.285,Lower-Middle Income,2010s
Panama,PAN,2016,14832.3611652459,0.739734025300033,4.717,High Income,2010s
Peru,PER,2016,6217.03599995447,3.55717663556279,3.741,Upper-Middle Income,2010s
Philippines,PHL,2016,2985.19564024046,1.25369880080982,2.695,Lower-Middle Income,2010s
Papua New Guinea,PNG,2016,2316.39479758492,6.6737288135593,2.478,Lower-Middle Income,2010s
Poland,POL,2016,12464.0110508476,-0.664767331433962,6.141,Upper-Middle Income,2010s
Portugal,PRT,2016,19980.2808866516,0.607397074641719,11.058,High Income,2010s
Paraguay,PRY,2016,5775.15963399596,4.08682280577241,5.255,Upper-Middle Income,2010s
West Bank and Gaza,PSE,2016,3527.61382413178,-0.219106604907316,23.939,Lower-Middle Income,2010s
Qatar,QAT,2016,61253.6217997091,2.6765917009819,0.15,High Income,2010s
Romania,ROU,2016,9404.54005870715,-1.54479666813897,5.901,Upper-Middle Income,2010s
Russia,RUS,2016,8663.158203125,7.04243725413707,5.591,Upper-Middle Income,2010s
Rwanda,RWA,2016,729.519133812945,7.17434301982009,11.788,Low Income,2010s
Saudi Arabia,SAU,2016,22267.7217050387,2.05347076823965,5.6,High Income,2010s
Sudan,SDN,2016,1033.21594238281,17.750253831196,13.656,Low Income,2010s
Senegal,SEN,2016,1266.43957151587,0.837284942557434,4.455,Lower-Middle Income,2010s
Singapore,SGP,2016,57005.5887176547,-0.529809760375464,4.08,High Income,2010s
Solomon Islands,SLB,2016,2082.62383124213,0.512485626268792,0.736,Lower-Middle Income,2010s
Sierra Leone,SLE,2016,844.416411175476,10.8860609413903,4.182,Low Income,2010s
El Salvador,SLV,2016,3901.34014965811,0.60404908699661,4.418,Lower-Middle Income,2010s
Serbia,SRB,2016,5982.37030126471,1.12231397417769,15.257,Upper-Middle Income,2010s
Sao Tome and Principe,STP,2016,1434.87018050521,5.43051966119156,9.684,Lower-Middle Income,2010s
Suriname,SUR,2016,5644.2061057532,55.4123879763196,7.917,Upper-Middle Income,2010s
Slovak Republic,SVK,2016,16636.0769133073,-0.520010196278266,9.679,High Income,2010s
Slovenia,SVN,2016,21447.8377796036,-0.054999541670474,8.0,High Income,2010s
Sweden,SWE,2016,51703.5088332851,0.984269244577992,6.99,High Income,2010s
Eswatini,SWZ,2016,3238.17611961364,7.8472745908568,22.718,Lower-Middle Income,2010s
Syria,SYR,2016,656.3490586313,47.7051615298923,13.798,Low Income,2010s
Chad,TCD,2016,861.831767630746,-0.792440525236102,1.091,Low Income,2010s
Togo,TGO,2016,772.581357620609,1.28544847051417,2.968,Low Income,2010s
Thailand,THA,2016,5833.57715617098,0.188149704448143,0.688,Upper-Middle Income,2010s
Tajikistan,TJK,2016,788.710481734485,6.00458082322139,7.036,Low Income,2010s
Timor-Leste,TLS,2016,1335.54391073349,-1.33853876185163,4.657,Lower-Middle Income,2010s
Tonga,TON,2016,3987.98626206287,2.57815515245081,2.048,Lower-Middle Income,2010s
Trinidad and Tobago,TTO,2016,17449.1538801956,3.07066742464024,3.207,High Income,2010s
Tunisia,TUN,2016,3847.80354448809,3.62939937384381,15.557,Lower-Middle Income,2010s
Turkiye,TUR,2016,10984.3643169061,7.7751341532833,10.899,Upper-Middle Income,2010s
Tanzania,TZA,2016,953.0107421875,5.17476629301493,1.931,Low Income,2010s
Uganda,UGA,2016,752.696571725656,5.70637504616212,3.002,Low Income,2010s
Ukraine,UKR,2016,2158.46118164063,13.9127101997797,9.35,Lower-Middle Income,2010s
Uruguay,URY,2016,17009.7584207276,9.6394134763508,7.841,High Income,2010s
United States,USA,2016,57638.1018367192,1.26158320570536,4.869,High Income,2010s
Uzbekistan,UZB,2016,2753.37951427589,8.130886695236,5.16,Lower-Middle Income,2010s
St. Vincent and the Grenadines,VCT,2016,7656.90042881178,-0.149641647633284,19.029,Upper-Middle Income,2010s
Venezuela,VEN,2016,3670.15737848208,254.948534781816,5.319,Lower-Middle Income,2010s
Viet Nam,VNM,2016,2735.0604380416,2.66824816969082,1.848,Lower-Middle Income,2010s
Vanuatu,VUT,2016,2956.12644801489,0.842069084035061,5.197,Lower-Middle Income,2010s
Samoa,WSM,2016,4147.07097674888,1.30471869303179,9.063,Upper-Middle Income,2010s
South Africa,ZAF,2016,5651.20585165749,6.60290842394872,26.536,Upper-Middle Income,2010s
Zambia,ZMB,2016,1239.08527877713,17.8697300795268,5.244,Lower-Middle Income,2010s
Zimbabwe,ZWE,2016,1408.13945253431,-1.54366960054161,5.896,Lower-Middle Income,2010s
Afghanistan,AFG,2017,525.469770891619,4.97595150553832,11.184,Low Income,2010s
Angola,AGO,2017,2790.71886869768,29.8444799015679,16.617,Lower-Middle Income,2010s
Albania,ALB,2017,5006.36012951959,1.98666133171194,13.616,Upper-Middle Income,2010s
United Arab Emirates,ARE,2017,43733.6192287435,1.96682557818842,2.462,High Income,2010s
Armenia,ARM,2017,3869.05373867752,0.969553268816137,17.704,Lower-Middle Income,2010s
Australia,AUS,2017,54117.547718609,1.94864309065653,5.592,High Income,2010s
Austria,AUT,2017,47163.7425775142,2.08126911385586,5.561,High Income,2010s
Azerbaijan,AZE,2017,4147.1981423222,12.9359184187334,5.0,Upper-Middle Income,2010s
Burundi,BDI,2017,246.060725714184,16.0525353030391,1.25,Low Income,2010s
Belgium,BEL,2017,44035.3239358548,2.12597086002616,7.09,High Income,2010s
Benin,BEN,2017,1054.97408066814,0.0432648555103608,1.691,Lower-Middle Income,2010s
Burkina Faso,BFA,2017,709.091535894695,1.48299897161325,4.662,Low Income,2010s
Bangladesh,BGD,2017,1811.08221668646,5.70207015717238,4.372,Lower-Middle Income,2010s
Bulgaria,BGR,2017,8696.68930427924,2.06159619443141,6.164,Upper-Middle Income,2010s
Bahrain,BHR,2017,24784.7693514607,1.38671830576406,1.18,High Income,2010s
The Bahamas,BHS,2017,31875.4881749619,1.51820700736147,9.8,High Income,2010s
Bosnia and Herzegovina,BIH,2017,5345.01978766473,0.810133321953038,20.527,Upper-Middle Income,2010s
Belarus,BLR,2017,5785.54491935194,6.03183725177785,5.648,Upper-Middle Income,2010s
Belize,BLZ,2017,6071.85451846453,1.14765339305816,6.596,Upper-Middle Income,2010s
Bolivia,BOL,2017,4048.40119739839,2.8227580554717,3.655,Lower-Middle Income,2010s
Brazil,BRA,2017,10080.5078722821,3.44637335032669,12.792,Upper-Middle Income,2010s
Barbados,BRB,2017,20284.5762052461,4.66018463955995,8.62,High Income,2010s
Brunei Darussalam,BRN,2017,28024.3824580252,-1.2605056462896,9.316,High Income,2010s
Bhutan,BTN,2017,3435.28804735662,4.95508366985129,3.027,Lower-Middle Income,2010s
Botswana,BWA,2017,7104.96401088027,3.30828076768219,19.671,Upper-Middle Income,2010s
Central African Republic,CAF,2017,432.324025684263,4.18072331871266,5.836,Low Income,2010s
Canada,CAN,2017,45129.628116623,1.59688412852976,6.426,High Income,2010s
Switzerland,CHE,2017,82254.3769269767,0.533787839825876,4.797,High Income,2010s
Chile,CHL,2017,14879.9086227187,2.18271846868519,7.257,High Income,2010s
China,CHN,2017,8979.67652709856,1.59313600071435,4.47,Upper-Middle Income,2010s
Cote d'Ivoire,CIV,2017,1964.29930338343,0.685881065304603,3.272,Lower-Middle Income,2010s
Cameroon,CMR,2017,1496.08951771242,0.64040914988195,3.573,Lower-Middle Income,2010s
"Congo, Rep.",COG,2017,2211.63309874797,0.450063823285546,20.737,Lower-Middle Income,2010s
Colombia,COL,2017,6479.53231292429,4.3143132569501,9.086,Upper-Middle Income,2010s
Comoros,COM,2017,1423.9248027797,-0.237362224154613,4.049,Lower-Middle Income,2010s
Cabo Verde,CPV,2017,3893.09571382506,0.784415251101334,12.24,Lower-Middle Income,2010s
Costa Rica,CRI,2017,12317.0902771304,1.62590692991731,7.729,Upper-Middle Income,2010s
Cyprus,CYP,2017,26247.44921875,0.531766496174467,11.155,High Income,2010s
Czechia,CZE,2017,20913.197632212,2.4505339846014,2.893,High Income,2010s
Germany,DEU,2017,45553.9341495339,1.50949485109628,3.781,High Income,2010s
Djibouti,DJI,2017,2618.95521147369,0.57728572456066,26.064,Lower-Middle Income,2010s
Denmark,DNK,2017,57521.5514992225,1.14713216957601,5.833,High Income,2010s
Dominican Republic,DOM,2017,7412.71571571512,3.27955694678546,5.832,Upper-Middle Income,2010s
Algeria,DZA,2017,4554.66753957828,5.59111590961663,12.0,Upper-Middle Income,2010s
Ecuador,ECU,2017,6233.32244797718,0.417335588666824,3.836,Upper-Middle Income,2010s
Egypt,EGY,2017,2395.10333299491,29.5066083940038,11.767,Lower-Middle Income,2010s
Spain,ESP,2017,28381.3425596906,1.95607633363963,17.224,High Income,2010s
Estonia,EST,2017,20851.5223496861,3.41723549488054,5.807,High Income,2010s
Ethiopia,ETH,2017,696.348429076216,10.6871150284238,2.665,Low Income,2010s
Finland,FIN,2017,46085.0174739036,0.754015047084346,8.64,High Income,2010s
Fiji,FJI,2017,5826.84814459328,3.34757834757831,4.418,Upper-Middle Income,2010s
France,FRA,2017,38687.1626407164,1.03228275064681,9.409,High Income,2010s
Gabon,GAB,2017,6921.73373135624,2.65192583143902,20.307,Upper-Middle Income,2010s
United Kingdom,GBR,2017,40916.8115070354,2.55775577557747,4.501,High Income,2010s
Georgia,GEO,2017,4418.75206546679,6.03531725272117,13.939,Upper-Middle Income,2010s
Ghana,GHA,2017,2012.28662641265,12.3719215507048,3.369,Lower-Middle Income,2010s
Guinea,GIN,2017,833.598621691121,8.91435947913097,4.86,Low Income,2010s
"Gambia, The",GMB,2017,642.522641296331,8.03418974545911,5.097,Low Income,2010s
Guinea-Bissau,GNB,2017,783.123186602022,1.69111461822298,3.089,Low Income,2010s
Equatorial Guinea,GNQ,2017,7809.10465655488,0.74435474661241,7.843,Upper-Middle Income,2010s
Greece,GRC,2017,18631.9930129293,1.12125452031425,21.413,High Income,2010s
Guatemala,GTM,2017,4324.99768915601,4.42453655182546,2.462,Upper-Middle Income,2010s
Guyana,GUY,2017,6178.6650437298,1.90465615515584,13.466,Upper-Middle Income,2010s
"Hong Kong SAR, China",HKG,2017,46160.429791493,1.49387243939522,3.124,High Income,2010s
Honduras,HND,2017,2413.0076562942,3.93436084442044,5.528,Lower-Middle Income,2010s
Croatia,HRV,2017,13901.7878144679,1.12937210282347,11.078,High Income,2010s
Haiti,HTI,2017,1395.23945184461,10.6800887242584,13.932,Lower-Middle Income,2010s
Hungary,HUN,2017,14736.1668157258,2.34824281150154,4.156,High Income,2010s
Indonesia,IDN,2017,3798.88326174526,3.80879857691949,3.783,Lower-Middle Income,2010s
India,IND,2017,1950.10468280866,3.32817337461298,7.626,Lower-Middle Income,2010s
Ireland,IRL,2017,72161.4047531385,0.362173038229378,6.713,High Income,2010s
Iran,IRN,2017,6000.93346404409,8.04492437660278,12.232,Upper-Middle Income,2010s
Iraq,IRQ,2017,4759.2846435467,0.18405889884769,13.02,Upper-Middle Income,2010s
Iceland,ISL,2017,72976.3729990975,1.76041559180596,2.742,High Income,2010s
Israel,ISR,2017,41138.470964272,0.249807840123008,4.14,High Income,2010s
Italy,ITA,2017,32844.115660604,1.22653316645812,11.211,High Income,2010s
Jamaica,JAM,2017,5605.43541173019,4.37839864991561,7.399,Upper-Middle Income,2010s
Jordan,JOR,2017,4065.61628749384,3.32389447576097,18.12,Lower-Middle Income,2010s
Japan,JPN,2017,38834.0529341227,0.484199796126385,2.822,High Income,2010s
Kazakhstan,KAZ,2017,8943.08416791984,7.44266321306792,4.9,Upper-Middle Income,2010s
Kenya,KEN,2017,1667.48447230835,8.00564967709945,3.542,Lower-Middle Income,2010s
Kyrgyzstan,KGZ,2017,1221.39046807082,3.1753098637994,4.425,Lower-Middle Income,2010s
Cambodia,KHM,2017,1826.35391688754,2.91263557371478,0.141,Lower-Middle Income,2010s
South Korea,KOR,2017,33296.9845439195,1.94433230786366,3.653,High Income,2010s
Kuwait,KWT,2017,29047.6536135703,2.17183298510006,2.23,High Income,2010s
Laos,LAO,2017,2432.43059478511,0.825478607568026,3.268,Lower-Middle Income,2010s
Lebanon,LBN,2017,8608.21084982387,4.32135218303191,10.258,Upper-Middle Income,2010s
Liberia,LBR,2017,699.269095727404,12.4196323907138,3.067,Low Income,2010s
Libya,LBY,2017,9965.83236729757,25.8036184788338,19.053,Upper-Middle Income,2010s
St. Lucia,LCA,2017,11333.1123822102,0.104262078958441,19.136,Upper-Middle Income,2010s
Sri Lanka,LKA,2017,4398.88828068715,7.70413767850602,4.046,Upper-Middle Income,2010s
Lesotho,LSO,2017,1069.36673247542,4.447699373763,16.379,Lower-Middle Income,2010s
Lithuania,LTU,2017,16800.1510246099,3.72288862303707,7.073,High Income,2010s
Luxembourg,LUX,2017,110193.213797228,1.73079959118887,5.523,High Income,2010s
Latvia,LVA,2017,15132.4958333982,2.93036312374665,8.715,High Income,2010s
"Macao SAR, China",MAC,2017,77570.9876166977,1.22812404052809,1.981,High Income,2010s
Morocco,MAR,2017,3296.52661132813,0.754663249323619,9.22,Lower-Middle Income,2010s
Moldova,MDA,2017,3453.26727720294,6.57022997455611,1.622,Lower-Middle Income,2010s
Madagascar,MDG,2017,491.866848718929,8.60905075422949,2.123,Low Income,2010s
Maldives,MDV,2017,10509.628805812,2.81747338234509,5.377,Upper-Middle Income,2010s
Mexico,MEX,2017,9649.27816772402,6.04145724018986,3.419,Upper-Middle Income,2010s
North Macedonia,MKD,2017,5955.2973863451,1.35161889677442,22.857,Upper-Middle Income,2010s
Mali,MLI,2017,924.057531692284,1.75985742927165,1.498,Low Income,2010s
Malta,MLT,2017,30317.2443175543,1.36435448150708,4.008,High Income,2010s
Myanmar,MMR,2017,1272.82241815234,4.5725365531752,1.356,Lower-Middle Income,2010s
Montenegro,MNE,2017,7674.2813940676,2.3802359905313,16.082,Upper-Middle Income,2010s
Mongolia,MNG,2017,3645.96708669551,4.30143105302342,6.359,Lower-Middle Income,2010s
Mozambique,MOZ,2017,470.93856305196,15.1132073899384,3.935,Low Income,2010s
Mauritania,MRT,2017,1615.00401327323,2.25427651934813,10.336,Lower-Middle Income,2010s
Mauritius,MUS,2017,10986.7034093005,3.66699702675925,6.752,Upper-Middle Income,2010s
Malawi,MWI,2017,495.769683367165,11.5433939188771,5.046,Low Income,2010s
Malaysia,MYS,2017,9862.54806612235,3.87120115774237,3.41,Upper-Middle Income,2010s
Namibia,NAM,2017,5143.96072323076,6.14579981111164,21.748,Upper-Middle Income,2010s
Niger,NER,2017,521.804130023434,2.79637318871284,0.556,Low Income,2010s
Nigeria,NGA,2017,1876.34027111773,16.5022662139641,4.83,Lower-Middle Income,2010s
Nicaragua,NIC,2017,2182.61380995674,3.85067166284727,3.3,Lower-Middle Income,2010s
Netherlands,NLD,2017,49513.6817346384,1.38145871407216,4.837,High Income,2010s
Norway,NOR,2017,76131.8384032764,1.87510059552545,4.164,High Income,2010s
Nepal,NPL,2017,1034.28374906846,2.77703998300211,10.66,Low Income,2010s
New Zealand,NZL,2017,42950.3841711138,1.85078767452536,4.736,High Income,2010s
Oman,OMN,2017,17820.0661809335,1.58909413567799,2.523,High Income,2010s
Pakistan,PAK,2017,1519.23459514248,4.08537368032608,3.204,Lower-Middle Income,2010s
Panama,PAN,2017,15694.6297518495,0.875585918759878,5.338,High Income,2010s
Peru,PER,2017,6736.16693725487,2.99490045809443,3.691,Upper-Middle Income,2010s
Philippines,PHL,2017,3038.12124959289,2.85318772590947,2.552,Lower-Middle Income,2010s
Papua New Guinea,PNG,2017,2477.76530986323,5.42204568023834,2.58,Lower-Middle Income,2010s
Poland,POL,2017,13913.3402919927,2.07593553673859,4.867,High Income,2010s
Portugal,PRT,2017,21442.3842768879,1.36861411643472,8.878,High Income,2010s
Paraguay,PRY,2017,6152.2671153779,3.60247741348943,6.138,Upper-Middle Income,2010s
West Bank and Gaza,PSE,2017,3620.36048715937,0.212570934228881,25.677,Lower-Middle Income,2010s
Qatar,QAT,2017,63279.8767486216,0.394878914083005,0.14,High Income,2010s
Romania,ROU,2017,10727.9822007426,1.3390212110439,4.927,Upper-Middle Income,2010s
Russia,RUS,2017,10658.9130859375,3.68333072334495,5.238,Upper-Middle Income,2010s
Rwanda,RWA,2017,758.300966509647,8.27953672260832,11.875,Low Income,2010s
Saudi Arabia,SAU,2017,23929.2907135982,-0.834845735027162,5.89,High Income,2010s
Sudan,SDN,2017,966.505676269531,32.3516260968437,13.0,Low Income,2010s
Senegal,SEN,2017,1356.80518449031,1.31815314847789,4.078,Lower-Middle Income,2010s
Singapore,SGP,2017,61236.251270627,0.576763191179996,4.2,High Income,2010s
Solomon Islands,SLB,2017,2143.57670489272,0.488686760261083,0.727,Lower-Middle Income,2010s
Sierra Leone,SLE,2017,779.186007841728,18.2215094003386,3.656,Low Income,2010s
El Salvador,SLV,2017,4020.12671373919,1.0123540331558,4.385,Lower-Middle Income,2010s
Serbia,SRB,2017,6548.03653824187,3.13106248590115,13.477,Upper-Middle Income,2010s
Sao Tome and Principe,STP,2017,1555.79477812888,5.6902961992902,8.808,Lower-Middle Income,2010s
Suriname,SUR,2017,6049.52128553675,21.9969430173304,7.905,Upper-Middle Income,2010s
Slovak Republic,SVK,2017,17645.5298716761,1.31194588223228,8.142,High Income,2010s
Slovenia,SVN,2017,23303.077705959,1.42910743319306,6.564,High Income,2010s
Sweden,SWE,2017,53210.2233318965,1.79449904665599,6.718,High Income,2010s
Eswatini,SWZ,2017,3853.09956569679,6.22137528933118,24.543,Lower-Middle Income,2010s
Syria,SYR,2017,851.502005254153,18.0752696281771,13.603,Low Income,2010s
Chad,TCD,2017,854.46120040098,-1.5370996298084,1.132,Low Income,2010s
Togo,TGO,2017,792.765700965864,-0.981889868943119,3.744,Low Income,2010s
Thailand,THA,2017,6413.09182530343,0.665631893135106,0.83,Upper-Middle Income,2010s
Timor-Leste,TLS,2017,1266.17771143471,0.557215537430361,4.254,Lower-Middle Income,2010s
Tonga,TON,2017,4365.92932788383,7.51706283551115,2.137,Upper-Middle Income,2010s
Trinidad and Tobago,TTO,2017,17566.0999700656,1.88038440183532,3.389,High Income,2010s
Tunisia,TUN,2017,3619.03247319953,5.30884839565844,15.33,Lower-Middle Income,2010s
Turkiye,TUR,2017,10756.3877677883,11.1443110840764,10.919,Upper-Middle Income,2010s
Tanzania,TZA,2017,986.674011230469,5.31871605228931,1.854,Low Income,2010s
Uganda,UGA,2017,765.218332297361,5.20971705914209,3.428,Low Income,2010s
Ukraine,UKR,2017,2604.28759765625,14.4383227488749,9.5,Lower-Middle Income,2010s
Uruguay,URY,2017,19184.6502617082,6.2180938256186,7.89,High Income,2010s
United States,USA,2017,59635.0984397965,2.13011000365961,4.355,High Income,2010s
Uzbekistan,UZB,2017,2190.60411562888,13.8757425441635,5.83,Lower-Middle Income,2010s
St. Vincent and the Grenadines,VCT,2017,7988.04445019298,2.15333648840511,19.024,Upper-Middle Income,2010s
Viet Nam,VNM,2017,2956.10992127753,3.52025688811617,1.874,Lower-Middle Income,2010s
Vanuatu,VUT,2017,3159.86055790126,3.08452624403546,5.247,Lower-Middle Income,2010s
Samoa,WSM,2017,4307.59381964907,1.74989677484705,9.4,Upper-Middle Income,2010s
South Africa,ZAF,2017,6618.33508255701,5.18618655524149,27.035,Upper-Middle Income,2010s
Zambia,ZMB,2017,1483.46577328065,6.57731154205644,4.529,Lower-Middle Income,2010s
Zimbabwe,ZWE,2017,3445.44941020134,0.893962316050027,6.35,Lower-Middle Income,2010s
Afghanistan,AFG,2018,491.337221382603,0.626149149168846,11.192,Low Income,2010s
Angola,AGO,2018,2860.0936483682,19.628937970152,16.602,Lower-Middle Income,2010s
Albania,ALB,2018,5897.65452588774,2.02805963071134,12.304,Upper-Middle Income,2010s
United Arab Emirates,ARE,2018,47135.3591943971,3.06863379251996,2.236,High Income,2010s
Argentina,ARG,2018,11752.7998922979,34.2772237131003,9.22,Upper-Middle Income,2010s
Armenia,ARM,2018,4196.00562301769,2.52023382001637,18.966,Upper-Middle Income,2010s
Australia,AUS,2018,57410.1737346009,1.91140002818579,5.345,High Income,2010s
Austria,AUT,2018,51194.0749841299,1.99837981429548,4.933,High Income,2010s
Azerbaijan,AZE,2018,4739.7943123408,2.26854690373999,4.9,Upper-Middle Income,2010s
Burundi,BDI,2018,245.661678332009,-2.81469807668465,1.147,Low Income,2010s
Belgium,BEL,2018,47487.2100392561,2.05316499865177,5.941,High Income,2010s
Benin,BEN,2018,1151.7409703472,0.919170717886053,1.426,Lower-Middle Income,2010s
Burkina Faso,BFA,2018,777.465618514048,1.95594302672532,4.695,Low Income,2010s
Bangladesh,BGD,2018,1965.24372731467,5.54362139486476,4.439,Lower-Middle Income,2010s
Bulgaria,BGR,2018,9849.38397225174,2.81454473824838,5.211,Upper-Middle Income,2010s
Bahrain,BHR,2018,26324.4066549559,2.08766938046978,1.188,High Income,2010s
The Bahamas,BHS,2018,32642.3353203452,2.26586346678735,10.0,High Income,2010s
Bosnia and Herzegovina,BIH,2018,6047.84707207392,1.41710814018033,18.4,Upper-Middle Income,2010s
Belarus,BLR,2018,6360.037502312,4.87230220550689,4.763,Upper-Middle Income,2010s
Belize,BLZ,2018,6011.99036888587,0.269982622646335,9.346,Upper-Middle Income,2010s
Bolivia,BOL,2018,4206.8552936661,2.27205987230154,3.519,Upper-Middle Income,2010s
Brazil,BRA,2018,9300.66072904004,3.66485028376728,12.329,Upper-Middle Income,2010s
Barbados,BRB,2018,21381.2426303209,3.1060057242059,8.321,High Income,2010s
Brunei Darussalam,BRN,2018,30988.1190267227,1.02505179290212,8.7,High Income,2010s
Bhutan,BTN,2018,3400.20417245342,2.72396386183713,3.35,Lower-Middle Income,2010s
Botswana,BWA,2018,7407.95940141786,3.23801558947715,19.665,Upper-Middle Income,2010s
Central African Republic,CAF,2018,455.243962859534,1.61215686991555,5.825,Low Income,2010s
Canada,CAN,2018,46539.1761570405,2.26822567248103,5.837,High Income,2010s
Switzerland,CHE,2018,85217.3691512274,0.936335464113572,4.713,High Income,2010s
Chile,CHL,2018,15659.4808675628,2.43488981353057,7.623,High Income,2010s
China,CHN,2018,10085.6638148819,2.07479039965576,4.31,Upper-Middle Income,2010s
Cote d'Ivoire,CIV,2018,2130.86619381144,0.401297817263547,2.852,Lower-Middle Income,2010s
Cameroon,CMR,2018,1610.69641591017,1.0688581131292,3.608,Lower-Middle Income,2010s
"Congo, Rep.",COG,2018,2694.43413191427,1.15277896375523,20.84,Lower-Middle Income,2010s
Colombia,COL,2018,6816.96818309544,3.24056932930569,9.36,Upper-Middle Income,2010s
Comoros,COM,2018,1527.40527125285,2.15155084413033,3.975,Lower-Middle Income,2010s
Cabo Verde,CPV,2018,4294.96510035729,1.25615185860785,12.17,Upper-Middle Income,2010s
Costa Rica,CRI,2018,12590.2493781614,2.2211146152658,9.01,Upper-Middle Income,2010s
Cyprus,CYP,2018,29120.375,1.43549119531759,8.504,High Income,2010s
Czechia,CZE,2018,23705.9329811299,2.14949494949492,2.246,High Income,2010s
Germany,DEU,2018,48916.1686612154,1.73216879766941,3.384,High Income,2010s
Djibouti,DJI,2018,2718.08338799203,0.138836400011405,26.18,Lower-Middle Income,2010s
Denmark,DNK,2018,61324.7665045565,0.813609467455631,5.131,High Income,2010s
Dominican Republic,DOM,2018,7882.98221584944,3.56443426013507,5.861,Upper-Middle Income,2010s
Algeria,DZA,2018,4577.21029180491,4.26999020467083,12.112,Upper-Middle Income,2010s
Ecuador,ECU,2018,6303.91886658338,-0.224103246005552,3.53,Upper-Middle Income,2010s
Egypt,EGY,2018,2484.70315630508,14.4014657807421,9.855,Lower-Middle Income,2010s
Spain,ESP,2018,30602.4212881113,1.6749813686379,15.255,High Income,2010s
Estonia,EST,2018,23618.1361254581,3.43632688420446,5.412,High Income,2010s
Ethiopia,ETH,2018,739.702022272086,13.8330356586661,2.811,Low Income,2010s
Finland,FIN,2018,49654.2497035329,1.08382098409305,7.361,High Income,2010s
Fiji,FJI,2018,6085.41979485376,4.08147637644542,4.523,Upper-Middle Income,2010s
France,FRA,2018,41418.1766484844,1.85081508315492,9.018,High Income,2010s
Gabon,GAB,2018,7624.2775233771,4.74906652083221,20.459,Upper-Middle Income,2010s
United Kingdom,GBR,2018,43702.9976303165,2.29283990345938,4.145,High Income,2010s
Georgia,GEO,2018,4804.0546040444,2.6152447139767,12.667,Upper-Middle Income,2010s
Ghana,GHA,2018,2195.32166016377,7.80876516610703,3.204,Lower-Middle Income,2010s
Guinea,GIN,2018,933.273615633705,9.82761701259191,4.835,Low Income,2010s
"Gambia, The",GMB,2018,696.219806960615,6.52096823946573,4.055,Low Income,2010s
Guinea-Bissau,GNB,2018,808.531613218504,0.381324702790992,3.127,Low Income,2010s
Equatorial Guinea,GNQ,2018,8102.47084834031,1.06007410662171,7.818,Upper-Middle Income,2010s
Greece,GRC,2018,19873.4015238771,0.62562141345364,19.179,High Income,2010s
Guatemala,GTM,2018,4352.94593289707,3.75186186704508,2.283,Upper-Middle Income,2010s
Guyana,GUY,2018,6048.38697180418,1.28284288443528,13.627,Upper-Middle Income,2010s
"Hong Kong SAR, China",HKG,2018,48537.5668888343,2.40613432046534,2.805,High Income,2010s
Honduras,HND,2018,2464.64241531918,4.34734937777528,5.648,Lower-Middle Income,2010s
Croatia,HRV,2018,15460.3669595491,1.50012501041756,8.322,High Income,2010s
Haiti,HTI,2018,1496.38048970156,12.4814111170435,13.934,Lower-Middle Income,2010s
Hungary,HUN,2018,16605.0570511887,2.85024792594646,3.667,High Income,2010s
Indonesia,IDN,2018,3860.95353090726,3.19834755924996,4.387,Lower-Middle Income,2010s
India,IND,2018,1966.25455171679,3.9388264669163,7.652,Lower-Middle Income,2010s
Ireland,IRL,2018,80804.1123164826,0.471130713712916,5.741,High Income,2010s
Iran,IRN,2018,4783.01067340237,18.0141183371874,12.195,Upper-Middle Income,2010s
Iraq,IRQ,2018,5646.68932074742,0.367441488936849,13.458,Upper-Middle Income,2010s
Iceland,ISL,2018,75633.8651351915,2.68291768267392,2.704,High Income,2010s
Israel,ISR,2018,42362.6652754196,0.805060379528526,3.917,High Income,2010s
Italy,ITA,2018,34904.1081923834,1.13748763600391,10.538,High Income,2010s
Jamaica,JAM,2018,5976.90362644337,3.73663882152163,5.47,Upper-Middle Income,2010s
Jordan,JOR,2018,4145.43989673265,4.46231108475481,18.257,Upper-Middle Income,2010s
Japan,JPN,2018,39751.1330982711,0.989094598021848,2.467,High Income,2010s
Kazakhstan,KAZ,2018,9472.48527327758,6.16366247577762,4.85,Upper-Middle Income,2010s
Kenya,KEN,2018,1836.45275528993,4.6898064677633,4.284,Lower-Middle Income,2010s
Kyrgyzstan,KGZ,2018,1283.5203037417,1.54266145238436,4.559,Lower-Middle Income,2010s
Cambodia,KHM,2018,2036.67377566578,2.45908515380146,0.129,Lower-Middle Income,2010s
South Korea,KOR,2018,35363.9508228687,1.47583935002645,3.824,High Income,2010s
Kuwait,KWT,2018,32067.9623756889,0.543133148199567,2.202,High Income,2010s
Laos,LAO,2018,2545.1075420815,2.04039266890201,2.897,Lower-Middle Income,2010s
Lebanon,LBN,2018,9174.53666204759,6.07698907889607,10.755,Upper-Middle Income,2010s
Liberia,LBR,2018,692.203127129794,23.5635148953742,3.058,Low Income,2010s
Libya,LBY,2018,11196.5854810844,13.1702038536721,18.865,Upper-Middle Income,2010s
St. Lucia,LCA,2018,11642.6984727769,1.93561893150602,19.329,Upper-Middle Income,2010s
Sri Lanka,LKA,2018,4358.56095906047,2.135037737132,4.318,Upper-Middle Income,2010s
Lesotho,LSO,2018,1170.65569702819,4.7518030162474,16.614,Lower-Middle Income,2010s
Lithuania,LTU,2018,19247.2315367967,2.69792779208394,6.147,High Income,2010s
Luxembourg,LUX,2018,116926.759593905,1.5281952430738,5.589,High Income,2010s
Latvia,LVA,2018,17252.1710428626,2.53445424186598,7.412,High Income,2010s
"Macao SAR, China",MAC,2018,83588.2875009014,3.00446293166953,1.803,High Income,2010s
Morocco,MAR,2018,3501.69799804688,1.80391671141896,9.272,Lower-Middle Income,2010s
Moldova,MDA,2018,4156.44981956646,3.04505397337071,1.239,Upper-Middle Income,2010s
Madagascar,MDG,2018,500.45718552916,8.59422958870476,2.303,Low Income,2010s
Maldives,MDV,2018,11423.2838427029,-0.133373386117595,4.962,Upper-Middle Income,2010s
Mexico,MEX,2018,10084.7937562021,4.89935015356551,3.275,Upper-Middle Income,2010s
North Macedonia,MKD,2018,6713.98925398989,1.45831298507126,21.208,Upper-Middle Income,2010s
Mali,MLI,2018,996.379292136901,0.299546507387843,1.62,Low Income,2010s
Malta,MLT,2018,33382.2677499267,1.15782362451517,3.956,High Income,2010s
Myanmar,MMR,2018,1298.21310327675,6.87232865662935,0.767,Lower-Middle Income,2010s
Montenegro,MNE,2018,8673.59128084795,2.611223782638,15.19,Upper-Middle Income,2010s
Mongolia,MNG,2018,4107.64288528468,6.82424790145522,5.377,Lower-Middle Income,2010s
Mozambique,MOZ,2018,517.507260258101,3.91133439990729,4.21,Low Income,2010s
Mauritania,MRT,2018,1722.93528854073,3.06735996058356,10.411,Lower-Middle Income,2010s
Mauritius,MUS,2018,11818.7480619272,3.2160538314457,6.426,Upper-Middle Income,2010s
Malawi,MWI,2018,533.202567189331,12.420178108921,5.021,Low Income,2010s
Malaysia,MYS,2018,10901.8019954421,0.884709160571235,3.3,Upper-Middle Income,2010s
Namibia,NAM,2018,5308.60813408705,4.29159105337875,19.877,Upper-Middle Income,2010s
Niger,NER,2018,578.568035680892,2.96760366004456,0.536,Low Income,2010s
Nigeria,NGA,2018,2057.87944554011,12.0951065173432,5.069,Lower-Middle Income,2010s
Nicaragua,NIC,2018,2035.16549390507,4.94723728039886,5.2,Lower-Middle Income,2010s
Netherlands,NLD,2018,53955.0770024266,1.70349794744479,3.832,High Income,2010s
Norway,NOR,2018,82792.8427113304,2.76483134528797,3.801,High Income,2010s
Nepal,NPL,2018,1179.19843190389,4.40659410175714,10.593,Lower-Middle Income,2010s
New Zealand,NZL,2018,43257.0769238879,1.59829703801696,4.335,High Income,2010s
Oman,OMN,2018,19901.7615642016,0.889312370970404,1.8,High Income,2010s
Pakistan,PAK,2018,1569.33814626355,5.07805725868917,4.083,Lower-Middle Income,2010s
Panama,PAN,2018,16151.3273433486,0.761578359399944,5.161,High Income,2010s
Peru,PER,2018,6978.49121548627,1.50915423024742,3.492,Upper-Middle Income,2010s
Philippines,PHL,2018,3168.51036609727,5.30934661627707,2.338,Lower-Middle Income,2010s
Papua New Guinea,PNG,2018,2566.36833735041,4.37448921453162,2.65,Lower-Middle Income,2010s
Poland,POL,2018,15658.2120316794,1.81295156542689,3.835,High Income,2010s
Portugal,PRT,2018,23541.1401075289,0.993715683468326,6.966,High Income,2010s
Paraguay,PRY,2018,6258.44991640984,3.97561015740694,6.217,Upper-Middle Income,2010s
West Bank and Gaza,PSE,2018,3562.33094270256,-0.195107773730735,26.256,Lower-Middle Income,2010s
Qatar,QAT,2018,71039.9308240078,0.255815382724408,0.11,High Income,2010s
Romania,ROU,2018,12416.134317959,4.62548443137779,4.187,Upper-Middle Income,2010s
Russia,RUS,2018,11211.8876953125,2.87831382614981,4.871,Upper-Middle Income,2010s
Rwanda,RWA,2018,771.773511207309,-0.311210160390699,10.759,Low Income,2010s
Saudi Arabia,SAU,2018,29360.0658968566,2.46594308994843,6.029,High Income,2010s
Sudan,SDN,2018,731.027465820313,63.2925073455888,12.347,Low Income,2010s
Senegal,SEN,2018,1452.55612562445,0.460985642464188,3.453,Lower-Middle Income,2010s
Singapore,SGP,2018,66881.6067035265,0.438784215129623,3.613,High Income,2010s
Solomon Islands,SLB,2018,2278.19908624102,3.46147484973729,0.722,Lower-Middle Income,2010s
Sierra Leone,SLE,2018,845.914540460932,16.0295447693699,3.192,Low Income,2010s
El Salvador,SLV,2018,4183.54620971358,1.09033000581892,4.006,Upper-Middle Income,2010s
Serbia,SRB,2018,7559.86165747394,1.95984076293801,12.733,Upper-Middle Income,2010s
Sao Tome and Principe,STP,2018,1825.59971753966,7.86859628873909,8.712,Lower-Middle Income,2010s
Slovak Republic,SVK,2018,19573.3717031314,2.51403712883812,6.544,High Income,2010s
Slovenia,SVN,2018,25888.0481065655,1.7386086198818,5.108,High Income,2010s
Sweden,SWE,2018,54018.4554391861,1.95353530127028,6.365,High Income,2010s
Eswatini,SWZ,2018,3972.65450620357,4.81506167461513,26.471,Lower-Middle Income,2010s
Syria,SYR,2018,1098.0668642357,0.940983843906769,13.505,Lower-Middle Income,2010s
Chad,TCD,2018,948.656629871231,4.27462198610545,1.135,Low Income,2010s
Togo,TGO,2018,851.120561233595,0.927755426457183,2.9,Low Income,2010s
Thailand,THA,2018,7099.77650081458,1.06389754183024,0.765,Upper-Middle Income,2010s
Timor-Leste,TLS,2018,1219.46599728983,2.63647201015892,3.765,Lower-Middle Income,2010s
Tonga,TON,2018,4675.04791274385,5.03209691984874,2.248,Upper-Middle Income,2010s
Trinidad and Tobago,TTO,2018,17571.498737278,1.01856930188822,3.497,High Income,2010s
Tunisia,TUN,2018,3628.10366464236,7.30759176031652,15.459,Lower-Middle Income,2010s
Turkiye,TUR,2018,9684.11819884721,16.3324638988929,10.956,Upper-Middle Income,2010s
Tanzania,TZA,2018,1023.10626220703,3.49445848856181,1.792,Low Income,2010s
Uganda,UGA,2018,792.16570022814,2.61601190952274,3.249,Low Income,2010s
Ukraine,UKR,2018,3059.0517578125,10.9518559353178,8.799,Lower-Middle Income,2010s
Uruguay,URY,2018,19249.9404677501,7.60653360377047,8.336,High Income,2010s
United States,USA,2018,62499.8744390068,2.44258329692817,3.896,High Income,2010s
Uzbekistan,UZB,2018,1813.08530813664,17.5241796514055,5.392,Lower-Middle Income,2010s
St. Vincent and the Grenadines,VCT,2018,8428.12677153069,2.32414485367921,19.005,Upper-Middle Income,2010s
Viet Nam,VNM,2018,3222.31003125366,3.53962805942641,1.161,Lower-Middle Income,2010s
Vanuatu,VUT,2018,3206.65748718811,2.33096379566866,5.353,Lower-Middle Income,2010s
Samoa,WSM,2018,4231.81409469194,4.19745888663752,8.649,Upper-Middle Income,2010s
South Africa,ZAF,2018,6914.1780318076,4.50987264867388,26.906,Upper-Middle Income,2010s
Zambia,ZMB,2018,1463.89997855593,7.4945719272852,5.032,Lower-Middle Income,2010s
Zimbabwe,ZWE,2018,2270.89531874302,10.6188658669575,6.788,Lower-Middle Income,2010s
Afghanistan,AFG,2019,496.6025042585,2.30237251516833,11.187,Low Income,2010s
Angola,AGO,2019,2493.67884440177,17.080954143438,16.497,Lower-Middle Income,2010s
Albania,ALB,2019,6069.43903131027,1.41109078954242,11.466,Upper-Middle Income,2010s
United Arab Emirates,ARE,2019,45938.6073581994,-1.93108114782172,2.331,High Income,2010s
Argentina,ARG,2019,9955.97478680428,53.5483043492339,9.843,Upper-Middle Income,2010s
Armenia,ARM,2019,4597.22887399548,1.44344660770698,18.304,Upper-Middle Income,2010s
Australia,AUS,2019,55194.7585097428,1.610770929127,5.143,High Income,2010s
Austria,AUT,2019,49885.9947355204,1.53089564152643,4.56,High Income,2010s
Azerbaijan,AZE,2019,4805.75371765917,2.61057182799215,5.0,Upper-Middle Income,2010s
Burundi,BDI,2019,234.31061590725,-0.686772170797358,1.043,Low Income,2010s
Belgium,BEL,2019,46716.6227467964,1.43681956996438,5.364,High Income,2010s
Benin,BEN,2019,1130.82135339795,0.732849371241066,1.214,Lower-Middle Income,2010s
Burkina Faso,BFA,2019,764.853077774946,-3.23338933983321,4.493,Low Income,2010s
Bangladesh,BGD,2019,2129.79896954606,5.59199639930629,4.504,Lower-Middle Income,2010s
Bulgaria,BGR,2019,10353.7204584127,3.10372944796771,4.148,Upper-Middle Income,2010s
Bahrain,BHR,2019,27259.7438599327,1.00582004702136,1.217,High Income,2010s
The Bahamas,BHS,2019,33640.3369861278,2.49123527368045,9.336,High Income,2010s
Bosnia and Herzegovina,BIH,2019,6122.37541352353,0.56278215406123,15.692,Upper-Middle Income,2010s
Belarus,BLR,2019,6837.77339645635,5.59815595039853,4.165,Upper-Middle Income,2010s
Belize,BLZ,2019,6171.61449761423,0.187069385181424,9.053,Upper-Middle Income,2010s
Bolivia,BOL,2019,4203.15492855788,1.83954504969025,3.682,Upper-Middle Income,2010s
Brazil,BRA,2019,9029.83304401079,3.73297621216893,11.936,Upper-Middle Income,2010s
Barbados,BRB,2019,21912.1501242857,1.67662473276987,8.41,High Income,2010s
Brunei Darussalam,BRN,2019,30426.5730656528,-0.390522069165529,6.6,High Income,2010s
Bhutan,BTN,2019,3576.87987100503,2.72643037388832,2.72,Lower-Middle Income,2010s
Botswana,BWA,2019,7172.08956480028,2.7728644286332,20.094,Upper-Middle Income,2010s
Central African Republic,CAF,2019,449.228467602439,2.68537355266786,5.916,Low Income,2010s
Canada,CAN,2019,46352.8693445211,1.94926902411592,5.69,High Income,2010s
Switzerland,CHE,2019,84121.9310304414,0.362886179940674,4.394,High Income,2010s
Chile,CHL,2019,14495.716721687,2.55754475703326,7.493,High Income,2010s
China,CHN,2019,10342.9009524335,2.89923416358226,4.56,Upper-Middle Income,2010s
Cote d'Ivoire,CIV,2019,2141.76836170115,0.79085551205366,2.401,Lower-Middle Income,2010s
Cameroon,CMR,2019,1555.22660476477,2.45280214062732,3.632,Lower-Middle Income,2010s
"Congo, Rep.",COG,2019,2488.42466724916,2.20607305781525,20.494,Lower-Middle Income,2010s
Colombia,COL,2019,6472.54544924705,3.52301932741446,10.28,Upper-Middle Income,2010s
Comoros,COM,2019,1510.23218151592,3.58213544469211,3.926,Lower-Middle Income,2010s
Cabo Verde,CPV,2019,4380.78117331128,1.10750930553819,12.123,Upper-Middle Income,2010s
Costa Rica,CRI,2019,12884.6859951989,2.09604635327807,10.807,High Income,2010s
Cyprus,CYP,2019,29227.173828125,0.250370996758493,7.155,High Income,2010s
Czechia,CZE,2019,24062.7190013343,2.84787595918041,2.015,High Income,2010s
Germany,DEU,2019,47656.199739747,1.44565976888253,3.163,High Income,2010s
Djibouti,DJI,2019,2837.16902340932,3.31763203299602,26.257,Lower-Middle Income,2010s
Denmark,DNK,2019,59404.2663247723,0.75813157251162,5.018,High Income,2010s
Dominican Republic,DOM,2019,8183.01623600375,1.81060377042959,6.356,Upper-Middle Income,2010s
Algeria,DZA,2019,4468.45341883656,1.95176821052891,12.302,Upper-Middle Income,2010s
Ecuador,ECU,2019,6205.05765246766,0.266012515466155,3.812,Upper-Middle Income,2010s
Egypt,EGY,2019,2962.98892023003,9.15279959324803,7.851,Lower-Middle Income,2010s
Spain,ESP,2019,29786.5245689007,0.699518994458738,14.104,High Income,2010s
Estonia,EST,2019,24021.2501413306,2.27725931243522,4.514,High Income,2010s
Ethiopia,ETH,2019,793.473247210264,15.8096321719344,2.928,Low Income,2010s
Finland,FIN,2019,48358.1807773701,1.0240939296343,6.695,High Income,2010s
Fiji,FJI,2019,5842.07344577597,1.79388647514555,4.661,Upper-Middle Income,2010s
France,FRA,2019,40408.2848574751,1.10825492288293,8.415,High Income,2010s
Gabon,GAB,2019,7441.1786472281,2.46456756151187,20.371,Upper-Middle Income,2010s
United Kingdom,GBR,2019,43158.7411267323,1.73810460086513,3.657,High Income,2010s
Georgia,GEO,2019,4741.2832715876,4.85289821696723,11.565,Upper-Middle Income,2010s
Ghana,GHA,2019,2186.65822682613,7.14364003330857,3.067,Lower-Middle Income,2010s
Guinea,GIN,2019,1031.34146480732,9.47001039253012,5.018,Low Income,2010s
"Gambia, The",GMB,2019,738.186751987483,7.11567625631192,4.481,Low Income,2010s
Guinea-Bissau,GNB,2019,811.216425885129,0.24660026814783,2.413,Low Income,2010s
Equatorial Guinea,GNQ,2019,6804.14923073888,1.53027528964189,7.917,Upper-Middle Income,2010s
Greece,GRC,2019,19335.3602002969,0.253007522038059,17.045,High Income,2010s
Guatemala,GTM,2019,4511.99839552697,3.69998398008605,2.193,Upper-Middle Income,2010s
Guyana,GUY,2019,6405.82443444562,2.08723089162013,13.172,Upper-Middle Income,2010s
"Hong Kong SAR, China",HKG,2019,48359.0011950597,2.88320853773996,2.917,High Income,2010s
Honduras,HND,2019,2502.32744328073,4.36587159819267,5.698,Lower-Middle Income,2010s
Croatia,HRV,2019,15563.5987295029,0.771820346498019,6.551,High Income,2010s
Haiti,HTI,2019,1352.17204191532,18.7037825672506,14.095,Lower-Middle Income,2010s
Hungary,HUN,2019,17012.8598553199,3.33858635382008,3.411,High Income,2010s
Indonesia,IDN,2019,4106.94856160358,3.03058460941661,3.59,Lower-Middle Income,2010s
India,IND,2019,2041.42863698585,3.72950573539129,6.51,Lower-Middle Income,2010s
Ireland,IRL,2019,81827.6688873996,0.937842961189274,4.95,High Income,2010s
Iran,IRN,2019,3997.4935449585,39.9073455697784,10.74,Lower-Middle Income,2010s
Iraq,IRQ,2019,5671.8568632942,-0.198965380023928,14.096,Upper-Middle Income,2010s
Iceland,ISL,2019,69296.3144361601,3.01397179156053,3.507,High Income,2010s
Israel,ISR,2019,44250.6313628073,0.817645940292794,3.731,High Income,2010s
Italy,ITA,2019,33812.788724868,0.611246943765304,9.884,High Income,2010s
Jamaica,JAM,2019,6030.68896415921,3.90510000865872,4.987,Upper-Middle Income,2010s
Jordan,JOR,2019,4170.1144003465,0.761514047265601,16.801,Upper-Middle Income,2010s
Japan,JPN,2019,40415.9567649547,0.46877615938395,2.351,High Income,2010s
Kazakhstan,KAZ,2019,9457.12614657136,5.33356098916669,4.8,Upper-Middle Income,2010s
Kenya,KEN,2019,1960.40808854893,5.23963795764792,5.014,Lower-Middle Income,2010s
Kyrgyzstan,KGZ,2019,1421.99927504102,1.13362257718804,5.45,Lower-Middle Income,2010s
Cambodia,KHM,2019,2225.87705485686,1.94257500833107,0.119,Lower-Middle Income,2010s
South Korea,KOR,2019,33826.9443301597,0.383000303608136,3.746,High Income,2010s
Kuwait,KWT,2019,31707.8737443551,1.09184802655856,2.213,High Income,2010s
Laos,LAO,2019,2589.32081035237,3.32255881256925,2.531,Lower-Middle Income,2010s
Lebanon,LBN,2019,8905.88005497437,3.00538949390383,11.301,Upper-Middle Income,2010s
Liberia,LBR,2019,658.164180770507,26.9662760197878,3.071,Low Income,2010s
Libya,LBY,2019,9963.19489084483,-2.16217883470595,19.087,Upper-Middle Income,2010s
St. Lucia,LCA,2019,11794.0597229805,0.539087559191757,15.613,Upper-Middle Income,2010s
Sri Lanka,LKA,2019,4081.94772722003,3.52839358231811,4.67,Lower-Middle Income,2010s
Lesotho,LSO,2019,1082.05706777516,5.18708359197982,16.876,Lower-Middle Income,2010s
Lithuania,LTU,2019,19608.7943945553,2.33450937988027,6.255,High Income,2010s
Luxembourg,LUX,2019,112696.649059674,1.74332075653848,5.592,High Income,2010s
Latvia,LVA,2019,17294.9751600969,2.81140920075624,6.312,High Income,2010s
"Macao SAR, China",MAC,2019,81882.6964523869,2.75193081051975,1.73,High Income,2010s
Morocco,MAR,2019,3508.09765625,0.303386036590383,9.191,Lower-Middle Income,2010s
Moldova,MDA,2019,4405.33418162155,4.83778351428728,1.502,Upper-Middle Income,2010s
Madagascar,MDG,2019,499.818837622534,5.61051441492365,2.479,Low Income,2010s
Maldives,MDV,2019,11740.2724029785,0.220029731065383,4.562,Upper-Middle Income,2010s
Mexico,MEX,2019,10369.5553585271,3.63596142127046,3.477,Upper-Middle Income,2010s
North Macedonia,MKD,2019,6718.85826635458,0.766439573459805,17.414,Upper-Middle Income,2010s
Mali,MLI,2019,971.949318638092,-1.65826694846365,3.29,Low Income,2010s
Malta,MLT,2019,32421.9179752262,1.6420600176894,4.08,High Income,2010s
Myanmar,MMR,2019,1425.98954241668,8.82506696804558,0.407,Lower-Middle Income,2010s
Montenegro,MNE,2019,8749.02375172644,0.361563704540767,15.128,Upper-Middle Income,2010s
Mongolia,MNG,2019,4347.54610314873,7.30106953550729,9.024,Upper-Middle Income,2010s
Mozambique,MOZ,2019,519.09255091362,2.80270307928111,4.462,Low Income,2010s
Mauritania,MRT,2019,1767.072710621,2.30009262117937,10.416,Lower-Middle Income,2010s
Mauritius,MUS,2019,11568.2533399824,0.405655190309553,6.331,Upper-Middle Income,2010s
Malawi,MWI,2019,580.889139762475,9.3708360560567,4.964,Low Income,2010s
Malaysia,MYS,2019,10920.191763972,0.662891865764326,3.33,Upper-Middle Income,2010s
Namibia,NAM,2019,4731.9210318831,3.72239414422695,19.929,Upper-Middle Income,2010s
Niger,NER,2019,561.691304349698,-2.48979265070855,0.531,Low Income,2010s
Nigeria,NGA,2019,3189.81286498516,11.3964223378116,5.206,Lower-Middle Income,2010s
Nicaragua,NIC,2019,1958.62051528095,5.37628990844126,5.457,Lower-Middle Income,2010s
Netherlands,NLD,2019,53554.9007491475,2.63369910249591,3.379,High Income,2010s
Norway,NOR,2019,76430.5889473338,2.16773003305411,3.684,High Income,2010s
Nepal,NPL,2019,1203.14294706401,5.56616035243723,10.477,Lower-Middle Income,2010s
New Zealand,NZL,2019,42855.831861632,1.61963190184048,4.109,High Income,2010s
Oman,OMN,2019,19180.1864152801,0.490815362820671,2.045,High Income,2010s
Pakistan,PAK,2019,1390.41690981745,10.5780305672025,4.83,Lower-Middle Income,2010s
Panama,PAN,2019,16477.9066268111,-0.355083821021245,6.256,High Income,2010s
Peru,PER,2019,7037.00803692604,2.25212191358027,3.379,Upper-Middle Income,2010s
Philippines,PHL,2019,3400.78949767074,2.39206534422404,2.237,Lower-Middle Income,2010s
Papua New Guinea,PNG,2019,2575.77274140393,3.92867290939597,2.651,Lower-Middle Income,2010s
Poland,POL,2019,15874.5220531254,2.22747880938291,3.267,High Income,2010s
Portugal,PRT,2019,23343.3628970034,0.338178410046034,6.422,High Income,2010s
Paraguay,PRY,2019,5821.18199548738,2.75709727562775,6.595,Upper-Middle Income,2010s
West Bank and Gaza,PSE,2019,3656.85827137011,1.58018333639455,25.34,Lower-Middle Income,2010s
Qatar,QAT,2019,66841.3623185691,-0.666641124861147,0.1,High Income,2010s
Romania,ROU,2019,12909.6104013244,3.82785432599438,3.912,High Income,2010s
Russia,RUS,2019,11447.701171875,4.47202631837903,4.513,Upper-Middle Income,2010s
Rwanda,RWA,2019,810.051412137354,3.34787655037648,11.236,Low Income,2010s
Saudi Arabia,SAU,2019,29566.7933827436,-1.19298644533328,5.636,High Income,2010s
Sudan,SDN,2019,709.975280761719,50.9940515002965,11.697,Low Income,2010s
Senegal,SEN,2019,1431.18128932159,1.76011151192939,2.863,Lower-Middle Income,2010s
Singapore,SGP,2019,65952.0378959293,0.567829988405447,3.1,High Income,2010s
Solomon Islands,SLB,2019,2223.65890942466,1.63485544012247,0.746,Lower-Middle Income,2010s
Sierra Leone,SLE,2019,843.712517809977,14.8049990906021,3.204,Low Income,2010s
El Salvador,SLV,2019,4320.11671534627,0.0753241350024612,4.17,Upper-Middle Income,2010s
Serbia,SRB,2019,7755.632986437,1.84922984511086,10.395,Upper-Middle Income,2010s
Sao Tome and Principe,STP,2019,1935.2931816596,7.72024525213248,8.835,Lower-Middle Income,2010s
Slovak Republic,SVK,2019,19406.0589683582,2.66456133425431,5.761,High Income,2010s
Slovenia,SVN,2019,25814.1687167572,1.63052260754344,4.446,High Income,2010s
Sweden,SWE,2019,51648.9892820514,1.78415097403835,6.833,High Income,2010s
Eswatini,SWZ,2019,3913.14577547336,2.59801620311077,28.222,Lower-Middle Income,2010s
Syria,SYR,2019,1109.53926036049,13.4175653228571,13.369,Lower-Middle Income,2010s
Chad,TCD,2019,893.336441643325,-0.971939175419401,1.077,Low Income,2010s
Togo,TGO,2019,826.255209019798,0.674652770077525,2.036,Low Income,2010s
Thailand,THA,2019,7605.69657797759,0.706728601314311,0.716,Upper-Middle Income,2010s
Timor-Leste,TLS,2019,1562.36458068032,0.958812739703141,3.148,Lower-Middle Income,2010s
Tonga,TON,2019,4788.83342304684,1.17954334821808,2.165,Upper-Middle Income,2010s
Trinidad and Tobago,TTO,2019,17212.6128892163,1.00054293027237,3.523,High Income,2010s
Tunisia,TUN,2019,3528.87213306798,6.72007532863799,17.153,Lower-Middle Income,2010s
Turkiye,TUR,2019,9395.23378001368,15.1768215720022,13.73,Upper-Middle Income,2010s
Tanzania,TZA,2019,1063.32250976563,3.46428057999021,1.735,Lower-Middle Income,2010s
Uganda,UGA,2019,822.171150036357,2.867588034469,3.057,Low Income,2010s
Ukraine,UKR,2019,3619.86157226563,7.88671745611133,8.194,Lower-Middle Income,2010s
Uruguay,URY,2019,18315.7316980028,7.88198870879619,8.836,High Income,2010s
United States,USA,2019,64746.4506778863,1.81221007526021,3.669,High Income,2010s
Uzbekistan,UZB,2019,2041.38480729431,14.5257359560687,4.936,Lower-Middle Income,2010s
St. Vincent and the Grenadines,VCT,2019,8740.59425232061,0.91306972532459,19.248,Upper-Middle Income,2010s
Viet Nam,VNM,2019,3440.90025375434,2.7958236745225,1.681,Lower-Middle Income,2010s
Vanuatu,VUT,2019,3207.44650452083,2.76252019386111,5.444,Lower-Middle Income,2010s
Samoa,WSM,2019,4351.94234943706,0.982326569888117,7.858,Upper-Middle Income,2010s
South Africa,ZAF,2019,6533.71121032856,4.10285075461156,28.468,Upper-Middle Income,2010s
Zambia,ZMB,2019,1258.98619844462,9.15031644316296,5.538,Lower-Middle Income,2010s
Zimbabwe,ZWE,2019,2184.32923855469,255.304990757856,7.373,Lower-Middle Income,2010s
Afghanistan,AFG,2020,510.787063366811,5.60188791482224,11.71,Low Income,2020s
Angola,AGO,2020,1759.35619918264,22.2715392470509,16.696,Lower-Middle Income,2020s
Albania,ALB,2020,6027.91350716348,1.6208866171702,11.639,Upper-Middle Income,2020s
United Arab Emirates,ARE,2020,37991.7492971665,-2.07940317940943,4.294,High Income,2020s
Argentina,ARG,2020,8535.59938004389,42.0150947376509,11.461,Upper-Middle Income,2020s
Armenia,ARM,2020,4268.68093304583,1.21143577838464,18.175,Upper-Middle Income,2020s
Australia,AUS,2020,51983.4523666382,0.846900734607273,6.394,High Income,2020s
Austria,AUT,2020,48716.4098900349,1.38191063351853,5.201,High Income,2020s
Azerbaijan,AZE,2020,4229.91064904503,2.75980947008127,7.24,Lower-Middle Income,2020s
Burundi,BDI,2020,255.8324539389,7.3211064341552,1.03,Low Income,2020s
Belgium,BEL,2020,45906.2875805246,0.740791812220343,5.545,High Income,2020s
Benin,BEN,2020,1200.19426557789,3.02272119663759,1.518,Lower-Middle Income,2020s
Burkina Faso,BFA,2020,825.237038782475,1.88470066518847,4.59,Low Income,2020s
Bangladesh,BGD,2020,2248.85078828233,5.69107474746211,5.539,Lower-Middle Income,2020s
Bulgaria,BGR,2020,10760.211975413,1.67244096855756,5.037,Upper-Middle Income,2020s
Bahrain,BHR,2020,24342.8444554718,-2.31770629331378,1.765,High Income,2020s
The Bahamas,BHS,2020,26178.7537607708,0.0385210980054557,12.016,High Income,2020s
Bosnia and Herzegovina,BIH,2020,6130.31187968266,-1.05129600763489,15.868,Upper-Middle Income,2020s
Belarus,BLR,2020,6542.85579976768,5.5481435745651,4.049,Upper-Middle Income,2020s
Belize,BLZ,2020,5238.54078175696,0.121434644614893,10.763,Upper-Middle Income,2020s
Bolivia,BOL,2020,3580.96761778303,0.940742153381849,7.903,Lower-Middle Income,2020s
Brazil,BRA,2020,7074.19407495707,3.21176803803376,13.697,Upper-Middle Income,2020s
Brunei Darussalam,BRN,2020,26834.3592233943,1.94031996607183,7.409,High Income,2020s
Bhutan,BTN,2020,3191.66906999331,5.62936522632507,5.03,Lower-Middle Income,2020s
Botswana,BWA,2020,6323.2974967659,1.8903591682421,21.017,Upper-Middle Income,2020s
Central African Republic,CAF,2020,462.879071294011,1.71015659523152,6.519,Low Income,2020s
Canada,CAN,2020,43537.839298904,0.716999632307827,9.657,High Income,2020s
Switzerland,CHE,2020,85897.7843338323,-0.725874933313402,4.817,High Income,2020s
Chile,CHL,2020,13114.815470545,3.04549084804326,10.934,Upper-Middle Income,2020s
China,CHN,2020,10627.4637989619,2.41942189457782,5.0,Upper-Middle Income,2020s
Cote d'Ivoire,CIV,2020,2179.72934832935,2.41252617189052,2.588,Lower-Middle Income,2020s
Cameroon,CMR,2020,1555.60370660749,2.43760882182236,3.881,Lower-Middle Income,2020s
"Congo, Rep.",COG,2020,1993.586671931,1.79537147083107,22.286,Lower-Middle Income,2020s
Colombia,COL,2020,5339.68711357943,2.52663500084706,15.983,Upper-Middle Income,2020s
Comoros,COM,2020,1519.34665556206,0.786641929499151,4.468,Lower-Middle Income,2020s
Cabo Verde,CPV,2020,3539.22661248299,0.6057961856899,14.65,Lower-Middle Income,2020s
Costa Rica,CRI,2020,12394.0493969492,0.724911478131375,16.432,Upper-Middle Income,2020s
Cyprus,CYP,2020,28130.341796875,-0.638422797978958,7.755,High Income,2020s
Czechia,CZE,2020,23472.8915454417,3.1612952849781,2.55,High Income,2020s
Germany,DEU,2020,47394.8734504469,0.144877925813981,3.881,High Income,2020s
Djibouti,DJI,2020,2844.88810647853,1.77900535643955,27.701,Lower-Middle Income,2020s
Denmark,DNK,2020,60985.4885601514,0.420711974110024,5.644,High Income,2020s
Dominican Republic,DOM,2020,7135.22273255899,3.78103179915516,6.126,Upper-Middle Income,2020s
Algeria,DZA,2020,3743.5419522929,2.41513094083413,14.08,Lower-Middle Income,2020s
Ecuador,ECU,2020,5463.64515348598,-0.338872392562139,6.116,Upper-Middle Income,2020s
Egypt,EGY,2020,3511.11381026379,5.04493288977538,7.974,Lower-Middle Income,2020s
Spain,ESP,2020,27233.9426461608,-0.322753017299739,15.532,High Income,2020s
Estonia,EST,2020,23933.9939421065,-0.444531097679829,6.956,High Income,2020s
Ethiopia,ETH,2020,829.790982547947,20.3563468559061,3.998,Low Income,2020s
Finland,FIN,2020,48828.6846862799,0.290554555653239,7.759,High Income,2020s
Fiji,FJI,2020,4620.6457238014,-1.70014167847317,5.054,Upper-Middle Income,2020s
France,FRA,2020,39169.8606000707,0.476498852725065,8.009,High Income,2020s
Gabon,GAB,2020,6605.80346077565,1.35276110675333,21.279,Upper-Middle Income,2020s
United Kingdom,GBR,2020,40812.6794663879,0.989486703772491,4.472,High Income,2020s
Georgia,GEO,2020,4300.85701291207,5.2024648897534,11.734,Upper-Middle Income,2020s
Ghana,GHA,2020,2195.45481659987,9.88728956269944,3.178,Lower-Middle Income,2020s
Guinea,GIN,2020,1053.66097696415,10.6016203387167,6.007,Low Income,2020s
"Gambia, The",GMB,2020,720.335143352133,5.93127636562441,5.84,Low Income,2020s
Guinea-Bissau,GNB,2020,846.915855715971,1.14000939393222,2.887,Low Income,2020s
Equatorial Guinea,GNQ,2020,5764.05502912947,4.76669523944228,8.625,Upper-Middle Income,2020s
Greece,GRC,2020,17886.733165236,-1.24798355581405,15.899,High Income,2020s
Guatemala,GTM,2020,4477.61785000665,3.21444062197345,2.965,Upper-Middle Income,2020s
Guyana,GUY,2020,6775.70939096303,0.99333702283873,15.308,Upper-Middle Income,2020s
"Hong Kong SAR, China",HKG,2020,46109.2299946609,0.2509620210808,5.808,High Income,2020s
Honduras,HND,2020,2307.61494319511,3.46841177951184,10.982,Lower-Middle Income,2020s
Croatia,HRV,2020,14807.5608543265,0.154811374562106,7.389,High Income,2020s
Haiti,HTI,2020,1290.32538667383,22.7963113642528,15.573,Lower-Middle Income,2020s
Hungary,HUN,2020,16386.9308821258,3.32674385766738,4.248,High Income,2020s
Indonesia,IDN,2020,3853.70288774146,1.91983527270793,4.255,Lower-Middle Income,2020s
India,IND,2020,1907.04251637669,6.62343677628535,7.859,Lower-Middle Income,2020s
Ireland,IRL,2020,86514.0706108754,-0.326183651280033,5.623,High Income,2020s
Iran,IRN,2020,3202.50003502169,30.5941390387295,9.687,Lower-Middle Income,2020s
Iraq,IRQ,2020,4295.18945121228,0.574162679425795,15.766,Upper-Middle Income,2020s
Iceland,ISL,2020,60127.9393575616,2.84792401518665,5.478,High Income,2020s
Israel,ISR,2020,44575.5719045492,-0.575254620897756,4.169,High Income,2020s
Italy,ITA,2020,32091.4866621366,-0.13770757391651,9.192,High Income,2020s
Jamaica,JAM,2020,5299.04530804283,5.2267777929352,6.501,Upper-Middle Income,2020s
Jordan,JOR,2020,4022.0401356135,0.333294350628378,19.213,Lower-Middle Income,2020s
Japan,JPN,2020,40028.7341726762,-0.024995834027731,2.809,High Income,2020s
Kazakhstan,KAZ,2020,8781.50797787648,6.71815454861458,4.89,Upper-Middle Income,2020s
Kenya,KEN,2020,1927.66459027849,5.40516207933392,5.613,Lower-Middle Income,2020s
Kyrgyzstan,KGZ,2020,1229.51766602907,6.32542296338078,5.945,Lower-Middle Income,2020s
Cambodia,KHM,2020,2081.73914242939,2.9402951426397,0.172,Lower-Middle Income,2020s
South Korea,KOR,2020,33645.7719545073,0.537288023411737,3.931,High Income,2020s
Kuwait,KWT,2020,25236.0755848941,2.101729548274,3.489,High Income,2020s
Laos,LAO,2020,2583.77730696131,5.10407262959919,2.349,Lower-Middle Income,2020s
Lebanon,LBN,2020,5561.19166950397,84.8643330472041,13.252,Upper-Middle Income,2020s
Liberia,LBR,2020,616.787867006715,16.9557241496255,4.102,Low Income,2020s
Libya,LBY,2020,6650.33810585348,1.44703656998741,19.651,Upper-Middle Income,2020s
St. Lucia,LCA,2020,8411.07474936367,-1.75580833517594,25.224,Upper-Middle Income,2020s
Sri Lanka,LKA,2020,3847.60137695639,6.15394508391738,5.364,Lower-Middle Income,2020s
Lesotho,LSO,2020,918.582574704447,4.97809676252309,18.385,Low Income,2020s
Lithuania,LTU,2020,20428.6478157394,1.19989444983569,8.487,High Income,2020s
Luxembourg,LUX,2020,116860.02817236,0.819957302127036,6.766,High Income,2020s
Latvia,LVA,2020,17564.2321549354,0.219064904841985,8.098,High Income,2020s
"Macao SAR, China",MAC,2020,36883.6652578543,0.811410511491512,2.542,High Income,2020s
Morocco,MAR,2020,3268.0302734375,0.705968661338261,11.189,Lower-Middle Income,2020s
Moldova,MDA,2020,4375.7788930524,3.76597122245351,1.206,Upper-Middle Income,2020s
Madagascar,MDG,2020,450.771615201509,4.20179312190557,3.292,Low Income,2020s
Maldives,MDV,2020,7393.8886543933,-1.36977425569811,5.42,Upper-Middle Income,2020s
Mexico,MEX,2020,8841.27075039868,3.39683415570006,4.44,Upper-Middle Income,2020s
North Macedonia,MKD,2020,6659.59651070776,1.20007348888469,16.575,Upper-Middle Income,2020s
Mali,MLI,2020,953.242943290974,0.438088940320669,3.528,Low Income,2020s
Malta,MLT,2020,31823.4363934505,0.638544956776712,4.856,High Income,2020s
Montenegro,MNE,2020,7538.53635992191,-0.255655699848551,17.878,Upper-Middle Income,2020s
Mongolia,MNG,2020,4001.25193077703,3.7237230614026,6.413,Lower-Middle Income,2020s
Mozambique,MOZ,2020,462.433876479921,3.48393567493204,5.019,Low Income,2020s
Mauritania,MRT,2020,1795.76459566714,2.3856948845632,11.051,Lower-Middle Income,2020s
Mauritius,MUS,2020,9135.84773751062,2.5808007718283,8.626,Upper-Middle Income,2020s
Malawi,MWI,2020,602.507478176106,8.62551469650552,5.72,Low Income,2020s
Malaysia,MYS,2020,9957.52626697613,-1.1387021539305,4.54,Upper-Middle Income,2020s
Namibia,NAM,2020,3878.58982993966,2.20938236933469,21.003,Lower-Middle Income,2020s
Niger,NER,2020,579.512495758236,2.8981937602627,0.591,Low Income,2020s
Nigeria,NGA,2020,2797.18458068686,13.2460234276597,5.714,Lower-Middle Income,2020s
Nicaragua,NIC,2020,1938.44704754382,3.68181341625572,6.18,Lower-Middle Income,2020s
Netherlands,NLD,2020,53467.9277413737,1.27246037789161,3.82,High Income,2020s
Norway,NOR,2020,68340.0181033702,1.28658490707996,4.424,High Income,2020s
Nepal,NPL,2020,1154.21517578318,5.05635826238499,13.037,Lower-Middle Income,2020s
New Zealand,NZL,2020,41997.7830324279,1.71456170007245,4.595,High Income,2020s
Oman,OMN,2020,16784.8630630058,-0.40640291946585,2.94,High Income,2020s
Pakistan,PAK,2020,1278.39735206896,9.74011619320125,5.994,Lower-Middle Income,2020s
Panama,PAN,2020,13290.5608397749,-1.5502754080376,14.663,High Income,2020s
Peru,PER,2020,6133.32552410183,2.00241205759292,7.179,Upper-Middle Income,2020s
Philippines,PHL,2020,3227.57910235199,2.3931623931624,2.522,Lower-Middle Income,2020s
Papua New Guinea,PNG,2020,2429.61134585269,4.87167398565555,2.903,Lower-Middle Income,2020s
Poland,POL,2020,16150.9304813473,3.37446972618589,3.155,High Income,2020s
Portugal,PRT,2020,22299.4044062173,-0.0124383299575305,6.85,High Income,2020s
Paraguay,PRY,2020,5365.47220721104,1.76751592356698,7.548,Upper-Middle Income,2020s
West Bank and Gaza,PSE,2020,3233.56863835858,-0.735332001092191,25.895,Lower-Middle Income,2020s
Qatar,QAT,2020,51683.5681078949,-2.5403150300476,0.14,High Income,2020s
Romania,ROU,2020,13009.1770573223,2.63107311184743,5.035,Upper-Middle Income,2020s
Russia,RUS,2020,10108.3271484375,3.38219796948068,5.62,Upper-Middle Income,2020s
Rwanda,RWA,2020,778.701498925026,9.85039902274207,11.829,Low Income,2020s
Saudi Arabia,SAU,2020,24338.8307301067,3.37234961012303,7.66,High Income,2020s
Sudan,SDN,2020,577.795227050781,163.257782355458,11.995,Low Income,2020s
Senegal,SEN,2020,1461.08720350553,2.54314685681662,3.432,Lower-Middle Income,2020s
Singapore,SGP,2020,61410.0792630788,-0.172111865925382,4.1,High Income,2020s
Solomon Islands,SLB,2020,2063.32780991967,2.96354992076065,0.868,Lower-Middle Income,2020s
Sierra Leone,SLE,2020,845.277557920549,13.4468711101052,3.509,Low Income,2020s
El Salvador,SLV,2020,3997.19279583709,-0.371590212324095,5.008,Lower-Middle Income,2020s
Serbia,SRB,2020,8098.70955668849,1.57553290083415,9.011,Upper-Middle Income,2020s
Sao Tome and Principe,STP,2020,2167.22001796925,9.81932791540146,9.679,Lower-Middle Income,2020s
Suriname,SUR,2020,4755.39221710693,34.889784309078,8.973,Upper-Middle Income,2020s
Slovak Republic,SVK,2020,19735.4858280801,1.93694126694223,6.719,High Income,2020s
Slovenia,SVN,2020,25392.0651093612,-0.05485681576061,4.971,High Income,2020s
Sweden,SWE,2020,52568.5726980146,0.497367318853572,8.291,High Income,2020s
Chad,TCD,2020,866.947814890409,4.46414437232861,1.695,Low Income,2020s
Togo,TGO,2020,863.468665870276,1.69928463299399,2.231,Low Income,2020s
Thailand,THA,2020,6985.64393892574,-0.845937147357041,1.099,Upper-Middle Income,2020s
Timor-Leste,TLS,2020,1630.86938521256,0.495499215459571,2.808,Lower-Middle Income,2020s
Tonga,TON,2020,4792.35854741522,-0.349737696727496,2.712,Upper-Middle Income,2020s
Trinidad and Tobago,TTO,2020,15283.6270531554,0.598986330824643,4.206,High Income,2020s
Tunisia,TUN,2020,3548.65363663803,5.63415115897625,17.651,Lower-Middle Income,2020s
Turkiye,TUR,2020,8798.11791709313,12.2789574462574,13.148,Upper-Middle Income,2020s
Tanzania,TZA,2020,1117.41528320313,3.29029062798325,1.792,Lower-Middle Income,2020s
Uganda,UGA,2020,845.766463890124,3.31332289544502,3.819,Low Income,2020s
Ukraine,UKR,2020,3709.76928710938,2.73249209419427,9.475,Lower-Middle Income,2020s
Uruguay,URY,2020,15757.5355995779,9.75640636078194,10.413,High Income,2020s
United States,USA,2020,63515.9491807833,1.23358439630629,8.055,High Income,2020s
Uzbekistan,UZB,2020,1978.28051860763,12.8677297362606,5.293,Lower-Middle Income,2020s
St. Vincent and the Grenadines,VCT,2020,8351.20324040982,-0.628131309354654,20.635,Upper-Middle Income,2020s
Viet Nam,VNM,2020,3534.03953482647,3.22093436652514,2.103,Lower-Middle Income,2020s
Vanuatu,VUT,2020,3042.98711598286,5.32935073101715,4.046,Lower-Middle Income,2020s
Samoa,WSM,2020,4099.59660548583,-1.56891247740895,7.467,Lower-Middle Income,2020s
South Africa,ZAF,2020,5580.60383075189,3.23238831615113,29.217,Upper-Middle Income,2020s
Zambia,ZMB,2020,951.644316655957,15.7330604721369,6.032,Low Income,2020s
Zimbabwe,ZWE,2020,2059.67445384499,557.201817362051,8.617,Lower-Middle Income,2020s
Afghanistan,AFG,2021,356.496214115892,5.13320340824962,12.006,Low Income,2020s
Angola,AGO,2021,2303.90812662776,25.754294884189,15.799,Lower-Middle Income,2020s
Albania,ALB,2021,7242.45513146613,2.04147163139544,11.474,Upper-Middle Income,2020s
United Arab Emirates,ARE,2021,44118.5047192771,0.179935336174431,3.105,High Income,2020s
Argentina,ARG,2021,10738.0179223384,48.4093786255199,8.736,Upper-Middle Income,2020s
Armenia,ARM,2021,4685.17997128509,7.1848362944337,15.469,Upper-Middle Income,2020s
Australia,AUS,2021,60758.9044397144,2.86391284709318,5.022,High Income,2020s
Austria,AUT,2021,53648.6437976214,2.7666666666667,6.459,High Income,2020s
Azerbaijan,AZE,2021,5408.04535175023,6.65029912708778,6.04,Upper-Middle Income,2020s
Burundi,BDI,2021,264.980379269655,8.4045384507634,1.118,Low Income,2020s
Belgium,BEL,2021,51658.238294958,2.44024851144084,6.248,High Income,2020s
Benin,BEN,2021,1318.65158075198,1.73353962694035,1.833,Lower-Middle Income,2020s
Burkina Faso,BFA,2021,895.535288442991,3.65326761825508,4.511,Low Income,2020s
Bangladesh,BGD,2021,2482.84917843357,5.54565430773473,5.457,Lower-Middle Income,2020s
Bulgaria,BGR,2021,12966.1457543396,3.29774435299506,5.166,Upper-Middle Income,2020s
Bahrain,BHR,2021,27147.8083882286,-0.60631938514085,1.548,High Income,2020s
The Bahamas,BHS,2021,30367.8605757708,2.90491262928478,11.078,High Income,2020s
Bosnia and Herzegovina,BIH,2021,7295.34378682258,1.98163900587622,14.897,Upper-Middle Income,2020s
Belarus,BLR,2021,7489.71894713888,9.46028389623105,3.9,Upper-Middle Income,2020s
Belize,BLZ,2021,6142.98930557031,3.2356365923707,10.302,Upper-Middle Income,2020s
Bolivia,BOL,2021,4010.76053686204,0.737383721452274,5.089,Lower-Middle Income,2020s
Brazil,BRA,2021,7972.53696080695,8.30165975585673,13.158,Upper-Middle Income,2020s
Brunei Darussalam,BRN,2021,31006.9636289785,1.73341388450593,4.905,High Income,2020s
Bhutan,BTN,2021,3570.61257980872,7.3468144053353,4.803,Lower-Middle Income,2020s
Botswana,BWA,2021,7807.88794570471,7.24097765588442,23.106,Upper-Middle Income,2020s
Central African Republic,CAF,2021,492.263142830507,4.25936417542868,6.701,Low Income,2020s
Canada,CAN,2021,52886.6616372703,3.39519318527527,7.527,High Income,2020s
Switzerland,CHE,2021,93664.7736696111,0.581814168489855,5.013,High Income,2020s
Chile,CHL,2021,16206.8325493421,4.52456838259143,9.281,High Income,2020s
China,CHN,2021,12887.4357242941,0.981015135544881,4.55,Upper-Middle Income,2020s
Cote d'Ivoire,CIV,2021,2455.98127641148,4.15919657911797,2.623,Lower-Middle Income,2020s
Cameroon,CMR,2021,1672.32657340872,2.27185762503637,3.976,Lower-Middle Income,2020s
"Congo, Rep.",COG,2021,2516.16255145432,1.7156427545126,21.998,Lower-Middle Income,2020s
Colombia,COL,2021,6222.62164397614,3.49505757399448,13.898,Upper-Middle Income,2020s
Comoros,COM,2021,1554.97289190153,-0.0044179368234698,4.394,Lower-Middle Income,2020s
Cabo Verde,CPV,2021,3971.44409203423,1.86215256793885,13.932,Lower-Middle Income,2020s
Costa Rica,CRI,2021,12838.1185358931,1.72647755109241,15.139,Upper-Middle Income,2020s
Cyprus,CYP,2021,32937.83984375,2.44608867175474,7.513,High Income,2020s
Czechia,CZE,2021,27696.4619527544,3.83984491500146,2.803,High Income,2020s
Germany,DEU,2021,52349.2459994422,3.06666666666673,3.594,High Income,2020s
Djibouti,DJI,2021,3025.91126413549,1.18086783934059,27.628,Lower-Middle Income,2020s
Denmark,DNK,2021,69340.7334922138,1.85304543989689,5.065,High Income,2020s
Dominican Republic,DOM,2021,8527.0754858205,8.24300347981809,7.702,Upper-Middle Income,2020s
Algeria,DZA,2021,4160.55926736925,7.22606307415477,13.656,Lower-Middle Income,2020s
Ecuador,ECU,2021,6061.32350181711,0.133251386096389,4.504,Upper-Middle Income,2020s
Egypt,EGY,2021,3827.35415374308,5.21404940513042,7.441,Lower-Middle Income,2020s
Spain,ESP,2021,30799.4775937775,3.09313511976419,14.914,High Income,2020s
Estonia,EST,2021,27951.1659277744,4.65316673847472,6.178,High Income,2020s
Ethiopia,ETH,2021,893.00983544905,26.8395221557722,3.935,Low Income,2020s
Finland,FIN,2021,53099.1351400148,2.19457432340007,7.617,High Income,2020s
Fiji,FJI,2021,4536.73312110335,1.53454853751591,5.225,Upper-Middle Income,2020s
France,FRA,2021,43725.0999521245,1.64233141038393,7.871,High Income,2020s
Gabon,GAB,2021,8181.40914134656,1.0869074651941,21.223,Upper-Middle Income,2020s
United Kingdom,GBR,2021,47691.3768799404,2.51837109614213,4.864,High Income,2020s
Georgia,GEO,2021,5083.60695484577,9.56691433824769,11.785,Upper-Middle Income,2020s
Ghana,GHA,2021,2445.18662529344,9.9710886750444,3.2,Lower-Middle Income,2020s
Guinea,GIN,2021,1244.96550477914,12.5972882566934,5.815,Lower-Middle Income,2020s
"Gambia, The",GMB,2021,781.890925169531,7.37034758876618,6.213,Low Income,2020s
Guinea-Bissau,GNB,2021,926.780921081233,2.24248879577658,3.016,Low Income,2020s
Equatorial Guinea,GNQ,2021,6945.63069794539,-0.0971007664640198,8.821,Upper-Middle Income,2020s
Greece,GRC,2021,20654.7001960815,1.22382501019854,14.656,High Income,2020s
Guatemala,GTM,2021,4912.62240414681,4.26105127422813,2.174,Upper-Middle Income,2020s
Guyana,GUY,2021,9860.87014834386,5.03285574626702,14.576,Upper-Middle Income,2020s
"Hong Kong SAR, China",HKG,2021,49770.5642374739,1.56875834445922,5.174,High Income,2020s
Honduras,HND,2021,2735.14751503977,4.48087963413445,8.506,Lower-Middle Income,2020s
Croatia,HRV,2021,17788.7865816658,2.55450699642041,7.483,High Income,2020s
Haiti,HTI,2021,1841.33189337222,16.8415240198785,15.296,Lower-Middle Income,2020s
Hungary,HUN,2021,19030.628130329,5.11096534382855,4.021,High Income,2020s
Indonesia,IDN,2021,4287.17313995098,1.56007882983334,3.827,Upper-Middle Income,2020s
India,IND,2021,2239.61384367482,5.13140747176369,6.38,Lower-Middle Income,2020s
Ireland,IRL,2021,103783.446284479,2.34034113447044,6.357,High Income,2020s
Iran,IRN,2021,4605.14881318992,43.3890162681514,9.282,Upper-Middle Income,2020s
Iraq,IRQ,2021,4868.49431080783,6.04186489058044,16.173,Upper-Middle Income,2020s
Iceland,ISL,2021,70425.4064277273,4.44423970189739,6.029,High Income,2020s
Israel,ISR,2021,52270.9040241956,1.47965474722561,4.812,High Income,2020s
Italy,ITA,2021,36852.5425414951,1.87378325762481,9.497,High Income,2020s
Jamaica,JAM,2021,5625.67806271236,5.86278242801063,5.188,Upper-Middle Income,2020s
Jordan,JOR,2021,4183.49998326866,1.34609377243118,19.837,Lower-Middle Income,2020s
Japan,JPN,2021,40094.5599795288,-0.233352779398264,2.808,High Income,2020s
Kazakhstan,KAZ,2021,9983.60103576902,8.04147134028401,5.568,Upper-Middle Income,2020s
Kenya,KEN,2021,2061.35622089594,6.10793603659176,5.693,Lower-Middle Income,2020s
Kyrgyzstan,KGZ,2021,1349.99730650542,11.9050398185147,5.149,Lower-Middle Income,2020s
Cambodia,KHM,2021,2167.40324198499,2.92073477592949,0.396,Lower-Middle Income,2020s
South Korea,KOR,2021,37518.4635305697,2.49833333333339,3.639,High Income,2020s
Kuwait,KWT,2021,34018.6342592913,3.42362947609188,2.97,High Income,2020s
Laos,LAO,2021,2526.05105018529,3.75562036658877,2.08,Lower-Middle Income,2020s
Lebanon,LBN,2021,4045.37391066234,154.756096023393,12.715,Lower-Middle Income,2020s
Liberia,LBR,2021,667.96610514319,7.81559385858648,3.844,Low Income,2020s
Libya,LBY,2021,4935.82787349801,2.86833027751019,19.779,Upper-Middle Income,2020s
St. Lucia,LCA,2021,10459.1321248092,2.41070312174393,20.514,Upper-Middle Income,2020s
Sri Lanka,LKA,2021,3996.96240014909,7.01478071238195,4.981,Lower-Middle Income,2020s
Lesotho,LSO,2021,1066.58645143823,6.04774591950676,18.214,Low Income,2020s
Lithuania,LTU,2021,23870.4594851722,4.68354420903453,7.112,High Income,2020s
Luxembourg,LUX,2021,134965.815442152,2.52692009066166,5.571,High Income,2020s
Latvia,LVA,2021,20261.8887788916,3.27582937431165,7.513,High Income,2020s
"Macao SAR, China",MAC,2021,44884.8961602393,0.0264543647055504,2.221,High Income,2020s
Morocco,MAR,2021,3785.93627929688,1.40195883962006,10.551,Lower-Middle Income,2020s
Moldova,MDA,2021,5274.60582195352,5.10641129002835,0.794,Upper-Middle Income,2020s
Madagascar,MDG,2021,483.469463351195,5.81225118787715,3.498,Low Income,2020s
Maldives,MDV,2021,10176.143882547,0.543149688737013,5.016,Upper-Middle Income,2020s
Mexico,MEX,2021,10314.0506722115,5.68920847683753,4.019,Upper-Middle Income,2020s
North Macedonia,MKD,2021,7620.80296977508,3.23074912132928,15.801,Upper-Middle Income,2020s
Mali,MLI,2021,1027.27345365357,3.92560283104277,4.006,Low Income,2020s
Malta,MLT,2021,38096.8360735119,1.49789217934724,3.754,High Income,2020s
Montenegro,MNE,2021,9317.15520065156,2.41080198403165,16.543,Upper-Middle Income,2020s
Mongolia,MNG,2021,4517.61578018785,7.35894657888155,7.871,Upper-Middle Income,2020s
Mozambique,MOZ,2021,509.907829475551,6.40847652975692,5.413,Low Income,2020s
Mauritania,MRT,2021,1947.78918383313,3.56516484650185,11.131,Lower-Middle Income,2020s
Mauritius,MUS,2021,9177.71195973013,4.02852888157376,7.719,Upper-Middle Income,2020s
Malawi,MWI,2021,617.446994451007,9.33014410835212,5.652,Low Income,2020s
Malaysia,MYS,2021,10903.1037480772,2.47710241465447,4.64,Upper-Middle Income,2020s
Namibia,NAM,2021,4412.8355693052,3.61690530108814,20.931,Upper-Middle Income,2020s
Niger,NER,2021,608.722439593808,3.8378680284051,0.806,Low Income,2020s
Nigeria,NGA,2021,2787.48779224428,16.9528457221608,5.404,Lower-Middle Income,2020s
Nicaragua,NIC,2021,2138.38588469449,4.92841396948968,6.076,Lower-Middle Income,2020s
Netherlands,NLD,2021,60141.9880911492,2.67572008805385,4.209,High Income,2020s
Norway,NOR,2021,93072.8925119571,3.48388055266669,4.359,High Income,2020s
Nepal,NPL,2021,1252.75076731986,4.12676744440695,12.241,Lower-Middle Income,2020s
New Zealand,NZL,2021,49950.4251691316,3.94112060778728,3.776,High Income,2020s
Oman,OMN,2021,19403.4600160211,1.68221185876085,1.9,High Income,2020s
Pakistan,PAK,2021,1455.31922370186,9.49641577285205,6.338,Lower-Middle Income,2020s
Panama,PAN,2021,15509.8069124139,1.63070337301898,10.177,High Income,2020s
Peru,PER,2021,6826.20255614477,4.27166381536798,5.097,Upper-Middle Income,2020s
Philippines,PHL,2021,3484.38593882819,3.92718022100332,3.398,Lower-Middle Income,2020s
Papua New Guinea,PNG,2021,2607.57861874444,4.48359014042398,3.03,Lower-Middle Income,2020s
Poland,POL,2021,18635.5104895754,5.05502704719272,3.268,High Income,2020s
Portugal,PRT,2021,24711.4510062111,1.26565719069044,6.712,High Income,2020s
Paraguay,PRY,2021,5976.93179789949,4.787983101236,7.311,Upper-Middle Income,2020s
West Bank and Gaza,PSE,2021,3678.63565662194,1.23748102831369,26.39,Lower-Middle Income,2020s
Qatar,QAT,2021,71751.9363398856,2.30446565742003,0.14,High Income,2020s
Romania,ROU,2021,14907.9803652143,5.05232876096582,5.59,High Income,2020s
Russia,RUS,2021,12425.029296875,6.69445891957612,4.749,Upper-Middle Income,2020s
Rwanda,RWA,2021,829.544845263697,-0.391346748300791,15.775,Low Income,2020s
Saudi Arabia,SAU,2021,31920.7653655643,3.06328988941548,6.621,High Income,2020s
Sudan,SDN,2021,712.122009277344,359.093040778999,11.087,Low Income,2020s
Senegal,SEN,2021,1598.10676952274,2.18032278088147,3.436,Lower-Middle Income,2020s
Singapore,SGP,2021,80056.1288247844,2.31610315765146,4.64,High Income,2020s
Solomon Islands,SLB,2021,2043.44413170658,-0.115437894412839,0.879,Lower-Middle Income,2020s
Sierra Leone,SLE,2021,885.396401885395,11.8739588840234,3.551,Low Income,2020s
El Salvador,SLV,2021,4642.60743101342,3.46692585313082,4.327,Upper-Middle Income,2020s
Serbia,SRB,2021,9680.52798074468,4.08510285335102,9.843,Upper-Middle Income,2020s
Sao Tome and Principe,STP,2021,2362.58827248102,8.13777038378732,9.563,Lower-Middle Income,2020s
Suriname,SUR,2021,5029.84838543953,59.1196626251977,8.706,Upper-Middle Income,2020s
Slovak Republic,SVK,2021,22123.3342114545,3.14960629921268,6.894,High Income,2020s
Slovenia,SVN,2021,29192.8401933019,1.91706506089259,4.744,High Income,2020s
Sweden,SWE,2021,60647.5416365347,2.16319736447143,8.803,High Income,2020s
Chad,TCD,2021,946.358500208374,-0.77284437035914,1.53,Low Income,2020s
Togo,TGO,2021,962.075187515872,4.1862150652352,2.344,Low Income,2020s
Thailand,THA,2021,7057.20754802279,1.23039541318384,1.215,Upper-Middle Income,2020s
Timor-Leste,TLS,2021,2684.92676774277,3.69792094666786,2.344,Lower-Middle Income,2020s
Tonga,TON,2021,4922.80171378368,5.64051140636751,2.111,Upper-Middle Income,2020s
Trinidad and Tobago,TTO,2021,17712.5674104655,2.05922746915458,4.446,High Income,2020s
Tunisia,TUN,2021,3906.93926319391,5.706350208307,16.632,Lower-Middle Income,2020s
Turkiye,TUR,2021,9981.76398411336,19.5964926913324,11.969,Upper-Middle Income,2020s
Tanzania,TZA,2021,1159.85656738281,3.69091958802199,1.876,Lower-Middle Income,2020s
Uganda,UGA,2021,882.791717542504,2.20457204757414,3.416,Low Income,2020s
Ukraine,UKR,2021,4775.94580078125,9.36313917695223,9.834,Upper-Middle Income,2020s
Uruguay,URY,2021,17881.818721099,7.74791402314762,9.328,High Income,2020s
United States,USA,2021,70205.050916026,4.69785886363742,5.349,High Income,2020s
Uzbekistan,UZB,2021,2258.51964119278,10.8492397508122,5.364,Lower-Middle Income,2020s
St. Vincent and the Grenadines,VCT,2021,8641.27904024443,1.57272932500558,20.356,Upper-Middle Income,2020s
Viet Nam,VNM,2021,3704.1935590038,1.83471554810444,2.383,Lower-Middle Income,2020s
Vanuatu,VUT,2021,3107.20312858002,2.34328358208953,4.776,Lower-Middle Income,2020s
Samoa,WSM,2021,4021.55934894283,3.13320473174494,6.664,Lower-Middle Income,2020s
South Africa,ZAF,2021,6828.75624590017,4.61874544887136,34.007,Upper-Middle Income,2020s
Zambia,ZMB,2021,1127.16077872857,22.0207676245777,5.197,Lower-Middle Income,2020s
Zimbabwe,ZWE,2021,2613.60542083552,98.5461050920624,9.54,Lower-Middle Income,2020s
Afghanistan,AFG,2022,357.261152798144,13.7121023720064,14.1,Low Income,2020s
Angola,AGO,2022,3682.1131513698,21.3552901320822,14.124,Lower-Middle Income,2020s
Albania,ALB,2022,7756.96188744253,6.72520271530059,10.785,Upper-Middle Income,2020s
United Arab Emirates,ARE,2022,50759.7589231191,5.29122604376849,2.872,High Income,2020s
Argentina,ARG,2022,13962.1894087223,72.430757531824,6.805,High Income,2020s
Armenia,ARM,2022,6571.97445545099,8.64091108973854,13.451,Upper-Middle Income,2020s
Australia,AUS,2022,65169.5191118657,6.59409658717841,3.728,High Income,2020s
Austria,AUT,2022,52336.7725223758,8.54686993188457,4.992,High Income,2020s
Azerbaijan,AZE,2022,7770.594223351,13.8522590144267,5.65,Upper-Middle Income,2020s
Burundi,BDI,2022,302.992505263552,18.8008786664944,0.909,Low Income,2020s
Belgium,BEL,2022,50605.7496677086,9.597511728725,5.57,High Income,2020s
Benin,BEN,2022,1266.42711031904,1.35077863583527,1.685,Lower-Middle Income,2020s
Burkina Faso,BFA,2022,827.330843486661,14.2902354303358,3.828,Low Income,2020s
Bangladesh,BGD,2022,2716.48592780431,7.69695437176898,4.593,Lower-Middle Income,2020s
Bulgaria,BGR,2022,13999.1949530956,15.3252589264367,4.148,High Income,2020s
Bahrain,BHR,2022,30470.5219276023,3.62574104304482,1.265,High Income,2020s
The Bahamas,BHS,2022,34957.1613279737,5.60540633583043,9.25,High Income,2020s
Bosnia and Herzegovina,BIH,2022,7655.59421024383,14.0208440826771,12.657,Upper-Middle Income,2020s
Belarus,BLR,2022,7994.64806074889,15.2096752740809,3.574,Upper-Middle Income,2020s
Belize,BLZ,2022,7068.21728043145,6.27689319447543,8.682,Upper-Middle Income,2020s
Bolivia,BOL,2022,4219.46113742445,1.74632872945968,3.552,Lower-Middle Income,2020s
Brazil,BRA,2022,9281.33282136864,9.28010608956872,9.231,Upper-Middle Income,2020s
Brunei Darussalam,BRN,2022,36632.9280952155,3.68225030604215,5.191,High Income,2020s
Bhutan,BTN,2022,3711.32767981591,5.6391667139637,5.947,Lower-Middle Income,2020s
Botswana,BWA,2022,8328.7090572666,11.665567478802,23.615,Upper-Middle Income,2020s
Central African Republic,CAF,2022,467.359825026238,5.58316735183246,6.287,Low Income,2020s
Canada,CAN,2022,56256.8007264015,6.80280115341612,5.279,High Income,2020s
Switzerland,CHE,2022,94394.5106803525,2.83502798644451,4.122,High Income,2020s
Chile,CHL,2022,15405.6165774073,11.6438667110559,8.249,High Income,2020s
China,CHN,2022,12970.6056414327,1.9735755573905,4.98,Upper-Middle Income,2020s
Cote d'Ivoire,CIV,2022,2333.37128301259,5.23352856100842,2.31,Lower-Middle Income,2020s
Cameroon,CMR,2022,1604.87726954895,6.24767713343861,3.646,Lower-Middle Income,2020s
"Congo, Rep.",COG,2022,2620.83804267402,3.04344334698477,20.131,Lower-Middle Income,2020s
Colombia,COL,2022,6680.44506854481,10.1772313546166,10.541,Upper-Middle Income,2020s
Comoros,COM,2022,1465.479642862,12.5320314570998,3.879,Lower-Middle Income,2020s
Cabo Verde,CPV,2022,4323.31362032709,7.93092928079189,12.239,Upper-Middle Income,2020s
Costa Rica,CRI,2022,13625.9008491328,8.27477490232654,11.325,High Income,2020s
Cyprus,CYP,2022,33231.04296875,8.39548297993334,6.806,High Income,2020s
Czechia,CZE,2022,28282.2236715857,15.100165146837,2.224,High Income,2020s
Germany,DEU,2022,50506.5179638543,6.87257438551096,3.137,High Income,2020s
Djibouti,DJI,2022,3133.25779772463,5.17222088647605,26.272,Lower-Middle Income,2020s
Denmark,DNK,2022,67781.0940939514,7.69656699889259,4.434,High Income,2020s
Dominican Republic,DOM,2022,10104.2449349081,8.81109209279587,5.504,Upper-Middle Income,2020s
Algeria,DZA,2022,4960.30334332888,9.26551551551552,12.382,Upper-Middle Income,2020s
Ecuador,ECU,2022,6515.58528418336,3.46616972213076,3.713,Upper-Middle Income,2020s
Egypt,EGY,2022,4233.30783744856,13.8956609775177,6.546,Lower-Middle Income,2020s
Spain,ESP,2022,30319.4987196616,8.39057634118626,13.033,High Income,2020s
Estonia,EST,2022,28340.3826549406,19.3982634080616,5.571,High Income,2020s
Ethiopia,ETH,2022,982.103161506992,33.8898797100898,3.386,Low Income,2020s
Finland,FIN,2022,50440.560224974,7.12350773301402,6.719,High Income,2020s
Fiji,FJI,2022,5414.12092119088,6.07882431529724,5.403,Upper-Middle Income,2020s
France,FRA,2022,40988.6396406579,5.22236748369725,7.303,High Income,2020s
Gabon,GAB,2022,8409.2074145028,4.23124798274579,20.319,Upper-Middle Income,2020s
United Kingdom,GBR,2022,47057.043229179,7.92204883147902,3.768,High Income,2020s
Georgia,GEO,2022,6729.84659930283,11.8981654203198,11.621,Upper-Middle Income,2020s
Ghana,GHA,2022,2229.89122647803,31.2558951049016,2.87,Lower-Middle Income,2020s
Guinea,GIN,2022,1416.59612011764,10.4930409984424,5.174,Lower-Middle Income,2020s
"Gambia, The",GMB,2022,836.244875868476,11.5131198380505,6.067,Low Income,2020s
Guinea-Bissau,GNB,2022,883.199131457831,9.39075933985203,2.666,Low Income,2020s
Equatorial Guinea,GNQ,2022,7589.29964909381,4.78671704710803,8.334,Upper-Middle Income,2020s
Greece,GRC,2022,20886.5243087629,9.64525981280642,12.426,High Income,2020s
Guatemala,GTM,2022,5358.70156997677,6.88512823344287,3.051,Upper-Middle Income,2020s
Guyana,GUY,2022,17913.4928066879,6.11505550109935,11.907,High Income,2020s
"Hong Kong SAR, China",HKG,2022,48825.8441873536,1.88136707196853,4.318,High Income,2020s
Honduras,HND,2022,3003.28996826399,9.08963911525025,8.774,Lower-Middle Income,2020s
Croatia,HRV,2022,18465.5414420364,10.7805806758686,6.811,High Income,2020s
Haiti,HTI,2022,1760.62635668777,33.98393194707,14.54,Lower-Middle Income,2020s
Hungary,HUN,2022,18428.028825614,14.6081439492433,3.583,High Income,2020s
Indonesia,IDN,2022,4730.83484836107,4.20946463714784,3.462,Upper-Middle Income,2020s
India,IND,2022,2347.44829434623,6.69903414079852,4.822,Lower-Middle Income,2020s
Ireland,IRL,2022,105190.685952731,7.82945736434105,4.465,High Income,2020s
Iran,IRN,2022,4721.20437099984,43.4884641742179,9.085,Upper-Middle Income,2020s
Iraq,IRQ,2022,6520.73154560584,4.99476596381044,15.41,Upper-Middle Income,2020s
Iceland,ISL,2022,76350.4550416502,8.3087551155892,3.789,High Income,2020s
Israel,ISR,2022,54949.621556429,4.41162725488371,3.695,High Income,2020s
Italy,ITA,2022,35653.9042103495,8.20128991161718,8.069,High Income,2020s
Jamaica,JAM,2022,6626.47502388538,10.3495688391272,4.083,Upper-Middle Income,2020s
Jordan,JOR,2022,4332.25159897931,4.22915568897117,18.2,Upper-Middle Income,2020s
Japan,JPN,2022,34065.6438962526,2.49770278172255,2.614,High Income,2020s
Kazakhstan,KAZ,2022,11255.3396437881,15.0278644440851,4.86,Upper-Middle Income,2020s
Kenya,KEN,2022,2109.56288513137,7.65986268272224,5.565,Lower-Middle Income,2020s
Kyrgyzstan,KGZ,2022,1739.72018344174,13.9229093174176,4.767,Lower-Middle Income,2020s
Cambodia,KHM,2022,2325.03050040841,5.34370264895437,0.245,Lower-Middle Income,2020s
South Korea,KOR,2022,34822.4048404971,5.08951365062842,2.857,High Income,2020s
Kuwait,KWT,2022,39981.7691035833,3.98064961990313,2.133,High Income,2020s
Laos,LAO,2022,2046.40440255621,22.9562225132056,1.209,Lower-Middle Income,2020s
Lebanon,LBN,2022,3654.35845534878,171.205491336641,11.105,Lower-Middle Income,2020s
Liberia,LBR,2022,744.617175237387,7.59298486560313,2.956,Low Income,2020s
Libya,LBY,2022,5986.63694851258,4.51030149235703,19.238,Upper-Middle Income,2020s
St. Lucia,LCA,2022,13103.8243147472,6.37814695133351,15.934,Upper-Middle Income,2020s
Sri Lanka,LKA,2022,3342.63650253855,49.7211021114327,4.528,Lower-Middle Income,2020s
Lesotho,LSO,2022,1030.12582947757,8.27180389943028,16.623,Low Income,2020s
Lithuania,LTU,2022,25085.784063499,19.7050461518394,5.955,High Income,2020s
Luxembourg,LUX,2022,123719.658915996,6.33600807777919,4.588,High Income,2020s
Latvia,LVA,2022,20221.103686109,17.3102830198815,6.815,High Income,2020s
"Macao SAR, China",MAC,2022,36806.891255461,1.04502802369954,2.446,High Income,2020s
Morocco,MAR,2022,3463.1376953125,6.65704202759067,9.413,Lower-Middle Income,2020s
Moldova,MDA,2022,5744.29618434435,28.7372976766235,0.909,Upper-Middle Income,2020s
Madagascar,MDG,2022,503.51453347296,8.16059031991844,3.186,Low Income,2020s
Maldives,MDV,2022,11786.0191492983,2.33314337624567,4.303,Upper-Middle Income,2020s
Mexico,MEX,2022,11405.7940473759,7.8962761916855,3.256,Upper-Middle Income,2020s
North Macedonia,MKD,2022,7606.2375253797,14.2047173195833,14.476,Upper-Middle Income,2020s
Mali,MLI,2022,976.914116406452,9.62147608489064,2.387,Low Income,2020s
Malta,MLT,2022,35638.8869457406,6.15375621933037,3.471,High Income,2020s
Montenegro,MNE,2022,10024.5435616209,13.0403036347004,14.851,Upper-Middle Income,2020s
Mongolia,MNG,2022,4993.51487463495,15.1509728200805,5.954,Upper-Middle Income,2020s
Mozambique,MOZ,2022,578.251663751351,10.2794018093421,6.789,Low Income,2020s
Mauritania,MRT,2022,1960.35240077424,9.52526628622843,10.52,Lower-Middle Income,2020s
Mauritius,MUS,2022,10246.5017455553,10.7737512242899,6.322,Upper-Middle Income,2020s
Malawi,MWI,2022,604.269740360317,20.953969729969,5.02,Low Income,2020s
Malaysia,MYS,2022,11754.5678336248,3.37869862549928,3.93,Upper-Middle Income,2020s
Namibia,NAM,2022,4349.79908493314,6.08128114112413,19.615,Upper-Middle Income,2020s
Niger,NER,2022,609.745147574878,4.22621791916392,0.403,Low Income,2020s
Nigeria,NGA,2022,2899.16047470324,18.8471877843274,3.827,Lower-Middle Income,2020s
Nicaragua,NIC,2022,2322.89053964583,10.4674244465991,4.969,Lower-Middle Income,2020s
Netherlands,NLD,2022,59123.318556487,10.0012078753473,3.526,High Income,2020s
Norway,NOR,2022,109269.520580298,5.76412317852272,3.231,High Income,2020s
Nepal,NPL,2022,1385.91066274851,7.6702057938028,10.661,Lower-Middle Income,2020s
New Zealand,NZL,2022,49099.7090423358,7.17222476016441,3.299,High Income,2020s
Oman,OMN,2022,23223.5829405935,2.5061425061425,3.3,High Income,2020s
Pakistan,PAK,2022,1538.3228133171,19.8738599646655,5.291,Lower-Middle Income,2020s
Panama,PAN,2022,17378.6070017557,2.85965128834711,8.086,High Income,2020s
Peru,PER,2022,7350.63034300417,8.33370630096231,4.291,Upper-Middle Income,2020s
Philippines,PHL,2022,3548.06930572116,5.82115811213955,2.598,Lower-Middle Income,2020s
Papua New Guinea,PNG,2022,3102.28968594061,5.25323922215241,2.689,Lower-Middle Income,2020s
Poland,POL,2022,18891.2121169279,14.4294507575758,2.811,High Income,2020s
Portugal,PRT,2022,24620.5197587181,7.83269124233323,6.138,High Income,2020s
Paraguay,PRY,2022,6205.62595379319,9.76556667164402,6.755,Upper-Middle Income,2020s
West Bank and Gaza,PSE,2022,3799.95527015163,3.74122391852077,24.42,Lower-Middle Income,2020s
Qatar,QAT,2022,88701.4689763536,4.99527553740761,0.13,High Income,2020s
Romania,ROU,2022,15503.551804598,13.7954887432521,5.614,High Income,2020s
Russia,RUS,2022,15619.6142578125,13.7436797398232,3.867,High Income,2020s
Rwanda,RWA,2022,975.469323735369,17.6892095588153,15.084,Low Income,2020s
Saudi Arabia,SAU,2022,38510.2276211037,2.47407371925372,5.589,High Income,2020s
Sudan,SDN,2022,1046.24084472656,138.80846024176,7.53,Low Income,2020s
Senegal,SEN,2022,1574.0281059306,9.69681899081073,2.837,Lower-Middle Income,2020s
Singapore,SGP,2022,90299.0694637269,6.13095418919732,3.591,High Income,2020s
Solomon Islands,SLB,2022,1877.78104490956,5.51812928576938,1.475,Lower-Middle Income,2020s
Sierra Leone,SLE,2022,860.371067916096,27.2082883814653,3.137,Low Income,2020s
El Salvador,SLV,2022,5074.60210221806,7.19861615609867,2.999,Upper-Middle Income,2020s
Serbia,SRB,2022,10024.8191112596,11.9815117344703,8.439,Upper-Middle Income,2020s
Sao Tome and Principe,STP,2022,2389.73729784737,18.0056351122841,8.964,Lower-Middle Income,2020s
Suriname,SUR,2022,6084.43876736445,52.446027276241,7.973,Upper-Middle Income,2020s
Slovak Republic,SVK,2022,21317.7943982363,12.7741463637611,6.143,High Income,2020s
Slovenia,SVN,2022,28360.3041467268,8.83369886749452,4.011,High Income,2020s
Sweden,SWE,2022,54836.8907235124,8.36929098869189,7.417,High Income,2020s
Chad,TCD,2022,966.036468278568,5.78802687843616,1.081,Low Income,2020s
Togo,TGO,2022,951.232378690387,7.96757361617945,1.965,Low Income,2020s
Thailand,THA,2022,6909.35281815827,-1.61068030486688,0.94,Upper-Middle Income,2020s
Timor-Leste,TLS,2022,2343.24954740187,7.00530945399787,1.537,Lower-Middle Income,2020s
Tonga,TON,2022,5298.01941509951,10.9713652903022,2.002,Upper-Middle Income,2020s
Trinidad and Tobago,TTO,2022,20750.5202434652,5.82838638517959,4.383,High Income,2020s
Tunisia,TUN,2022,3707.29283414381,8.30646124447623,15.3,Lower-Middle Income,2020s
Turkiye,TUR,2022,10897.8397861365,72.3088359891207,10.465,Upper-Middle Income,2020s
Tanzania,TZA,2022,1207.52062988281,4.35027204269101,1.573,Lower-Middle Income,2020s
Uganda,UGA,2022,963.067314117178,7.1957888597581,2.885,Low Income,2020s
Uruguay,URY,2022,20818.6146091144,9.10437983075437,7.877,High Income,2020s
United States,USA,2022,76657.2488844403,8.00279982052121,3.65,High Income,2020s
Uzbekistan,UZB,2022,2578.66689394219,11.4466436998836,4.456,Lower-Middle Income,2020s
St. Vincent and the Grenadines,VCT,2022,9693.55867833025,5.66009779226552,19.277,Upper-Middle Income,2020s
Viet Nam,VNM,2022,4147.69777213621,3.15650749963129,1.57,Lower-Middle Income,2020s
Vanuatu,VUT,2022,3370.21191956953,6.67930581887121,5.077,Lower-Middle Income,2020s
Samoa,WSM,2022,4132.44717734444,10.9618822286844,5.048,Lower-Middle Income,2020s
South Africa,ZAF,2022,6534.24867783397,7.03987272546482,33.268,Upper-Middle Income,2020s
Zambia,ZMB,2022,1447.12310138035,10.9932039209136,5.993,Lower-Middle Income,2020s
Zimbabwe,ZWE,2022,2536.40050223076,104.705170628667,10.087,Lower-Middle Income,2020s
Afghanistan,AFG,2023,413.757894705303,-4.64470870797774,14.008,Low Income,2020s
Angola,AGO,2023,2916.13663284275,13.6441017767714,14.051,Lower-Middle Income,2020s
Albania,ALB,2023,9730.86921906893,4.75834555150038,10.669,Upper-Middle Income,2020s
United Arab Emirates,ARE,2023,49850.6872175164,1.62670837213248,2.151,High Income,2020s
Argentina,ARG,2023,14261.8465667948,133.488935594175,6.139,High Income,2020s
Armenia,ARM,2023,8159.08720967996,1.98041877615553,12.405,Upper-Middle Income,2020s
Australia,AUS,2023,65058.3773146674,5.59701792296707,3.668,High Income,2020s
Austria,AUT,2023,56579.504175468,7.81413417002831,5.264,High Income,2020s
Azerbaijan,AZE,2023,7133.02838048328,8.7854304984908,5.64,Upper-Middle Income,2020s
Burundi,BDI,2023,250.627253097255,26.9414835762453,0.911,Low Income,2020s
Belgium,BEL,2023,55291.4754541329,4.04901077613941,5.547,High Income,2020s
Benin,BEN,2023,1394.17784721831,2.73870078406074,1.641,Lower-Middle Income,2020s
Burkina Faso,BFA,2023,873.482589651003,0.742910428668917,3.601,Low Income,2020s
Bangladesh,BGD,2023,2551.01773827307,9.8835030377921,3.352,Lower-Middle Income,2020s
Bulgaria,BGR,2023,15853.208636704,9.44284140088564,4.319,High Income,2020s
Bahrain,BHR,2023,29290.1284215098,0.0746206782192255,1.049,High Income,2020s
The Bahamas,BHS,2023,38231.774484278,3.05291578969742,8.645,High Income,2020s
Bosnia and Herzegovina,BIH,2023,8663.02326458629,6.1059011284828,10.668,Upper-Middle Income,2020s
Belarus,BLR,2023,7896.75388295584,5.00059903091312,3.461,Upper-Middle Income,2020s
Belize,BLZ,2023,7424.75821321022,4.38984017487674,8.278,Upper-Middle Income,2020s
Bolivia,BOL,2023,4274.70820547613,2.57688800489192,3.024,Upper-Middle Income,2020s
Brazil,BRA,2023,10377.5897719195,4.59356282283203,7.947,Upper-Middle Income,2020s
Barbados,BRB,2023,25583.878782727,3.18718905472631,6.54,High Income,2020s
Brunei Darussalam,BRN,2023,32890.5491812019,0.35706431153689,5.296,High Income,2020s
Bhutan,BTN,2023,3831.32535494609,4.22934419929251,3.126,Lower-Middle Income,2020s
Botswana,BWA,2023,7826.35376483298,5.06761549343829,23.381,Upper-Middle Income,2020s
Central African Republic,CAF,2023,495.978897288721,2.97913852618936,6.181,Low Income,2020s
Canada,CAN,2023,54220.3285039875,3.87900159788425,5.415,High Income,2020s
Switzerland,CHE,2023,100623.549627296,2.13540088016386,4.043,High Income,2020s
Chile,CHL,2023,17067.0364799154,7.58168251407962,9.013,High Income,2020s
China,CHN,2023,12951.1782397043,0.23483682889305,4.67,Upper-Middle Income,2020s
Cote d'Ivoire,CIV,2023,2591.9659048119,4.36972254867474,2.263,Lower-Middle Income,2020s
Cameroon,CMR,2023,1720.47510154506,7.38281384280983,3.607,Lower-Middle Income,2020s
"Congo, Rep.",COG,2023,2477.97845544866,4.30174563591016,19.919,Lower-Middle Income,2020s
Colombia,COL,2023,7000.83660501046,11.7359044948689,9.591,Upper-Middle Income,2020s
Comoros,COM,2023,1560.27378476855,8.37373955490995,3.833,Lower-Middle Income,2020s
Cabo Verde,CPV,2023,4794.90121917259,3.72437535861454,11.882,Upper-Middle Income,2020s
Costa Rica,CRI,2023,16942.0268119375,0.525193508693455,8.325,High Income,2020s
Cyprus,CYP,2023,36623.69140625,3.54134188751663,5.835,High Income,2020s
Czechia,CZE,2023,31761.5944102491,10.6612601372427,2.579,High Income,2020s
Germany,DEU,2023,54776.7668235491,5.94643667725823,3.071,High Income,2020s
Djibouti,DJI,2023,3381.29779710722,1.44905087029085,26.074,Lower-Middle Income,2020s
Denmark,DNK,2023,68043.5466971243,3.30517811237605,5.094,High Income,2020s
Dominican Republic,DOM,2023,10630.431743829,4.78561281021135,5.555,Upper-Middle Income,2020s
Algeria,DZA,2023,5370.477235078,9.32217375928322,11.645,Upper-Middle Income,2020s
Ecuador,ECU,2023,6737.84748379638,2.21568764237058,3.51,Upper-Middle Income,2020s
Egypt,EGY,2023,3456.78968456253,33.8847763115546,6.753,Lower-Middle Income,2020s
Spain,ESP,2023,33493.2225409111,3.53236133492432,12.179,High Income,2020s
Estonia,EST,2023,30264.0064885057,9.15922507983982,6.378,High Income,2020s
Ethiopia,ETH,2023,1055.81091592527,30.2188278135278,3.375,Low Income,2020s
Finland,FIN,2023,52834.2916752703,6.25064322154762,7.149,High Income,2020s
Fiji,FJI,2023,5926.20586394763,2.97544080604538,5.316,Upper-Middle Income,2020s
France,FRA,2023,44700.1384177544,4.8783572650844,7.335,High Income,2020s
Gabon,GAB,2023,7802.82433276138,3.62901534185376,20.161,Upper-Middle Income,2020s
United Kingdom,GBR,2023,49944.4702124201,6.79396706793963,4.025,High Income,2020s
Georgia,GEO,2023,8283.66960652261,2.48776056578715,11.549,Upper-Middle Income,2020s
Ghana,GHA,2023,2383.90410483418,38.1069656296501,2.829,Lower-Middle Income,2020s
Guinea,GIN,2023,1555.49375806861,7.80497591927973,5.141,Lower-Middle Income,2020s
"Gambia, The",GMB,2023,883.024111719809,16.9742129632327,6.479,Low Income,2020s
Guinea-Bissau,GNB,2023,988.087886357022,7.10220928557059,2.632,Low Income,2020s
Equatorial Guinea,GNQ,2023,6677.793435386,2.85949506037322,8.218,Upper-Middle Income,2020s
Greece,GRC,2023,23343.7103964562,3.46480128513405,11.023,High Income,2020s
Guatemala,GTM,2023,5758.32760847852,6.20657592272126,2.344,Upper-Middle Income,2020s
Guyana,GUY,2023,20473.7002190617,2.82110335099641,11.917,High Income,2020s
"Hong Kong SAR, China",HKG,2023,50562.3633144379,2.09660511249089,2.949,High Income,2020s
Honduras,HND,2023,3227.45762509776,6.66325180347457,6.07,Lower-Middle Income,2020s
Croatia,HRV,2023,22184.2279304842,7.9412817758683,6.121,High Income,2020s
Haiti,HTI,2023,1705.75808460999,36.8135162780854,14.459,Lower-Middle Income,2020s
Hungary,HUN,2023,22230.6277875187,17.1249659678737,4.096,High Income,2020s
Indonesia,IDN,2023,4876.30774512252,3.66938654859761,3.308,Upper-Middle Income,2020s
India,IND,2023,2530.12031278204,5.64914318907925,4.172,Lower-Middle Income,2020s
Ireland,IRL,2023,106818.917130804,6.29942487419125,4.243,High Income,2020s
Iran,IRN,2023,5049.29931642754,44.5791857572797,8.129,Upper-Middle Income,2020s
Iraq,IRQ,2023,5965.31835077761,4.35835351089586,15.239,Upper-Middle Income,2020s
Iceland,ISL,2023,82138.7892973557,8.73630299937298,3.518,High Income,2020s
Israel,ISR,2023,52003.7200729997,4.22522603168918,3.371,High Income,2020s
Italy,ITA,2023,39277.0838783918,5.62219442195901,7.627,High Income,2020s
Jamaica,JAM,2023,7542.40084275345,6.47413734662063,3.022,Upper-Middle Income,2020s
Jordan,JOR,2023,4466.08314208575,2.08486986327134,16.62,Upper-Middle Income,2020s
Japan,JPN,2023,33836.1756271617,3.26813365933163,2.6,High Income,2020s
Kazakhstan,KAZ,2023,12879.4275257974,14.5275597825952,4.835,Upper-Middle Income,2020s
Kenya,KEN,2023,1942.58802756191,7.67139634029402,5.409,Lower-Middle Income,2020s
Kyrgyzstan,KGZ,2023,2138.22210211478,10.7532770416742,3.498,Lower-Middle Income,2020s
Cambodia,KHM,2023,2429.74853452838,2.12746796594194,0.256,Lower-Middle Income,2020s
South Korea,KOR,2023,35674.095995632,3.5974562502901,2.675,High Income,2020s
Kuwait,KWT,2023,34075.849012909,3.64216403030709,2.08,High Income,2020s
Laos,LAO,2023,2066.94979776957,31.2301341732646,1.186,Lower-Middle Income,2020s
Lebanon,LBN,2023,3477.72489842684,221.341644023365,10.985,Lower-Middle Income,2020s
Liberia,LBR,2023,799.194470229642,10.0944535665552,2.905,Low Income,2020s
Libya,LBY,2023,6026.51518708812,2.37317531435169,18.713,Upper-Middle Income,2020s
St. Lucia,LCA,2023,13554.7684784933,4.07060821926204,12.094,High Income,2020s
Sri Lanka,LKA,2023,3798.89016573011,16.5411742279832,4.528,Lower-Middle Income,2020s
Lesotho,LSO,2023,916.282976983803,6.34221743124953,16.348,Low Income,2020s
Lithuania,LTU,2023,27786.0057829276,9.11731962390475,6.841,High Income,2020s
Luxembourg,LUX,2023,133230.619178899,3.74140361983136,5.184,High Income,2020s
Latvia,LVA,2023,22710.2637544197,8.9380462331663,6.465,High Income,2020s
"Macao SAR, China",MAC,2023,67216.3631112124,0.476384495788075,2.206,High Income,2020s
Morocco,MAR,2023,3813.72607421875,6.09114152504141,8.896,Lower-Middle Income,2020s
Moldova,MDA,2023,6799.58594644576,13.4170104381299,1.57,Upper-Middle Income,2020s
Madagascar,MDG,2023,508.718427705591,9.87432675044888,3.044,Low Income,2020s
Maldives,MDV,2023,12587.6126038651,2.92746542425035,4.019,Upper-Middle Income,2020s
Mexico,MEX,2023,13860.9597809326,5.52796087314389,2.765,High Income,2020s
North Macedonia,MKD,2023,8674.35846327485,9.36187249769015,13.174,Upper-Middle Income,2020s
Mali,MLI,2023,1043.9533853528,2.05880228274223,2.947,Low Income,2020s
Malta,MLT,2023,40905.8059585057,5.09396758978883,3.479,High Income,2020s
Montenegro,MNE,2023,12259.8775034436,8.58476910455403,13.146,Upper-Middle Income,2020s
Mongolia,MNG,2023,5838.63108083902,10.347583131434,5.178,Upper-Middle Income,2020s
Mozambique,MOZ,2023,622.000297682823,7.12697482131851,6.661,Low Income,2020s
Mauritania,MRT,2023,2135.78187606359,4.95305034506872,10.37,Lower-Middle Income,2020s
Mauritius,MUS,2023,11269.9684462139,7.05298238454736,5.571,Upper-Middle Income,2020s
Malawi,MWI,2023,633.214767978695,28.7897428247298,5.009,Low Income,2020s
Malaysia,MYS,2023,11386.0395636528,2.48886560125754,3.858,Upper-Middle Income,2020s
Namibia,NAM,2023,4187.60500396525,5.87993463284275,19.154,Lower-Middle Income,2020s
Niger,NER,2023,638.336080897887,3.70097316425834,0.407,Low Income,2020s
Nigeria,NGA,2023,2138.76383719983,24.659550203114,3.074,Lower-Middle Income,2020s
Nicaragua,NIC,2023,2609.44492072931,8.38765854872536,4.698,Lower-Middle Income,2020s
Netherlands,NLD,2023,63515.6030780019,3.83839354342808,3.535,High Income,2020s
Norway,NOR,2023,87497.2179649556,5.51784987104659,3.574,High Income,2020s
Nepal,NPL,2023,1382.33055769304,7.11587261530826,10.437,Lower-Middle Income,2020s
New Zealand,NZL,2023,49075.9562832927,5.73316283034957,3.734,High Income,2020s
Oman,OMN,2023,21027.7384778886,0.950782997762827,3.176,High Income,2020s
Pakistan,PAK,2023,1360.32417758419,30.7681280657005,5.237,Lower-Middle Income,2020s
Panama,PAN,2023,18797.1933994045,1.48641355277038,6.544,High Income,2020s
Peru,PER,2023,7887.54185920108,6.45561348369586,4.899,Upper-Middle Income,2020s
Philippines,PHL,2023,3804.08274131097,5.97802515541409,2.2,Lower-Middle Income,2020s
Papua New Guinea,PNG,2023,2966.06830432055,2.29869991296791,2.649,Lower-Middle Income,2020s
Poland,POL,2023,22145.2660647429,11.5289127961105,2.743,High Income,2020s
Portugal,PRT,2023,27634.6183139773,4.31128191898672,6.498,High Income,2020s
Paraguay,PRY,2023,6299.99026533713,4.63202285403356,5.794,Upper-Middle Income,2020s
Qatar,QAT,2023,81816.9797967481,3.02764899198902,0.13,High Income,2020s
Romania,ROU,2023,18244.4186876321,10.3971874764996,5.589,High Income,2020s
Russia,RUS,2023,14159.3876953125,5.86571931748967,3.076,High Income,2020s
Rwanda,RWA,2023,1027.03446826565,19.789546746467,12.352,Low Income,2020s
Saudi Arabia,SAU,2023,36156.848337701,2.32708518362706,4.008,High Income,2020s
Senegal,SEN,2023,1698.03387300843,5.93947798773215,2.784,Lower-Middle Income,2020s
Singapore,SGP,2023,85412.230345235,4.83372362825798,3.444,High Income,2020s
Solomon Islands,SLB,2023,1882.64394148042,5.88585897042164,1.443,Lower-Middle Income,2020s
Sierra Leone,SLE,2023,758.329137378248,47.6428733253179,3.092,Low Income,2020s
El Salvador,SLV,2023,5365.44491399171,4.04554694222477,2.992,Upper-Middle Income,2020s
Serbia,SRB,2023,12281.707946167,12.3719043552519,8.268,Upper-Middle Income,2020s
Sao Tome and Principe,STP,2023,2990.6606143535,21.2589138473,9.032,Lower-Middle Income,2020s
Suriname,SUR,2023,5521.97602122638,51.5873159600861,7.699,Upper-Middle Income,2020s
Slovak Republic,SVK,2023,24614.8734642794,10.5319476645211,5.843,High Income,2020s
Slovenia,SVN,2023,32660.4753581346,7.44687717385838,3.652,High Income,2020s
Sweden,SWE,2023,54950.2834725622,8.5486248974891,7.611,High Income,2020s
Chad,TCD,2023,949.333453674592,10.8363568399843,1.059,Low Income,2020s
Togo,TGO,2023,1055.01727877926,5.48928568141131,1.942,Low Income,2020s
Thailand,THA,2023,7195.10130919449,8.47805174421543,0.733,Upper-Middle Income,2020s
Timor-Leste,TLS,2023,1502.41147438211,8.42035103310377,1.525,Lower-Middle Income,2020s
Tonga,TON,2023,5651.59373063157,6.35112980255189,1.652,Upper-Middle Income,2020s
Trinidad and Tobago,TTO,2023,18308.4536298575,4.62930242419968,3.361,High Income,2020s
Tunisia,TUN,2023,3951.11683376921,9.32899597507865,15.106,Lower-Middle Income,2020s
Turkiye,TUR,2023,13375.0947282864,53.8594087593315,9.388,High Income,2020s
Tanzania,TZA,2023,1224.00219726563,3.79923291384916,1.565,Lower-Middle Income,2020s
Uganda,UGA,2023,1002.30913917142,5.35094804280395,2.754,Low Income,2020s
Uruguay,URY,2023,23019.4221560046,5.86910359896119,8.355,High Income,2020s
United States,USA,2023,81032.262117545,4.11633838374488,3.638,High Income,2020s
Uzbekistan,UZB,2023,2878.96879292451,9.95659071258018,4.434,Lower-Middle Income,2020s
St. Vincent and the Grenadines,VCT,2023,10582.3656725229,4.56457719814894,18.348,Upper-Middle Income,2020s
Viet Nam,VNM,2023,4323.35031982451,3.25289282667662,1.645,Upper-Middle Income,2020s
Vanuatu,VUT,2023,3482.61458237637,11.1825017088175,5.011,Lower-Middle Income,2020s
Samoa,WSM,2023,4822.74084650019,7.92164684826777,4.92,Upper-Middle Income,2020s
South Africa,ZAF,2023,6034.27208964673,6.0752438457966,32.098,Upper-Middle Income,2020s
Zambia,ZMB,2023,1330.72780576709,10.884531691282,5.861,Lower-Middle Income,2020s
Angola,AGO,2024,2665.87444776753,28.2404948915772,14.02,Lower-Middle Income,2020s
Albania,ALB,2024,11377.7757431099,2.21587375089991,10.689,Upper-Middle Income,2020s
United Arab Emirates,ARE,2024,50273.5060469837,1.66336510224894,2.16,High Income,2020s
Argentina,ARG,2024,13969.7836603737,219.883929014578,7.15,High Income,2020s
Armenia,ARM,2024,8556.21406956719,0.269511978259125,12.405,Upper-Middle Income,2020s
Australia,AUS,2024,64603.9856308464,3.16656665428797,3.942,High Income,2020s
Austria,AUT,2024,58268.8787651601,2.93791574279375,5.2,High Income,2020s
Azerbaijan,AZE,2024,7283.8499076179,2.21217188919901,5.648,Upper-Middle Income,2020s
Burundi,BDI,2024,219.424830882698,20.2124925027847,0.915,Low Income,2020s
Belgium,BEL,2024,56614.5679499036,3.14349136500041,5.7,High Income,2020s
Benin,BEN,2024,1485.38018885134,1.16093089640415,1.637,Lower-Middle Income,2020s
Burkina Faso,BFA,2024,981.992649769081,4.19081721344523,3.441,Low Income,2020s
Bangladesh,BGD,2024,2593.41611680774,10.4657482763412,3.635,Lower-Middle Income,2020s
Bulgaria,BGR,2024,17596.0173663521,2.44651943006078,4.2,High Income,2020s
Bahrain,BHR,2024,29653.5682731534,0.919635459817651,1.084,High Income,2020s
The Bahamas,BHS,2024,39455.4466548546,0.409162489083286,9.049,High Income,2020s
Bosnia and Herzegovina,BIH,2024,9358.78768951134,1.69212733599723,10.69,Upper-Middle Income,2020s
Belarus,BLR,2024,8317.63399913792,5.78531910427998,3.458,Upper-Middle Income,2020s
Belize,BLZ,2024,7681.24400583113,3.28955985952768,8.698,Upper-Middle Income,2020s
Bolivia,BOL,2024,4421.16609889999,5.09976568317427,3.274,Upper-Middle Income,2020s
Brazil,BRA,2024,10310.5488778166,4.36746407652336,6.801,Upper-Middle Income,2020s
Barbados,BRB,2024,26544.8707282621,1.44643664306159,6.448,High Income,2020s
Brunei Darussalam,BRN,2024,33153.4738913513,-0.38867416503646,5.18,High Income,2020s
Botswana,BWA,2024,7695.75319445165,2.81835131676251,23.81,Upper-Middle Income,2020s
Central African Republic,CAF,2024,516.160999996036,1.47733600718743,6.253,Low Income,2020s
Canada,CAN,2024,54340.3477224733,2.38158383281173,6.351,High Income,2020s
Switzerland,CHE,2024,103998.186685604,1.06234041976594,4.343,High Income,2020s
Chile,CHL,2024,16709.8893972307,4.29763891572524,8.718,High Income,2020s
China,CHN,2024,13303.1481543868,0.218128938439177,4.59,High Income,2020s
Cote d'Ivoire,CIV,2024,2727.8935220697,3.45053028131018,2.273,Lower-Middle Income,2020s
Cameroon,CMR,2024,1830.00833684727,4.53331349711606,3.603,Lower-Middle Income,2020s
"Congo, Rep.",COG,2024,2482.2489948456,3.09143630919166,19.895,Lower-Middle Income,2020s
Colombia,COL,2024,7919.20886825345,6.60908593728228,9.619,Upper-Middle Income,2020s
Comoros,COM,2024,1662.75663312504,5.05192609588218,3.815,Lower-Middle Income,2020s
Cabo Verde,CPV,2024,5192.48157325878,1.0481698336865,11.883,Upper-Middle Income,2020s
Costa Rica,CRI,2024,18587.1532203482,-0.412853001047069,6.936,High Income,2020s
Cyprus,CYP,2024,38674.29296875,1.80023018624815,4.9,High Income,2020s
Czechia,CZE,2024,31823.3078290564,2.43531202435314,2.6,High Income,2020s
Germany,DEU,2024,56103.7323182554,2.2564981433876,3.4,High Income,2020s
Djibouti,DJI,2024,3552.72335079222,2.1120116728497,26.007,Lower-Middle Income,2020s
Denmark,DNK,2024,71026.4832271897,1.37220049768925,5.358,High Income,2020s
Dominican Republic,DOM,2024,10875.6618443092,3.30223338951227,5.312,Upper-Middle Income,2020s
Algeria,DZA,2024,5752.99076651465,4.04611455313434,11.655,Upper-Middle Income,2020s
Ecuador,ECU,2024,6874.705739766,1.54732515615369,3.453,Upper-Middle Income,2020s
Egypt,EGY,2024,3338.47371395895,28.2705899322082,6.817,Lower-Middle Income,2020s
Spain,ESP,2024,35326.7683069278,2.77417826534772,11.4,High Income,2020s
Estonia,EST,2024,31428.3547816104,3.5194118998392,7.6,High Income,2020s
Ethiopia,ETH,2024,1133.88279681719,21.037746057771,3.357,Lower-Middle Income,2020s
Finland,FIN,2024,53149.7671934051,1.56568906231615,8.4,High Income,2020s
Fiji,FJI,2024,6425.74151715712,3.89084237884105,5.361,Upper-Middle Income,2020s
France,FRA,2024,46103.0840855884,1.99904942291462,7.4,High Income,2020s
Gabon,GAB,2024,8230.04311451151,1.17311998381218,20.091,Upper-Middle Income,2020s
United Kingdom,GBR,2024,53246.3676145108,3.2715729463592,4.361,High Income,2020s
Georgia,GEO,2024,9241.49122313713,1.10971758022096,11.557,Upper-Middle Income,2020s
Ghana,GHA,2024,2390.77237652715,22.8483281157842,2.82,Lower-Middle Income,2020s
Guinea,GIN,2024,1694.95375862193,8.12313914948596,5.132,Lower-Middle Income,2020s
"Gambia, The",GMB,2024,871.340291776294,11.5610532897511,6.48,Low Income,2020s
Guinea-Bissau,GNB,2024,1007.74151728028,3.76555825770114,2.647,Low Income,2020s
Equatorial Guinea,GNQ,2024,6745.40013244916,2.92140227309103,8.293,Upper-Middle Income,2020s
Greece,GRC,2024,24626.1481858973,2.74101875679477,10.02,High Income,2020s
Guatemala,GTM,2024,6150.02571438505,2.86992752918294,2.613,Upper-Middle Income,2020s
Guyana,GUY,2024,29675.2443873316,2.90395226446373,11.874,High Income,2020s
"Hong Kong SAR, China",HKG,2024,54074.6928519479,1.72972119105914,2.988,High Income,2020s
Honduras,HND,2024,3426.43483328923,4.60621098127107,4.91,Lower-Middle Income,2020s
Croatia,HRV,2024,24050.4397933135,2.97200477643618,5.0,High Income,2020s
Haiti,HTI,2024,2142.62330526788,26.9490564091987,14.609,Lower-Middle Income,2020s
Hungary,HUN,2024,23292.3263882478,3.70370370370369,4.5,High Income,2020s
Indonesia,IDN,2024,4925.43048751861,2.18151273615189,3.301,Upper-Middle Income,2020s
India,IND,2024,2694.73780859961,4.95303550973656,4.173,Lower-Middle Income,2020s
Ireland,IRL,2024,112894.953240805,2.11344999577317,4.3,High Income,2020s
Iran,IRN,2024,5190.16959024821,32.455871402917,8.146,Upper-Middle Income,2020s
Iraq,IRQ,2024,6073.61032342708,-12.2969837587007,15.293,Upper-Middle Income,2020s
Iceland,ISL,2024,86040.5309851288,5.85683849970066,3.6,High Income,2020s
Israel,ISR,2024,54176.6844383302,3.07480889805025,3.595,High Income,2020s
Italy,ITA,2024,40385.3413957669,0.982373023061417,6.5,High Income,2020s
Jamaica,JAM,2024,7753.8006955432,5.41194447981659,3.151,Upper-Middle Income,2020s
Jordan,JOR,2024,4618.09592498567,1.55659611283953,16.693,Upper-Middle Income,2020s
Japan,JPN,2024,32487.0778047567,2.73853681635241,2.5,High Income,2020s
Kazakhstan,KAZ,2024,14154.6324958076,8.69082156104494,4.833,High Income,2020s
Kenya,KEN,2024,2132.43452097647,4.48978854243448,5.487,Lower-Middle Income,2020s
Kyrgyzstan,KGZ,2024,2420.18542283831,4.99760701207323,3.491,Lower-Middle Income,2020s
Cambodia,KHM,2024,2627.87969756224,0.808042016536654,0.254,Lower-Middle Income,2020s
South Korea,KOR,2024,36238.639908315,2.32174328643542,2.784,High Income,2020s
Kuwait,KWT,2024,32717.7186631255,2.89855072463762,2.151,High Income,2020s
Laos,LAO,2024,2123.97909415109,23.1305695942588,1.174,Lower-Middle Income,2020s
Liberia,LBR,2024,851.497723870206,8.21497439118964,2.914,Low Income,2020s
Libya,LBY,2024,6569.16408678648,2.12615766885025,19.085,Upper-Middle Income,2020s
St. Lucia,LCA,2024,14181.6303351598,-0.110283575834694,10.199,High Income,2020s
Sri Lanka,LKA,2024,4515.56787322732,-0.42936004906973,4.239,Upper-Middle Income,2020s
Lesotho,LSO,2024,971.90771824829,6.10544624245032,16.34,Low Income,2020s
Lithuania,LTU,2024,29384.0189598663,0.715735835228723,6.851,High Income,2020s
Luxembourg,LUX,2024,137781.681659123,2.05113269954859,6.4,High Income,2020s
Latvia,LVA,2024,23409.0845154775,1.26579885828729,6.9,High Income,2020s
"Macao SAR, China",MAC,2024,72004.7437020733,0.672498598854365,2.262,High Income,2020s
Morocco,MAR,2024,4153.1943359375,0.985256592004507,9.103,Lower-Middle Income,2020s
Moldova,MDA,2024,7576.19589413326,4.67773516007052,1.427,Upper-Middle Income,2020s
Madagascar,MDG,2024,544.987501003384,7.61335784313723,3.051,Low Income,2020s
Maldives,MDV,2024,13379.3513577224,1.39979779674928,4.278,High Income,2020s
Mexico,MEX,2024,14185.7812248529,4.72225588452932,2.678,High Income,2020s
North Macedonia,MKD,2024,9291.85661671864,3.48974086026954,12.265,Upper-Middle Income,2020s
Mali,MLI,2024,1094.61949265799,3.2063986409966,2.924,Lower-Middle Income,2020s
Malta,MLT,2024,43898.5781808597,1.65079469283109,3.1,High Income,2020s
Montenegro,MNE,2024,13263.3281277699,3.33675009282281,13.206,High Income,2020s
Mongolia,MNG,2024,6750.6301157724,6.1977990165842,5.158,Upper-Middle Income,2020s
Mozambique,MOZ,2024,656.776824637306,4.07856834812022,6.668,Low Income,2020s
Mauritania,MRT,2024,2110.12036938187,2.49164347481972,10.257,Lower-Middle Income,2020s
Mauritius,MUS,2024,11990.7798944837,3.6045220384796,5.548,Upper-Middle Income,2020s
Malawi,MWI,2024,522.570393642547,32.1796504225025,5.051,Low Income,2020s
Malaysia,MYS,2024,11874.4273684245,1.834100204499,3.846,Upper-Middle Income,2020s
Namibia,NAM,2024,4413.12752211572,4.23903922877036,19.157,Upper-Middle Income,2020s
Niger,NER,2024,735.270255787226,9.07151997725013,0.376,Low Income,2020s
Nigeria,NGA,2024,1084.16041805436,33.2420966545406,3.045,Low Income,2020s
Nicaragua,NIC,2024,2847.53966339498,4.62473841057141,4.98,Lower-Middle Income,2020s
Netherlands,NLD,2024,67520.4218956281,3.34754304219953,3.7,High Income,2020s
Norway,NOR,2024,86785.4334489176,3.14530134431081,4.0,High Income,2020s
Nepal,NPL,2024,1447.31004458428,4.6850965426577,10.5,Lower-Middle Income,2020s
New Zealand,NZL,2024,49205.1792146792,2.92279782301957,4.724,High Income,2020s
Oman,OMN,2024,20285.2272897377,0.593589236248469,3.203,High Income,2020s
Pakistan,PAK,2024,1478.77277977996,12.6325318530452,5.492,Lower-Middle Income,2020s
Panama,PAN,2024,19161.2188501596,0.693225551004538,8.451,High Income,2020s
Peru,PER,2024,8452.37167056621,2.00770739412712,5.199,Upper-Middle Income,2020s
Philippines,PHL,2024,3984.8315387656,3.21260487006347,2.202,Lower-Middle Income,2020s
Papua New Guinea,PNG,2024,3006.70564478923,0.602403921107917,2.625,Lower-Middle Income,2020s
Poland,POL,2024,25103.565661423,3.79060897630197,2.807,High Income,2020s
Portugal,PRT,2024,29292.242104753,2.41613187791884,6.5,High Income,2020s
Paraguay,PRY,2024,6416.09708970845,3.83540271728533,5.686,Upper-Middle Income,2020s
Qatar,QAT,2024,76688.6941743178,1.26734310292375,0.13,High Income,2020s
Romania,ROU,2024,20080.2096215595,5.72140574354439,5.4,High Income,2020s
Russia,RUS,2024,14889.0185546875,8.43486410496723,2.43,High Income,2020s
Rwanda,RWA,2024,999.65456165547,1.77029240198635,11.331,Low Income,2020s
Saudi Arabia,SAU,2024,35121.6628687742,1.68792112375809,3.518,High Income,2020s
Senegal,SEN,2024,1773.21829923448,0.804503298792438,2.788,Lower-Middle Income,2020s
Singapore,SGP,2024,90674.066632628,2.38951123595017,2.737,High Income,2020s
Solomon Islands,SLB,2024,1933.55538435227,4.32183948388033,1.444,Lower-Middle Income,2020s
Sierra Leone,SLE,2024,806.654650417726,28.6337500014115,3.103,Low Income,2020s
El Salvador,SLV,2024,5579.65969165029,0.853782292567288,3.261,Upper-Middle Income,2020s
Serbia,SRB,2024,13679.2065983557,4.6705297488997,7.24,High Income,2020s
Sao Tome and Principe,STP,2024,3490.56883486557,14.3519273571008,9.057,Lower-Middle Income,2020s
Suriname,SUR,2024,6961.78955961526,16.2296159130279,7.621,Upper-Middle Income,2020s
Slovak Republic,SVK,2024,25992.6748502048,2.75760909424272,5.3,High Income,2020s
Slovenia,SVN,2024,34301.0318686594,1.96562656432512,3.7,High Income,2020s
Sweden,SWE,2024,57117.4877440616,2.83581658224034,8.4,High Income,2020s
Chad,TCD,2024,961.55975562506,8.89950732263754,1.053,Low Income,2020s
Togo,TGO,2024,1119.38160509429,2.86262074089801,1.948,Lower-Middle Income,2020s
Thailand,THA,2024,7346.62022142185,1.36580540798037,0.781,Upper-Middle Income,2020s
Timor-Leste,TLS,2024,1331.9705130185,2.06284153005468,1.523,Lower-Middle Income,2020s
Trinidad and Tobago,TTO,2024,18733.4110406494,0.526884625776839,3.318,High Income,2020s
Tunisia,TUN,2024,4181.13789301228,7.20661657168794,15.341,Lower-Middle Income,2020s
Turkiye,TUR,2024,15892.7157287241,58.5064507300342,8.8,High Income,2020s
Tanzania,TZA,2024,1186.71691894531,3.05694676312373,1.557,Lower-Middle Income,2020s
Uganda,UGA,2024,1077.91278452817,3.3233806708656,2.74,Low Income,2020s
Uruguay,URY,2024,23906.5133029408,4.84914366613156,8.209,High Income,2020s
United States,USA,2024,84534.0407841548,2.94952520485207,4.022,High Income,2020s
Uzbekistan,UZB,2024,3161.70010632875,9.62825465956682,4.439,Lower-Middle Income,2020s
St. Vincent and the Grenadines,VCT,2024,11501.2265187188,3.62770736940927,18.093,Upper-Middle Income,2020s
Viet Nam,VNM,2024,4717.29028732449,3.62109273885843,1.602,Upper-Middle Income,2020s
Samoa,WSM,2024,5392.87761915762,2.17245530514377,4.855,Upper-Middle Income,2020s
South Africa,ZAF,2024,6267.186814093,4.36115246518962,32.279,Upper-Middle Income,2020s
Zambia,ZMB,2024,1187.10943350064,14.9856262747939,5.898,Lower-Middle Income,2020s
